case_id,activity,timestamp,team,status,priority
C0001,Claim Received,2026-03-12 11:00:00.000000,Customer Service,Completed,Low
C0001,Initial Review,2026-03-12 13:32:21.351944,Customer Service,Completed,Low
C0001,Technical Assessment,2026-03-13 05:42:28.136943,Technical,Completed,Low
C0001,Quality Review,2026-03-13 22:36:41.955110,Quality,Completed,Low
C0001,Decision,2026-03-14 01:13:34.299038,Quality,Completed,Low
C0001,Customer Notification,2026-03-14 10:17:02.512639,Customer Service,Completed,Low
C0001,Case Closed,2026-03-14 12:40:37.405894,Customer Service,Completed,Low
C0002,Claim Received,2026-05-31 12:00:00.000000,Customer Service,Completed,Medium
C0002,Initial Review,2026-06-01 03:08:29.244661,Customer Service,Completed,Medium
C0002,Technical Assessment,2026-06-01 18:25:22.534953,Technical,Completed,Medium
C0002,Quality Review,2026-06-02 14:35:20.179580,Quality,Completed,Medium
C0002,Decision,2026-06-02 22:19:55.981940,Quality,Completed,Medium
C0002,Customer Notification,2026-06-02 23:36:37.637049,Customer Service,Completed,Medium
C0002,Case Closed,2026-06-03 04:50:52.535643,Customer Service,Completed,Medium
C0003,Claim Received,2026-05-18 09:00:00.000000,Customer Service,Completed,High
C0003,Initial Review,2026-05-18 13:41:32.867001,Customer Service,Completed,High
C0003,Request Additional Information,2026-05-19 15:11:28.439651,Customer Service,Completed,High
C0003,Initial Review,2026-05-19 18:27:55.124085,Customer Service,Completed,High
C0003,Technical Assessment,2026-05-20 04:07:53.962582,Technical,Completed,High
C0003,Quality Review,2026-05-20 14:36:41.343980,Quality,Completed,High
C0003,Decision,2026-05-20 17:36:01.967991,Quality,Completed,High
C0003,Customer Notification,2026-05-20 18:57:33.281249,Customer Service,Completed,High
C0003,Case Closed,2026-05-20 20:52:16.101134,Customer Service,Completed,High
C0004,Claim Received,2026-02-23 18:00:00.000000,Customer Service,Completed,Medium
C0004,Initial Review,2026-02-23 20:20:05.600797,Customer Service,Completed,Medium
C0004,Technical Assessment,2026-02-24 09:24:26.584213,Technical,Completed,Medium
C0004,Quality Review,2026-02-25 01:30:52.963417,Quality,Completed,Medium
C0004,Decision,2026-02-25 04:29:42.457282,Quality,Completed,Medium
C0004,Customer Notification,2026-02-25 08:27:49.309469,Customer Service,Completed,Medium
C0004,Case Closed,2026-02-25 12:14:54.404857,Customer Service,Completed,Medium
C0005,Claim Received,2026-02-28 08:00:00.000000,Customer Service,Completed,High
C0005,Initial Review,2026-02-28 12:01:12.659531,Customer Service,Completed,High
C0005,Technical Assessment,2026-02-28 15:57:41.384093,Technical,Completed,High
C0005,Quality Review,2026-03-01 12:27:04.869251,Quality,Completed,High
C0005,Technical Assessment,2026-03-01 18:01:57.971507,Technical,Completed,High
C0005,Quality Review,2026-03-02 20:37:07.271104,Quality,Completed,High
C0005,Decision,2026-03-02 22:54:16.092187,Quality,Completed,High
C0005,Customer Notification,2026-03-03 01:29:32.796992,Customer Service,Completed,High
C0005,Case Closed,2026-03-03 05:16:49.795880,Customer Service,Completed,High
C0006,Claim Received,2026-02-05 16:00:00.000000,Customer Service,Completed,Medium
C0006,Initial Review,2026-02-05 19:28:03.285028,Customer Service,Completed,Medium
C0006,Technical Assessment,2026-02-06 11:31:22.871675,Technical,Completed,Medium
C0006,Quality Review,2026-02-07 03:21:45.316624,Quality,Completed,Medium
C0006,Decision,2026-02-07 08:56:27.751688,Quality,Completed,Medium
C0006,Customer Notification,2026-02-07 11:43:43.346714,Customer Service,Completed,Medium
C0006,Case Closed,2026-02-07 13:59:08.800874,Customer Service,Completed,Medium
C0007,Claim Received,2026-01-30 18:00:00.000000,Customer Service,Completed,High
C0007,Initial Review,2026-01-30 22:20:20.953682,Customer Service,Completed,High
C0007,Technical Assessment,2026-01-31 10:08:50.854583,Technical,Completed,High
C0007,Quality Review,2026-02-01 01:22:57.583475,Quality,Completed,High
C0007,Technical Assessment,2026-02-01 04:37:08.434620,Technical,Completed,High
C0007,Quality Review,2026-02-02 04:02:12.762453,Quality,Completed,High
C0007,Decision,2026-02-02 09:17:39.469253,Quality,Completed,High
C0007,Customer Notification,2026-02-02 10:20:58.858762,Customer Service,Completed,High
C0007,Case Closed,2026-02-02 14:30:58.897376,Customer Service,Completed,High
C0008,Claim Received,2026-02-11 16:00:00.000000,Customer Service,Completed,Medium
C0008,Initial Review,2026-02-11 21:46:02.995458,Customer Service,Completed,Medium
C0008,Technical Assessment,2026-02-12 14:37:35.067576,Technical,Completed,Medium
C0008,Quality Review,2026-02-13 14:21:10.600750,Quality,Completed,Medium
C0008,Decision,2026-02-13 18:31:50.985321,Quality,Completed,Medium
C0008,Customer Notification,2026-02-13 21:57:04.153213,Customer Service,Completed,Medium
C0008,Case Closed,2026-02-14 00:09:19.841877,Customer Service,Completed,Medium
C0009,Claim Received,2026-01-18 16:00:00.000000,Customer Service,Completed,High
C0009,Initial Review,2026-01-18 19:51:48.015782,Customer Service,Completed,High
C0009,Technical Assessment,2026-01-19 04:23:11.401267,Technical,Completed,High
C0009,Quality Review,2026-01-19 19:04:32.115459,Quality,Completed,High
C0009,Decision,2026-01-19 22:42:23.939066,Quality,Completed,High
C0009,Customer Notification,2026-01-20 00:48:03.457273,Customer Service,Completed,High
C0009,Case Closed,2026-01-20 02:24:20.032586,Customer Service,Completed,High
C0010,Claim Received,2026-04-23 16:00:00.000000,Customer Service,Completed,Medium
C0010,Initial Review,2026-04-23 19:15:26.750545,Customer Service,Completed,Medium
C0010,Technical Assessment,2026-04-24 09:56:47.466070,Technical,Completed,Medium
C0010,Quality Review,2026-04-25 11:14:26.285607,Quality,Completed,Medium
C0010,Technical Assessment,2026-04-25 15:20:28.703892,Technical,Completed,Medium
C0010,Quality Review,2026-04-26 04:45:15.397350,Quality,Completed,Medium
C0010,Technical Assessment,2026-04-26 09:11:38.610436,Technical,Completed,Medium
C0010,Quality Review,2026-04-27 09:32:01.699187,Quality,Completed,Medium
C0010,Decision,2026-04-27 14:26:46.652369,Quality,Completed,Medium
C0010,Customer Notification,2026-04-27 17:36:58.860081,Customer Service,Completed,Medium
C0010,Case Closed,2026-04-27 21:29:50.669776,Customer Service,Completed,Medium
C0011,Claim Received,2026-01-25 09:00:00.000000,Customer Service,Completed,Medium
C0011,Initial Review,2026-01-25 13:17:41.689491,Customer Service,Completed,Medium
C0011,Technical Assessment,2026-01-25 23:03:01.244204,Technical,Completed,Medium
C0011,Quality Review,2026-01-26 12:21:01.634781,Quality,Completed,Medium
C0011,Decision,2026-01-26 18:13:39.117409,Quality,Completed,Medium
C0011,Customer Notification,2026-01-26 21:24:43.824164,Customer Service,Completed,Medium
C0011,Case Closed,2026-01-26 22:57:30.666744,Customer Service,Completed,Medium
C0012,Claim Received,2026-02-16 12:00:00.000000,Customer Service,Completed,Low
C0012,Initial Review,2026-02-16 15:58:32.766277,Customer Service,Completed,Low
C0012,Technical Assessment,2026-02-16 22:02:32.044326,Technical,Completed,Low
C0012,Quality Review,2026-02-18 13:05:38.691737,Quality,Completed,Low
C0012,Decision,2026-02-18 20:11:22.287389,Quality,Completed,Low
C0012,Customer Notification,2026-02-18 21:26:33.549209,Customer Service,Completed,Low
C0012,Case Closed,2026-02-19 03:09:50.564096,Customer Service,Completed,Low
C0013,Claim Received,2026-04-13 08:00:00.000000,Customer Service,Completed,Medium
C0013,Initial Review,2026-04-13 13:28:10.404556,Customer Service,Completed,Medium
C0013,Technical Assessment,2026-04-13 22:56:07.661138,Technical,Completed,Medium
C0013,Quality Review,2026-04-15 05:46:42.837565,Quality,Completed,Medium
C0013,Decision,2026-04-15 11:57:29.214043,Quality,Completed,Medium
C0013,Customer Notification,2026-04-15 15:18:29.518551,Customer Service,Completed,Medium
C0013,Case Closed,2026-04-15 18:44:29.603961,Customer Service,Completed,Medium
C0014,Claim Received,2026-05-19 08:00:00.000000,Customer Service,Completed,Low
C0014,Initial Review,2026-05-19 13:41:16.272104,Customer Service,Completed,Low
C0014,Technical Assessment,2026-05-20 04:18:07.333017,Technical,Completed,Low
C0014,Quality Review,2026-05-21 19:15:37.331425,Quality,Completed,Low
C0014,Decision,2026-05-22 04:34:40.720598,Quality,Completed,Low
C0014,Customer Notification,2026-05-22 06:26:49.012092,Customer Service,Completed,Low
C0014,Case Closed,2026-05-22 11:41:53.603250,Customer Service,Completed,Low
C0015,Claim Received,2026-03-05 17:00:00.000000,Customer Service,Completed,High
C0015,Initial Review,2026-03-05 20:10:41.075811,Customer Service,Completed,High
C0015,Technical Assessment,2026-03-06 04:04:24.224397,Technical,Completed,High
C0015,Quality Review,2026-03-06 23:42:38.965695,Quality,Completed,High
C0015,Decision,2026-03-07 02:17:28.564661,Quality,Completed,High
C0015,Customer Notification,2026-03-07 03:39:50.811292,Customer Service,Completed,High
C0015,Case Closed,2026-03-07 07:09:03.150503,Customer Service,Completed,High
C0016,Claim Received,2026-01-19 08:00:00.000000,Customer Service,Completed,High
C0016,Initial Review,2026-01-19 10:37:59.311526,Customer Service,Completed,High
C0016,Technical Assessment,2026-01-20 00:59:21.920304,Technical,Completed,High
C0016,Quality Review,2026-01-20 14:40:55.146368,Quality,Completed,High
C0016,Decision,2026-01-20 20:45:41.868420,Quality,Completed,High
C0016,Customer Notification,2026-01-20 23:40:18.763315,Customer Service,Completed,High
C0016,Case Closed,2026-01-21 01:06:10.317701,Customer Service,Completed,High
C0017,Claim Received,2026-06-17 16:00:00.000000,Customer Service,Completed,Medium
C0017,Initial Review,2026-06-17 17:02:20.815929,Customer Service,Completed,Medium
C0017,Request Additional Information,2026-06-18 15:49:00.302214,Customer Service,Completed,Medium
C0017,Initial Review,2026-06-18 21:30:41.042285,Customer Service,Completed,Medium
C0017,Technical Assessment,2026-06-19 03:07:38.647274,Technical,Completed,Medium
C0017,Quality Review,2026-06-20 04:24:17.169846,Quality,Completed,Medium
C0017,Decision,2026-06-20 10:02:01.494110,Quality,Completed,Medium
C0017,Customer Notification,2026-06-20 11:38:40.345083,Customer Service,Completed,Medium
C0017,Case Closed,2026-06-20 13:57:52.055312,Customer Service,Completed,Medium
C0018,Claim Received,2026-01-24 18:00:00.000000,Customer Service,Completed,High
C0018,Initial Review,2026-01-24 20:29:39.491125,Customer Service,Completed,High
C0018,Technical Assessment,2026-01-24 23:44:02.453309,Technical,Completed,High
C0018,Quality Review,2026-01-25 21:33:59.729948,Quality,Completed,High
C0018,Technical Assessment,2026-01-26 09:04:06.160173,Technical,Completed,High
C0018,Quality Review,2026-01-28 14:30:11.319693,Quality,Completed,High
C0018,Decision,2026-01-28 16:27:51.533595,Quality,Completed,High
C0018,Customer Notification,2026-01-28 19:26:01.476453,Customer Service,Completed,High
C0018,Case Closed,2026-01-28 23:34:19.644739,Customer Service,Completed,High
C0019,Claim Received,2026-03-20 13:00:00.000000,Customer Service,Completed,Low
C0019,Initial Review,2026-03-20 19:35:38.000157,Customer Service,Completed,Low
C0019,Technical Assessment,2026-03-21 14:51:13.292316,Technical,Completed,Low
C0019,Quality Review,2026-03-22 11:18:14.027811,Quality,Completed,Low
C0019,Decision,2026-03-22 14:26:38.438485,Quality,Completed,Low
C0019,Customer Notification,2026-03-22 18:49:36.824216,Customer Service,Completed,Low
C0019,Case Closed,2026-03-22 23:45:03.112835,Customer Service,Completed,Low
C0020,Claim Received,2026-02-15 14:00:00.000000,Customer Service,Completed,High
C0020,Initial Review,2026-02-15 14:53:56.923611,Customer Service,Completed,High
C0020,Technical Assessment,2026-02-15 21:49:10.641679,Technical,Completed,High
C0020,Quality Review,2026-02-16 22:49:21.134482,Quality,Completed,High
C0020,Technical Assessment,2026-02-17 11:06:10.546926,Technical,Completed,High
C0020,Quality Review,2026-02-18 11:49:13.872997,Quality,Completed,High
C0020,Decision,2026-02-18 17:36:24.915006,Quality,Completed,High
C0020,Customer Notification,2026-02-18 18:56:26.742326,Customer Service,Completed,High
C0020,Case Closed,2026-02-18 21:34:55.108905,Customer Service,Completed,High
C0021,Claim Received,2026-01-07 18:00:00.000000,Customer Service,Completed,Medium
C0021,Initial Review,2026-01-07 19:57:56.336190,Customer Service,Completed,Medium
C0021,Request Additional Information,2026-01-09 15:04:56.477477,Customer Service,Completed,Medium
C0021,Initial Review,2026-01-09 17:28:40.727346,Customer Service,Completed,Medium
C0021,Technical Assessment,2026-01-10 03:04:24.517918,Technical,Completed,Medium
C0021,Quality Review,2026-01-11 03:56:33.557204,Quality,Completed,Medium
C0021,Decision,2026-01-11 06:38:04.939044,Quality,Completed,Medium
C0021,Customer Notification,2026-01-11 08:10:13.471459,Customer Service,Completed,Medium
C0021,Case Closed,2026-01-11 10:29:51.865984,Customer Service,Completed,Medium
C0022,Claim Received,2026-03-22 14:00:00.000000,Customer Service,Completed,High
C0022,Initial Review,2026-03-22 17:13:29.407488,Customer Service,Completed,High
C0022,Technical Assessment,2026-03-23 00:44:20.487360,Technical,Completed,High
C0022,Quality Review,2026-03-23 15:13:46.906984,Quality,Completed,High
C0022,Decision,2026-03-23 16:50:16.132272,Quality,Completed,High
C0022,Customer Notification,2026-03-23 18:55:48.357527,Customer Service,Completed,High
C0022,Case Closed,2026-03-23 22:41:52.438648,Customer Service,Completed,High
C0023,Claim Received,2026-06-20 13:00:00.000000,Customer Service,Completed,Low
C0023,Initial Review,2026-06-20 17:56:20.156855,Customer Service,Completed,Low
C0023,Technical Assessment,2026-06-21 00:49:57.495946,Technical,Completed,Low
C0023,Quality Review,2026-06-22 05:50:15.957164,Quality,Completed,Low
C0023,Decision,2026-06-22 10:35:10.618058,Quality,Completed,Low
C0023,Customer Notification,2026-06-22 13:46:55.803769,Customer Service,Completed,Low
C0023,Case Closed,2026-06-22 18:58:18.279548,Customer Service,Completed,Low
C0024,Claim Received,2026-05-26 12:00:00.000000,Customer Service,Completed,Medium
C0024,Initial Review,2026-05-26 15:01:49.353038,Customer Service,Completed,Medium
C0024,Request Additional Information,2026-05-27 13:58:11.546463,Customer Service,Completed,Medium
C0024,Initial Review,2026-05-27 18:53:55.205358,Customer Service,Completed,Medium
C0024,Technical Assessment,2026-05-28 03:24:36.566537,Technical,Completed,Medium
C0024,Quality Review,2026-05-29 07:37:30.759485,Quality,Completed,Medium
C0024,Decision,2026-05-29 14:23:15.444106,Quality,Completed,Medium
C0024,Customer Notification,2026-05-29 17:35:43.827722,Customer Service,Completed,Medium
C0024,Case Closed,2026-05-29 20:00:51.983012,Customer Service,Completed,Medium
C0025,Claim Received,2026-03-02 18:00:00.000000,Customer Service,Completed,Low
C0025,Initial Review,2026-03-02 21:03:45.060429,Customer Service,Completed,Low
C0025,Technical Assessment,2026-03-03 18:53:20.963339,Technical,Completed,Low
C0025,Quality Review,2026-03-05 13:37:35.450181,Quality,Completed,Low
C0025,Decision,2026-03-05 21:33:34.693848,Quality,Completed,Low
C0025,Customer Notification,2026-03-06 01:56:59.028189,Customer Service,Completed,Low
C0025,Case Closed,2026-03-06 07:27:35.299964,Customer Service,Completed,Low
C0026,Claim Received,2026-06-26 08:00:00.000000,Customer Service,Completed,Low
C0026,Initial Review,2026-06-26 14:33:21.452246,Customer Service,Completed,Low
C0026,Technical Assessment,2026-06-27 10:13:54.387875,Technical,Completed,Low
C0026,Quality Review,2026-06-28 06:56:03.836940,Quality,Completed,Low
C0026,Decision,2026-06-28 14:20:41.870185,Quality,Completed,Low
C0026,Customer Notification,2026-06-28 17:33:05.849276,Customer Service,Completed,Low
C0026,Case Closed,2026-06-28 19:28:47.195018,Customer Service,Completed,Low
C0027,Claim Received,2026-05-24 17:00:00.000000,Customer Service,Completed,Medium
C0027,Initial Review,2026-05-24 19:35:11.363234,Customer Service,Completed,Medium
C0027,Technical Assessment,2026-05-25 05:46:57.063868,Technical,Completed,Medium
C0027,Quality Review,2026-05-26 15:11:27.617472,Quality,Completed,Medium
C0027,Decision,2026-05-26 22:37:55.679650,Quality,Completed,Medium
C0027,Customer Notification,2026-05-27 00:06:34.585051,Customer Service,Completed,Medium
C0027,Case Closed,2026-05-27 03:21:35.840681,Customer Service,Completed,Medium
C0028,Claim Received,2026-05-14 15:00:00.000000,Customer Service,Completed,Medium
C0028,Initial Review,2026-05-14 19:08:01.471866,Customer Service,Completed,Medium
C0028,Technical Assessment,2026-05-15 00:13:06.632901,Technical,Completed,Medium
C0028,Quality Review,2026-05-15 18:44:22.818153,Quality,Completed,Medium
C0028,Technical Assessment,2026-05-16 06:18:06.490168,Technical,Completed,Medium
C0028,Quality Review,2026-05-16 23:51:07.482017,Quality,Completed,Medium
C0028,Decision,2026-05-17 06:05:26.135478,Quality,Completed,Medium
C0028,Customer Notification,2026-05-17 08:18:48.208670,Customer Service,Completed,Medium
C0028,Case Closed,2026-05-17 11:23:32.144884,Customer Service,Completed,Medium
C0029,Claim Received,2026-05-30 08:00:00.000000,Customer Service,Completed,Critical
C0029,Initial Review,2026-05-30 10:38:30.588291,Customer Service,Completed,Critical
C0029,Technical Assessment,2026-05-31 00:37:47.394078,Technical,Completed,Critical
C0029,Quality Review,2026-05-31 10:51:03.374353,Quality,Completed,Critical
C0029,Decision,2026-05-31 14:24:40.612219,Quality,Completed,Critical
C0029,Customer Notification,2026-05-31 15:32:23.327145,Customer Service,Completed,Critical
C0029,Case Closed,2026-05-31 17:24:18.517933,Customer Service,Completed,Critical
C0030,Claim Received,2026-04-22 15:00:00.000000,Customer Service,Completed,Medium
C0030,Initial Review,2026-04-22 16:08:42.446759,Customer Service,Completed,Medium
C0030,Technical Assessment,2026-04-23 05:39:11.197764,Technical,Completed,Medium
C0030,Quality Review,2026-04-23 21:36:51.062540,Quality,Completed,Medium
C0030,Decision,2026-04-24 00:22:47.822961,Quality,Completed,Medium
C0030,Customer Notification,2026-04-24 01:27:39.060642,Customer Service,Completed,Medium
C0030,Case Closed,2026-04-24 12:55:36.227725,Customer Service,Completed,Medium
C0031,Claim Received,2026-04-29 10:00:00.000000,Customer Service,Completed,Low
C0031,Initial Review,2026-04-29 11:30:06.148083,Customer Service,Completed,Low
C0031,Technical Assessment,2026-04-29 19:51:27.362072,Technical,Completed,Low
C0031,Quality Review,2026-05-01 08:10:51.658186,Quality,Completed,Low
C0031,Decision,2026-05-01 15:59:43.752813,Quality,Completed,Low
C0031,Customer Notification,2026-05-01 18:06:13.191865,Customer Service,Completed,Low
C0031,Case Closed,2026-05-01 19:25:11.870865,Customer Service,Completed,Low
C0032,Claim Received,2026-06-16 09:00:00.000000,Customer Service,Completed,Medium
C0032,Initial Review,2026-06-16 13:54:22.194893,Customer Service,Completed,Medium
C0032,Technical Assessment,2026-06-17 04:27:55.548378,Technical,Completed,Medium
C0032,Quality Review,2026-06-19 06:49:09.837246,Quality,Completed,Medium
C0032,Technical Assessment,2026-06-19 12:57:09.907474,Technical,Completed,Medium
C0032,Quality Review,2026-06-20 17:01:11.151649,Quality,Completed,Medium
C0032,Technical Assessment,2026-06-21 00:04:16.564511,Technical,Completed,Medium
C0032,Quality Review,2026-06-22 06:28:36.560209,Quality,Completed,Medium
C0032,Decision,2026-06-22 12:07:13.106077,Quality,Completed,Medium
C0032,Customer Notification,2026-06-22 13:27:50.061088,Customer Service,Completed,Medium
C0032,Case Closed,2026-06-22 19:17:15.035003,Customer Service,Completed,Medium
C0033,Claim Received,2026-06-23 14:00:00.000000,Customer Service,Completed,Medium
C0033,Initial Review,2026-06-23 16:58:59.779947,Customer Service,Completed,Medium
C0033,Technical Assessment,2026-06-23 22:02:50.002430,Technical,Completed,Medium
C0033,Quality Review,2026-06-25 01:06:03.745410,Quality,Completed,Medium
C0033,Decision,2026-06-25 07:44:09.332525,Quality,Completed,Medium
C0033,Customer Notification,2026-06-25 10:32:13.777965,Customer Service,Completed,Medium
C0033,Case Closed,2026-06-25 16:27:22.976292,Customer Service,Completed,Medium
C0034,Claim Received,2026-04-05 09:00:00.000000,Customer Service,Completed,Medium
C0034,Initial Review,2026-04-05 12:31:47.294214,Customer Service,Completed,Medium
C0034,Technical Assessment,2026-04-06 04:25:25.905815,Technical,Completed,Medium
C0034,Quality Review,2026-04-06 18:57:24.464239,Quality,Completed,Medium
C0034,Decision,2026-04-07 00:46:13.102531,Quality,Completed,Medium
C0034,Customer Notification,2026-04-07 03:53:32.035883,Customer Service,Completed,Medium
C0034,Case Closed,2026-04-07 08:33:40.351355,Customer Service,Completed,Medium
C0035,Claim Received,2026-05-18 15:00:00.000000,Customer Service,Completed,High
C0035,Initial Review,2026-05-18 17:39:34.182312,Customer Service,Completed,High
C0035,Technical Assessment,2026-05-19 03:29:42.758953,Technical,Completed,High
C0035,Quality Review,2026-05-19 17:48:31.385041,Quality,Completed,High
C0035,Decision,2026-05-19 20:44:51.265187,Quality,Completed,High
C0035,Customer Notification,2026-05-19 23:20:55.380262,Customer Service,Completed,High
C0035,Case Closed,2026-05-20 02:49:17.294236,Customer Service,Completed,High
C0036,Claim Received,2026-05-05 11:00:00.000000,Customer Service,Completed,Medium
C0036,Initial Review,2026-05-05 13:46:26.849391,Customer Service,Completed,Medium
C0036,Technical Assessment,2026-05-05 21:41:21.637188,Technical,Completed,Medium
C0036,Quality Review,2026-05-07 06:48:42.911818,Quality,Completed,Medium
C0036,Decision,2026-05-07 11:54:42.060455,Quality,Completed,Medium
C0036,Customer Notification,2026-05-07 13:38:08.705799,Customer Service,Completed,Medium
C0036,Case Closed,2026-05-07 17:24:41.877607,Customer Service,Completed,Medium
C0037,Claim Received,2026-04-25 08:00:00.000000,Customer Service,Completed,High
C0037,Initial Review,2026-04-25 09:10:19.968248,Customer Service,Completed,High
C0037,Technical Assessment,2026-04-25 20:07:12.826350,Technical,Completed,High
C0037,Quality Review,2026-04-26 16:53:09.948408,Quality,Completed,High
C0037,Decision,2026-04-26 21:02:04.279378,Quality,Completed,High
C0037,Customer Notification,2026-04-26 23:37:29.161551,Customer Service,Completed,High
C0037,Case Closed,2026-04-27 03:14:10.272718,Customer Service,Completed,High
C0038,Claim Received,2026-02-19 13:00:00.000000,Customer Service,Completed,Low
C0038,Initial Review,2026-02-19 14:55:02.382411,Customer Service,Completed,Low
C0038,Technical Assessment,2026-02-20 08:31:19.609993,Technical,Completed,Low
C0038,Quality Review,2026-02-21 05:09:14.369456,Quality,Completed,Low
C0038,Decision,2026-02-21 12:46:15.612684,Quality,Completed,Low
C0038,Customer Notification,2026-02-21 15:51:34.906508,Customer Service,Completed,Low
C0038,Case Closed,2026-02-21 17:39:46.270443,Customer Service,Completed,Low
C0039,Claim Received,2026-01-04 16:00:00.000000,Customer Service,Completed,Medium
C0039,Initial Review,2026-01-04 20:53:55.479832,Customer Service,Completed,Medium
C0039,Technical Assessment,2026-01-05 01:39:43.591252,Technical,Completed,Medium
C0039,Quality Review,2026-01-06 12:19:12.933970,Quality,Completed,Medium
C0039,Decision,2026-01-06 18:50:13.244967,Quality,Completed,Medium
C0039,Customer Notification,2026-01-06 19:52:25.711323,Customer Service,Completed,Medium
C0039,Case Closed,2026-01-06 23:16:02.567078,Customer Service,Completed,Medium
C0040,Claim Received,2026-05-03 09:00:00.000000,Customer Service,Completed,Medium
C0040,Initial Review,2026-05-03 14:06:38.081615,Customer Service,Completed,Medium
C0040,Technical Assessment,2026-05-03 19:08:51.822996,Technical,Completed,Medium
C0040,Quality Review,2026-05-04 08:26:03.647015,Quality,Completed,Medium
C0040,Technical Assessment,2026-05-04 20:18:50.762708,Technical,Completed,Medium
C0040,Quality Review,2026-05-06 08:10:05.288510,Quality,Completed,Medium
C0040,Technical Assessment,2026-05-06 22:52:13.238154,Technical,Completed,Medium
C0040,Quality Review,2026-05-08 05:50:53.245852,Quality,Completed,Medium
C0040,Decision,2026-05-08 10:59:00.812611,Quality,Completed,Medium
C0040,Customer Notification,2026-05-08 13:18:42.199454,Customer Service,Completed,Medium
C0040,Case Closed,2026-05-08 19:15:42.762142,Customer Service,Completed,Medium
C0041,Claim Received,2026-01-26 11:00:00.000000,Customer Service,Completed,Medium
C0041,Initial Review,2026-01-26 15:07:39.270547,Customer Service,Completed,Medium
C0041,Technical Assessment,2026-01-26 20:15:51.118807,Technical,Completed,Medium
C0041,Quality Review,2026-01-27 21:30:43.248825,Quality,Completed,Medium
C0041,Decision,2026-01-28 01:57:47.228394,Quality,Completed,Medium
C0041,Customer Notification,2026-01-28 09:11:32.392714,Customer Service,Completed,Medium
C0041,Case Closed,2026-01-28 11:37:58.280727,Customer Service,Completed,Medium
C0042,Claim Received,2026-03-01 12:00:00.000000,Customer Service,Completed,Low
C0042,Initial Review,2026-03-01 17:55:37.085376,Customer Service,Completed,Low
C0042,Technical Assessment,2026-03-02 09:50:05.435808,Technical,Completed,Low
C0042,Quality Review,2026-03-03 12:28:43.843814,Quality,Completed,Low
C0042,Technical Assessment,2026-03-04 04:09:32.791885,Technical,Completed,Low
C0042,Quality Review,2026-03-05 18:21:57.910518,Quality,Completed,Low
C0042,Decision,2026-03-05 21:57:38.629215,Quality,Completed,Low
C0042,Customer Notification,2026-03-06 01:51:25.121293,Customer Service,Completed,Low
C0042,Case Closed,2026-03-06 04:47:19.110000,Customer Service,Completed,Low
C0043,Claim Received,2026-03-11 16:00:00.000000,Customer Service,Completed,High
C0043,Initial Review,2026-03-11 18:57:35.734501,Customer Service,Completed,High
C0043,Request Additional Information,2026-03-12 21:47:00.175621,Customer Service,Completed,High
C0043,Initial Review,2026-03-13 01:31:17.464116,Customer Service,Completed,High
C0043,Technical Assessment,2026-03-13 05:00:40.336577,Technical,Completed,High
C0043,Quality Review,2026-03-14 03:33:27.839716,Quality,Completed,High
C0043,Decision,2026-03-14 16:48:44.292496,Quality,Completed,High
C0043,Customer Notification,2026-03-14 19:26:51.822179,Customer Service,Completed,High
C0043,Case Closed,2026-03-14 22:33:09.778757,Customer Service,Completed,High
C0044,Claim Received,2026-04-24 12:00:00.000000,Customer Service,Completed,Medium
C0044,Initial Review,2026-04-24 13:54:26.804650,Customer Service,Completed,Medium
C0044,Technical Assessment,2026-04-25 02:47:39.954510,Technical,Completed,Medium
C0044,Quality Review,2026-04-25 16:59:03.298414,Quality,Completed,Medium
C0044,Decision,2026-04-25 20:59:02.759717,Quality,Completed,Medium
C0044,Customer Notification,2026-04-26 00:33:26.277137,Customer Service,Completed,Medium
C0044,Case Closed,2026-04-26 05:01:32.403269,Customer Service,Completed,Medium
C0045,Claim Received,2026-05-21 08:00:00.000000,Customer Service,Completed,High
C0045,Initial Review,2026-05-21 10:37:09.493084,Customer Service,Completed,High
C0045,Technical Assessment,2026-05-21 17:26:23.892147,Technical,Completed,High
C0045,Quality Review,2026-05-22 10:48:00.472087,Quality,Completed,High
C0045,Technical Assessment,2026-05-23 01:04:01.438827,Technical,Completed,High
C0045,Quality Review,2026-05-23 21:05:05.508069,Quality,Completed,High
C0045,Decision,2026-05-23 23:35:06.934384,Quality,Completed,High
C0045,Customer Notification,2026-05-24 02:12:02.603235,Customer Service,Completed,High
C0045,Case Closed,2026-05-24 06:02:26.466954,Customer Service,Completed,High
C0046,Claim Received,2026-04-23 15:00:00.000000,Customer Service,Completed,Critical
C0046,Initial Review,2026-04-23 15:48:12.834750,Customer Service,Completed,Critical
C0046,Technical Assessment,2026-04-23 22:03:56.400760,Technical,Completed,Critical
C0046,Quality Review,2026-04-24 05:57:58.337436,Quality,Completed,Critical
C0046,Decision,2026-04-24 08:37:22.652654,Quality,Completed,Critical
C0046,Customer Notification,2026-04-24 10:36:40.841207,Customer Service,Completed,Critical
C0046,Case Closed,2026-04-24 12:15:53.872255,Customer Service,Completed,Critical
C0047,Claim Received,2026-03-16 16:00:00.000000,Customer Service,Completed,Medium
C0047,Initial Review,2026-03-16 20:31:37.409339,Customer Service,Completed,Medium
C0047,Technical Assessment,2026-03-17 07:16:55.388018,Technical,Completed,Medium
C0047,Quality Review,2026-03-18 06:14:41.739262,Quality,Completed,Medium
C0047,Technical Assessment,2026-03-18 12:54:48.501958,Technical,Completed,Medium
C0047,Quality Review,2026-03-19 18:49:28.177889,Quality,Completed,Medium
C0047,Decision,2026-03-19 21:14:36.075608,Quality,Completed,Medium
C0047,Customer Notification,2026-03-20 00:48:23.729312,Customer Service,Completed,Medium
C0047,Case Closed,2026-03-20 05:44:42.642616,Customer Service,Completed,Medium
C0048,Claim Received,2026-05-31 17:00:00.000000,Customer Service,Completed,High
C0048,Initial Review,2026-05-31 21:47:44.193599,Customer Service,Completed,High
C0048,Technical Assessment,2026-06-01 02:39:35.560868,Technical,Completed,High
C0048,Quality Review,2026-06-01 18:53:10.527718,Quality,Completed,High
C0048,Decision,2026-06-01 23:05:40.999206,Quality,Completed,High
C0048,Customer Notification,2026-06-02 00:40:01.155512,Customer Service,Completed,High
C0048,Case Closed,2026-06-02 04:15:25.132870,Customer Service,Completed,High
C0049,Claim Received,2026-01-12 13:00:00.000000,Customer Service,Completed,High
C0049,Initial Review,2026-01-12 16:46:43.754183,Customer Service,Completed,High
C0049,Technical Assessment,2026-01-13 05:03:59.761134,Technical,Completed,High
C0049,Quality Review,2026-01-14 03:24:33.933028,Quality,Completed,High
C0049,Decision,2026-01-14 09:43:02.470464,Quality,Completed,High
C0049,Customer Notification,2026-01-14 10:36:22.319906,Customer Service,Completed,High
C0049,Case Closed,2026-01-14 13:46:00.918088,Customer Service,Completed,High
C0050,Claim Received,2026-05-15 15:00:00.000000,Customer Service,Completed,Medium
C0050,Initial Review,2026-05-15 16:04:36.256762,Customer Service,Completed,Medium
C0050,Technical Assessment,2026-05-16 08:16:11.278518,Technical,Completed,Medium
C0050,Quality Review,2026-05-16 22:03:56.439166,Quality,Completed,Medium
C0050,Technical Assessment,2026-05-17 05:46:33.587255,Technical,Completed,Medium
C0050,Quality Review,2026-05-18 03:18:56.146439,Quality,Completed,Medium
C0050,Decision,2026-05-18 07:17:13.163161,Quality,Completed,Medium
C0050,Customer Notification,2026-05-18 09:53:16.284135,Customer Service,Completed,Medium
C0050,Case Closed,2026-05-18 14:01:18.669357,Customer Service,Completed,Medium
C0051,Claim Received,2026-06-08 09:00:00.000000,Customer Service,Completed,Medium
C0051,Initial Review,2026-06-08 11:10:25.864376,Customer Service,Completed,Medium
C0051,Technical Assessment,2026-06-08 19:11:49.766180,Technical,Completed,Medium
C0051,Quality Review,2026-06-09 09:21:58.540358,Quality,Completed,Medium
C0051,Decision,2026-06-09 15:55:42.525727,Quality,Completed,Medium
C0051,Customer Notification,2026-06-09 17:13:48.003922,Customer Service,Completed,Medium
C0051,Case Closed,2026-06-10 00:43:19.172255,Customer Service,Completed,Medium
C0052,Claim Received,2026-04-02 13:00:00.000000,Customer Service,Completed,Low
C0052,Initial Review,2026-04-02 16:47:02.834618,Customer Service,Completed,Low
C0052,Technical Assessment,2026-04-03 04:30:23.724396,Technical,Completed,Low
C0052,Quality Review,2026-04-04 00:05:32.022352,Quality,Completed,Low
C0052,Decision,2026-04-04 06:52:50.049468,Quality,Completed,Low
C0052,Customer Notification,2026-04-04 10:32:23.473624,Customer Service,Completed,Low
C0052,Case Closed,2026-04-04 15:14:19.667646,Customer Service,Completed,Low
C0053,Claim Received,2026-06-20 08:00:00.000000,Customer Service,Completed,Medium
C0053,Initial Review,2026-06-20 13:29:40.353571,Customer Service,Completed,Medium
C0053,Technical Assessment,2026-06-20 21:31:16.989525,Technical,Completed,Medium
C0053,Quality Review,2026-06-21 11:17:38.657709,Quality,Completed,Medium
C0053,Decision,2026-06-21 19:13:11.934326,Quality,Completed,Medium
C0053,Customer Notification,2026-06-21 23:06:21.848312,Customer Service,Completed,Medium
C0053,Case Closed,2026-06-22 02:23:24.892940,Customer Service,Completed,Medium
C0054,Claim Received,2026-01-28 11:00:00.000000,Customer Service,Completed,High
C0054,Initial Review,2026-01-28 13:19:31.645886,Customer Service,Completed,High
C0054,Technical Assessment,2026-01-28 19:50:21.220660,Technical,Completed,High
C0054,Quality Review,2026-01-29 05:51:37.685664,Quality,Completed,High
C0054,Technical Assessment,2026-01-30 04:45:34.348085,Technical,Completed,High
C0054,Quality Review,2026-01-31 06:58:07.806614,Quality,Completed,High
C0054,Technical Assessment,2026-01-31 21:04:23.472189,Technical,Completed,High
C0054,Quality Review,2026-02-01 20:58:49.771483,Quality,Completed,High
C0054,Decision,2026-02-02 02:54:52.486874,Quality,Completed,High
C0054,Customer Notification,2026-02-02 04:16:00.709772,Customer Service,Completed,High
C0054,Case Closed,2026-02-02 05:56:34.375133,Customer Service,Completed,High
C0055,Claim Received,2026-06-18 18:00:00.000000,Customer Service,Completed,High
C0055,Initial Review,2026-06-18 22:09:12.054484,Customer Service,Completed,High
C0055,Technical Assessment,2026-06-19 11:28:17.291832,Technical,Completed,High
C0055,Quality Review,2026-06-20 03:00:10.732771,Quality,Completed,High
C0055,Decision,2026-06-20 07:23:05.768128,Quality,Completed,High
C0055,Customer Notification,2026-06-20 08:24:04.520494,Customer Service,Completed,High
C0055,Case Closed,2026-06-20 12:11:28.244949,Customer Service,Completed,High
C0056,Claim Received,2026-04-04 16:00:00.000000,Customer Service,Completed,Medium
C0056,Initial Review,2026-04-04 19:30:32.305721,Customer Service,Completed,Medium
C0056,Technical Assessment,2026-04-05 01:48:45.344508,Technical,Completed,Medium
C0056,Quality Review,2026-04-06 12:28:23.171819,Quality,Completed,Medium
C0056,Decision,2026-04-06 16:14:38.227121,Quality,Completed,Medium
C0056,Customer Notification,2026-04-06 19:39:23.938538,Customer Service,Completed,Medium
C0056,Case Closed,2026-04-06 21:01:59.327034,Customer Service,Completed,Medium
C0057,Claim Received,2026-06-22 14:00:00.000000,Customer Service,Completed,High
C0057,Initial Review,2026-06-22 18:40:08.684361,Customer Service,Completed,High
C0057,Technical Assessment,2026-06-23 01:57:56.734353,Technical,Completed,High
C0057,Quality Review,2026-06-23 11:49:58.791794,Quality,Completed,High
C0057,Decision,2026-06-23 15:36:57.494353,Quality,Completed,High
C0057,Customer Notification,2026-06-23 18:01:46.518842,Customer Service,Completed,High
C0057,Case Closed,2026-06-23 22:07:09.327980,Customer Service,Completed,High
C0058,Claim Received,2026-01-07 17:00:00.000000,Customer Service,Completed,Medium
C0058,Initial Review,2026-01-07 22:25:16.227214,Customer Service,Completed,Medium
C0058,Technical Assessment,2026-01-08 15:14:05.125015,Technical,Completed,Medium
C0058,Quality Review,2026-01-09 04:45:07.077371,Quality,Completed,Medium
C0058,Decision,2026-01-09 12:12:29.850361,Quality,Completed,Medium
C0058,Customer Notification,2026-01-09 14:25:59.445604,Customer Service,Completed,Medium
C0058,Case Closed,2026-01-09 20:09:52.153196,Customer Service,Completed,Medium
C0059,Claim Received,2026-05-18 10:00:00.000000,Customer Service,Completed,Low
C0059,Initial Review,2026-05-18 13:31:54.749953,Customer Service,Completed,Low
C0059,Technical Assessment,2026-05-19 10:16:53.298827,Technical,Completed,Low
C0059,Quality Review,2026-05-20 16:14:20.456753,Quality,Completed,Low
C0059,Decision,2026-05-20 23:52:13.906735,Quality,Completed,Low
C0059,Customer Notification,2026-05-21 03:25:41.694527,Customer Service,Completed,Low
C0059,Case Closed,2026-05-21 08:19:19.782351,Customer Service,Completed,Low
C0060,Claim Received,2026-02-25 15:00:00.000000,Customer Service,Completed,High
C0060,Initial Review,2026-02-25 17:34:43.620381,Customer Service,Completed,High
C0060,Technical Assessment,2026-02-26 00:50:27.121464,Technical,Completed,High
C0060,Quality Review,2026-02-26 17:29:37.313795,Quality,Completed,High
C0060,Decision,2026-02-26 22:11:19.921068,Quality,Completed,High
C0060,Customer Notification,2026-02-26 23:39:03.536717,Customer Service,Completed,High
C0060,Case Closed,2026-02-27 04:14:49.292068,Customer Service,Completed,High
C0061,Claim Received,2026-06-13 17:00:00.000000,Customer Service,Completed,Medium
C0061,Initial Review,2026-06-13 22:51:19.679617,Customer Service,Completed,Medium
C0061,Technical Assessment,2026-06-14 07:31:28.541101,Technical,Completed,Medium
C0061,Quality Review,2026-06-15 14:24:43.448939,Quality,Completed,Medium
C0061,Decision,2026-06-15 21:23:27.514223,Quality,Completed,Medium
C0061,Customer Notification,2026-06-16 00:09:00.451526,Customer Service,Completed,Medium
C0061,Case Closed,2026-06-16 02:18:54.427749,Customer Service,Completed,Medium
C0062,Claim Received,2026-03-12 10:00:00.000000,Customer Service,Completed,Medium
C0062,Initial Review,2026-03-12 15:56:15.491479,Customer Service,Completed,Medium
C0062,Request Additional Information,2026-03-14 08:41:02.883012,Customer Service,Completed,Medium
C0062,Initial Review,2026-03-14 14:00:58.945005,Customer Service,Completed,Medium
C0062,Technical Assessment,2026-03-14 23:01:54.355878,Technical,Completed,Medium
C0062,Quality Review,2026-03-18 05:25:45.033273,Quality,Completed,Medium
C0062,Decision,2026-03-18 09:01:16.971453,Quality,Completed,Medium
C0062,Customer Notification,2026-03-18 11:17:03.345468,Customer Service,Completed,Medium
C0062,Case Closed,2026-03-18 12:36:07.390155,Customer Service,Completed,Medium
C0063,Claim Received,2026-04-26 16:00:00.000000,Customer Service,Completed,Medium
C0063,Initial Review,2026-04-26 18:06:27.895616,Customer Service,Completed,Medium
C0063,Technical Assessment,2026-04-27 08:17:20.942673,Technical,Completed,Medium
C0063,Quality Review,2026-04-28 12:06:10.168239,Quality,Completed,Medium
C0063,Decision,2026-04-29 05:40:58.644576,Quality,Completed,Medium
C0063,Customer Notification,2026-04-29 09:40:43.381531,Customer Service,Completed,Medium
C0063,Case Closed,2026-04-29 12:48:36.306678,Customer Service,Completed,Medium
C0064,Claim Received,2026-01-21 13:00:00.000000,Customer Service,Completed,Medium
C0064,Initial Review,2026-01-21 17:02:29.353625,Customer Service,Completed,Medium
C0064,Request Additional Information,2026-01-22 14:56:31.427168,Customer Service,Completed,Medium
C0064,Initial Review,2026-01-22 18:41:01.842981,Customer Service,Completed,Medium
C0064,Technical Assessment,2026-01-23 12:36:31.081876,Technical,Completed,Medium
C0064,Quality Review,2026-01-24 11:29:52.093955,Quality,Completed,Medium
C0064,Decision,2026-01-24 14:05:34.348727,Quality,Completed,Medium
C0064,Customer Notification,2026-01-24 17:39:04.510290,Customer Service,Completed,Medium
C0064,Case Closed,2026-01-24 22:29:45.839432,Customer Service,Completed,Medium
C0065,Claim Received,2026-02-28 14:00:00.000000,Customer Service,Completed,Medium
C0065,Initial Review,2026-02-28 16:41:40.769139,Customer Service,Completed,Medium
C0065,Technical Assessment,2026-03-01 02:31:06.647512,Technical,Completed,Medium
C0065,Quality Review,2026-03-02 00:45:39.057653,Quality,Completed,Medium
C0065,Decision,2026-03-02 05:00:23.959759,Quality,Completed,Medium
C0065,Customer Notification,2026-03-02 08:46:32.198145,Customer Service,Completed,Medium
C0065,Case Closed,2026-03-02 13:56:04.092138,Customer Service,Completed,Medium
C0066,Claim Received,2026-02-03 16:00:00.000000,Customer Service,Completed,High
C0066,Initial Review,2026-02-03 17:02:23.726083,Customer Service,Completed,High
C0066,Technical Assessment,2026-02-04 02:31:50.800028,Technical,Completed,High
C0066,Quality Review,2026-02-04 20:01:05.892736,Quality,Completed,High
C0066,Decision,2026-02-05 02:08:08.616870,Quality,Completed,High
C0066,Customer Notification,2026-02-05 05:08:01.506187,Customer Service,Completed,High
C0066,Case Closed,2026-02-05 07:05:03.369657,Customer Service,Completed,High
C0067,Claim Received,2026-02-09 18:00:00.000000,Customer Service,Completed,Medium
C0067,Initial Review,2026-02-09 21:24:39.409132,Customer Service,Completed,Medium
C0067,Technical Assessment,2026-02-10 06:18:45.154441,Technical,Completed,Medium
C0067,Quality Review,2026-02-10 21:04:11.245530,Quality,Completed,Medium
C0067,Decision,2026-02-11 00:25:36.281967,Quality,Completed,Medium
C0067,Customer Notification,2026-02-11 03:06:34.711546,Customer Service,Completed,Medium
C0067,Case Closed,2026-02-11 07:13:05.740044,Customer Service,Completed,Medium
C0068,Claim Received,2026-06-18 12:00:00.000000,Customer Service,Completed,Medium
C0068,Initial Review,2026-06-18 13:08:41.157259,Customer Service,Completed,Medium
C0068,Technical Assessment,2026-06-19 03:49:06.596965,Technical,Completed,Medium
C0068,Quality Review,2026-06-20 00:14:35.020517,Quality,Completed,Medium
C0068,Decision,2026-06-20 03:06:09.252708,Quality,Completed,Medium
C0068,Customer Notification,2026-06-20 04:18:40.775257,Customer Service,Completed,Medium
C0068,Case Closed,2026-06-20 10:10:13.360995,Customer Service,Completed,Medium
C0069,Claim Received,2026-04-27 13:00:00.000000,Customer Service,Completed,Medium
C0069,Initial Review,2026-04-27 14:47:13.366965,Customer Service,Completed,Medium
C0069,Technical Assessment,2026-04-27 23:19:42.264726,Technical,Completed,Medium
C0069,Quality Review,2026-04-29 01:38:15.998645,Quality,Completed,Medium
C0069,Decision,2026-04-29 04:34:16.524559,Quality,Completed,Medium
C0069,Customer Notification,2026-04-29 05:43:13.959477,Customer Service,Completed,Medium
C0069,Case Closed,2026-04-29 08:56:09.993015,Customer Service,Completed,Medium
C0070,Claim Received,2026-02-25 16:00:00.000000,Customer Service,Completed,Medium
C0070,Initial Review,2026-02-25 17:34:08.715146,Customer Service,Completed,Medium
C0070,Technical Assessment,2026-02-26 01:32:04.337238,Technical,Completed,Medium
C0070,Quality Review,2026-02-27 01:12:49.407129,Quality,Completed,Medium
C0070,Decision,2026-02-27 03:29:10.422161,Quality,Completed,Medium
C0070,Customer Notification,2026-02-27 11:52:48.550766,Customer Service,Completed,Medium
C0070,Case Closed,2026-02-27 14:23:14.099282,Customer Service,Completed,Medium
C0071,Claim Received,2026-03-25 09:00:00.000000,Customer Service,Completed,Medium
C0071,Initial Review,2026-03-25 10:02:19.138318,Customer Service,Completed,Medium
C0071,Technical Assessment,2026-03-25 16:29:54.156333,Technical,Completed,Medium
C0071,Quality Review,2026-03-26 21:23:11.353489,Quality,Completed,Medium
C0071,Decision,2026-03-27 04:23:11.804261,Quality,Completed,Medium
C0071,Customer Notification,2026-03-27 05:36:10.219624,Customer Service,Completed,Medium
C0071,Case Closed,2026-03-27 09:14:14.541748,Customer Service,Completed,Medium
C0072,Claim Received,2026-05-28 14:00:00.000000,Customer Service,Completed,High
C0072,Initial Review,2026-05-28 17:05:36.955405,Customer Service,Completed,High
C0072,Technical Assessment,2026-05-29 00:58:18.375866,Technical,Completed,High
C0072,Quality Review,2026-05-29 10:58:19.981226,Quality,Completed,High
C0072,Technical Assessment,2026-05-29 23:08:49.290488,Technical,Completed,High
C0072,Quality Review,2026-05-31 00:43:18.921600,Quality,Completed,High
C0072,Decision,2026-05-31 02:44:41.805949,Quality,Completed,High
C0072,Customer Notification,2026-05-31 04:07:44.060291,Customer Service,Completed,High
C0072,Case Closed,2026-05-31 07:01:29.120910,Customer Service,Completed,High
C0073,Claim Received,2026-03-27 10:00:00.000000,Customer Service,Completed,Medium
C0073,Initial Review,2026-03-27 11:22:54.828795,Customer Service,Completed,Medium
C0073,Technical Assessment,2026-03-27 22:48:37.311762,Technical,Completed,Medium
C0073,Quality Review,2026-03-29 05:26:23.430776,Quality,Completed,Medium
C0073,Decision,2026-03-29 13:11:21.055114,Quality,Completed,Medium
C0073,Customer Notification,2026-03-29 14:37:56.105343,Customer Service,Completed,Medium
C0073,Case Closed,2026-03-29 16:54:43.533339,Customer Service,Completed,Medium
C0074,Claim Received,2026-01-20 10:00:00.000000,Customer Service,Completed,High
C0074,Initial Review,2026-01-20 14:36:18.606824,Customer Service,Completed,High
C0074,Technical Assessment,2026-01-20 23:00:05.194546,Technical,Completed,High
C0074,Quality Review,2026-01-21 19:43:38.028907,Quality,Completed,High
C0074,Decision,2026-01-22 01:33:39.821053,Quality,Completed,High
C0074,Customer Notification,2026-01-22 04:43:43.457081,Customer Service,Completed,High
C0074,Case Closed,2026-01-22 09:24:45.469206,Customer Service,Completed,High
C0075,Claim Received,2026-06-11 12:00:00.000000,Customer Service,Completed,Medium
C0075,Initial Review,2026-06-11 16:58:53.934225,Customer Service,Completed,Medium
C0075,Technical Assessment,2026-06-12 01:54:31.822245,Technical,Completed,Medium
C0075,Quality Review,2026-06-14 23:09:15.474732,Quality,Completed,Medium
C0075,Decision,2026-06-15 03:22:00.206881,Quality,Completed,Medium
C0075,Customer Notification,2026-06-15 06:18:02.604752,Customer Service,Completed,Medium
C0075,Case Closed,2026-06-15 07:45:07.941824,Customer Service,Completed,Medium
C0076,Claim Received,2026-01-11 15:00:00.000000,Customer Service,Completed,Medium
C0076,Initial Review,2026-01-11 20:32:42.899218,Customer Service,Completed,Medium
C0076,Technical Assessment,2026-01-12 03:10:50.168257,Technical,Completed,Medium
C0076,Quality Review,2026-01-13 03:12:48.303139,Quality,Completed,Medium
C0076,Decision,2026-01-13 07:54:59.602294,Quality,Completed,Medium
C0076,Customer Notification,2026-01-13 11:25:43.275819,Customer Service,Completed,Medium
C0076,Case Closed,2026-01-13 12:51:01.200195,Customer Service,Completed,Medium
C0077,Claim Received,2026-04-23 16:00:00.000000,Customer Service,Completed,High
C0077,Initial Review,2026-04-23 18:53:27.571708,Customer Service,Completed,High
C0077,Technical Assessment,2026-04-24 02:16:00.963626,Technical,Completed,High
C0077,Quality Review,2026-04-24 19:42:55.104364,Quality,Completed,High
C0077,Decision,2026-04-25 00:11:06.572066,Quality,Completed,High
C0077,Customer Notification,2026-04-25 02:32:19.290350,Customer Service,Completed,High
C0077,Case Closed,2026-04-25 03:43:00.175994,Customer Service,Completed,High
C0078,Claim Received,2026-06-18 17:00:00.000000,Customer Service,Completed,High
C0078,Initial Review,2026-06-18 21:17:35.227134,Customer Service,Completed,High
C0078,Technical Assessment,2026-06-19 07:01:11.284362,Technical,Completed,High
C0078,Quality Review,2026-06-19 23:20:10.897196,Quality,Completed,High
C0078,Decision,2026-06-20 04:17:20.630953,Quality,Completed,High
C0078,Customer Notification,2026-06-20 06:31:01.787164,Customer Service,Completed,High
C0078,Case Closed,2026-06-20 08:33:19.766343,Customer Service,Completed,High
C0079,Claim Received,2026-06-21 18:00:00.000000,Customer Service,Completed,High
C0079,Initial Review,2026-06-21 22:26:59.250991,Customer Service,Completed,High
C0079,Request Additional Information,2026-06-23 03:21:32.133226,Customer Service,Completed,High
C0079,Initial Review,2026-06-23 04:13:54.652970,Customer Service,Completed,High
C0079,Technical Assessment,2026-06-23 18:05:05.799694,Technical,Completed,High
C0079,Quality Review,2026-06-24 18:23:42.516768,Quality,Completed,High
C0079,Decision,2026-06-25 00:47:42.112781,Quality,Completed,High
C0079,Customer Notification,2026-06-25 02:18:17.756539,Customer Service,Completed,High
C0079,Case Closed,2026-06-25 05:08:08.488402,Customer Service,Completed,High
C0080,Claim Received,2026-06-19 13:00:00.000000,Customer Service,Completed,Medium
C0080,Initial Review,2026-06-19 18:22:55.069906,Customer Service,Completed,Medium
C0080,Request Additional Information,2026-06-21 03:52:58.208669,Customer Service,Completed,Medium
C0080,Initial Review,2026-06-21 05:47:13.436078,Customer Service,Completed,Medium
C0080,Technical Assessment,2026-06-21 18:32:00.356268,Technical,Completed,Medium
C0080,Quality Review,2026-06-25 10:27:30.989299,Quality,Completed,Medium
C0080,Decision,2026-06-25 14:38:39.856644,Quality,Completed,Medium
C0080,Customer Notification,2026-06-25 18:33:11.413561,Customer Service,Completed,Medium
C0080,Case Closed,2026-06-25 23:18:54.454533,Customer Service,Completed,Medium
C0081,Claim Received,2026-05-01 11:00:00.000000,Customer Service,Completed,Medium
C0081,Initial Review,2026-05-01 13:50:21.137248,Customer Service,Completed,Medium
C0081,Technical Assessment,2026-05-02 07:37:16.902842,Technical,Completed,Medium
C0081,Quality Review,2026-05-03 02:23:01.980548,Quality,Completed,Medium
C0081,Decision,2026-05-03 07:32:55.111979,Quality,Completed,Medium
C0081,Customer Notification,2026-05-03 10:59:57.537366,Customer Service,Completed,Medium
C0081,Case Closed,2026-05-03 12:41:28.710989,Customer Service,Completed,Medium
C0082,Claim Received,2026-05-22 09:00:00.000000,Customer Service,Completed,High
C0082,Initial Review,2026-05-22 12:38:44.174071,Customer Service,Completed,High
C0082,Technical Assessment,2026-05-22 17:14:31.181837,Technical,Completed,High
C0082,Quality Review,2026-05-23 05:55:11.970380,Quality,Completed,High
C0082,Decision,2026-05-23 09:59:02.705691,Quality,Completed,High
C0082,Customer Notification,2026-05-23 11:00:15.110933,Customer Service,Completed,High
C0082,Case Closed,2026-05-23 15:04:15.637817,Customer Service,Completed,High
C0083,Claim Received,2026-04-12 16:00:00.000000,Customer Service,Completed,Medium
C0083,Initial Review,2026-04-12 18:52:11.306778,Customer Service,Completed,Medium
C0083,Technical Assessment,2026-04-13 00:00:44.220813,Technical,Completed,Medium
C0083,Quality Review,2026-04-13 19:39:38.594052,Quality,Completed,Medium
C0083,Technical Assessment,2026-04-14 09:39:59.689387,Technical,Completed,Medium
C0083,Quality Review,2026-04-16 08:10:55.669715,Quality,Completed,Medium
C0083,Decision,2026-04-16 15:41:11.427022,Quality,Completed,Medium
C0083,Customer Notification,2026-04-16 19:10:47.420270,Customer Service,Completed,Medium
C0083,Case Closed,2026-04-16 22:31:31.402559,Customer Service,Completed,Medium
C0084,Claim Received,2026-02-25 10:00:00.000000,Customer Service,Completed,Low
C0084,Initial Review,2026-02-25 14:29:34.171702,Customer Service,Completed,Low
C0084,Technical Assessment,2026-02-26 04:09:33.792378,Technical,Completed,Low
C0084,Quality Review,2026-02-27 02:51:24.163989,Quality,Completed,Low
C0084,Technical Assessment,2026-02-27 08:27:32.050521,Technical,Completed,Low
C0084,Quality Review,2026-02-28 21:43:23.510105,Quality,Completed,Low
C0084,Decision,2026-03-01 00:55:16.946751,Quality,Completed,Low
C0084,Customer Notification,2026-03-01 10:57:58.160736,Customer Service,Completed,Low
C0084,Case Closed,2026-03-01 15:15:30.276509,Customer Service,Completed,Low
C0085,Claim Received,2026-06-07 13:00:00.000000,Customer Service,Completed,Medium
C0085,Initial Review,2026-06-07 15:12:10.156299,Customer Service,Completed,Medium
C0085,Technical Assessment,2026-06-08 04:30:14.469907,Technical,Completed,Medium
C0085,Quality Review,2026-06-09 15:53:44.617925,Quality,Completed,Medium
C0085,Decision,2026-06-09 21:03:07.501944,Quality,Completed,Medium
C0085,Customer Notification,2026-06-10 01:01:01.481988,Customer Service,Completed,Medium
C0085,Case Closed,2026-06-10 03:58:09.649174,Customer Service,Completed,Medium
C0086,Claim Received,2026-03-06 08:00:00.000000,Customer Service,Completed,Critical
C0086,Initial Review,2026-03-06 09:23:33.844889,Customer Service,Completed,Critical
C0086,Technical Assessment,2026-03-06 13:04:50.218184,Technical,Completed,Critical
C0086,Quality Review,2026-03-06 20:19:28.497260,Quality,Completed,Critical
C0086,Decision,2026-03-06 23:35:40.629666,Quality,Completed,Critical
C0086,Customer Notification,2026-03-07 00:37:23.044515,Customer Service,Completed,Critical
C0086,Case Closed,2026-03-07 02:43:48.205061,Customer Service,Completed,Critical
C0087,Claim Received,2026-05-03 18:00:00.000000,Customer Service,Completed,Critical
C0087,Initial Review,2026-05-03 18:57:20.501986,Customer Service,Completed,Critical
C0087,Request Additional Information,2026-05-04 13:50:40.221718,Customer Service,Completed,Critical
C0087,Initial Review,2026-05-04 14:26:13.075830,Customer Service,Completed,Critical
C0087,Technical Assessment,2026-05-04 21:58:29.028003,Technical,Completed,Critical
C0087,Quality Review,2026-05-05 07:45:42.767429,Quality,Completed,Critical
C0087,Decision,2026-05-05 09:57:23.587230,Quality,Completed,Critical
C0087,Customer Notification,2026-05-05 13:35:12.663466,Customer Service,Completed,Critical
C0087,Case Closed,2026-05-05 15:42:14.767955,Customer Service,Completed,Critical
C0088,Claim Received,2026-06-17 13:00:00.000000,Customer Service,Completed,Low
C0088,Initial Review,2026-06-17 15:50:21.478692,Customer Service,Completed,Low
C0088,Technical Assessment,2026-06-18 03:58:48.298343,Technical,Completed,Low
C0088,Quality Review,2026-06-19 07:02:40.192526,Quality,Completed,Low
C0088,Technical Assessment,2026-06-19 17:32:25.127812,Technical,Completed,Low
C0088,Quality Review,2026-06-21 03:52:18.788971,Quality,Completed,Low
C0088,Decision,2026-06-21 12:00:44.568590,Quality,Completed,Low
C0088,Customer Notification,2026-06-21 13:30:35.213716,Customer Service,Completed,Low
C0088,Case Closed,2026-06-21 17:17:36.328199,Customer Service,Completed,Low
C0089,Claim Received,2026-01-27 09:00:00.000000,Customer Service,Completed,Medium
C0089,Initial Review,2026-01-27 11:38:22.558296,Customer Service,Completed,Medium
C0089,Technical Assessment,2026-01-27 21:52:56.712756,Technical,Completed,Medium
C0089,Quality Review,2026-01-28 13:52:54.821062,Quality,Completed,Medium
C0089,Decision,2026-01-28 18:33:52.821711,Quality,Completed,Medium
C0089,Customer Notification,2026-01-28 22:17:58.179804,Customer Service,Completed,Medium
C0089,Case Closed,2026-01-29 01:28:27.108878,Customer Service,Completed,Medium
C0090,Claim Received,2026-06-21 18:00:00.000000,Customer Service,Completed,Low
C0090,Initial Review,2026-06-21 21:38:14.141001,Customer Service,Completed,Low
C0090,Request Additional Information,2026-06-23 20:25:58.275513,Customer Service,Completed,Low
C0090,Initial Review,2026-06-23 21:49:10.912885,Customer Service,Completed,Low
C0090,Technical Assessment,2026-06-24 14:00:41.727863,Technical,Completed,Low
C0090,Quality Review,2026-06-25 08:02:49.256783,Quality,Completed,Low
C0090,Decision,2026-06-25 15:05:31.878521,Quality,Completed,Low
C0090,Customer Notification,2026-06-26 04:56:47.159831,Customer Service,Completed,Low
C0090,Case Closed,2026-06-26 07:04:01.424160,Customer Service,Completed,Low
C0091,Claim Received,2026-01-20 17:00:00.000000,Customer Service,Completed,Medium
C0091,Initial Review,2026-01-20 18:41:18.511941,Customer Service,Completed,Medium
C0091,Technical Assessment,2026-01-21 03:05:23.538183,Technical,Completed,Medium
C0091,Quality Review,2026-01-25 12:14:50.335730,Quality,Completed,Medium
C0091,Decision,2026-01-25 15:21:48.973599,Quality,Completed,Medium
C0091,Customer Notification,2026-01-25 19:06:15.232662,Customer Service,Completed,Medium
C0091,Case Closed,2026-01-25 23:58:44.593366,Customer Service,Completed,Medium
C0092,Claim Received,2026-06-27 15:00:00.000000,Customer Service,Completed,Medium
C0092,Initial Review,2026-06-27 17:00:03.210138,Customer Service,Completed,Medium
C0092,Technical Assessment,2026-06-27 22:02:15.432912,Technical,Completed,Medium
C0092,Quality Review,2026-06-29 03:09:30.591785,Quality,Completed,Medium
C0092,Decision,2026-06-29 10:01:17.677302,Quality,Completed,Medium
C0092,Customer Notification,2026-06-29 13:58:52.683626,Customer Service,Completed,Medium
C0092,Case Closed,2026-06-29 18:31:44.412389,Customer Service,Completed,Medium
C0093,Claim Received,2026-02-10 18:00:00.000000,Customer Service,Completed,Medium
C0093,Initial Review,2026-02-10 19:52:13.638175,Customer Service,Completed,Medium
C0093,Technical Assessment,2026-02-11 03:00:35.415583,Technical,Completed,Medium
C0093,Quality Review,2026-02-12 10:01:09.889783,Quality,Completed,Medium
C0093,Decision,2026-02-12 14:59:00.763632,Quality,Completed,Medium
C0093,Customer Notification,2026-02-12 17:42:01.359629,Customer Service,Completed,Medium
C0093,Case Closed,2026-02-12 23:36:55.574867,Customer Service,Completed,Medium
C0094,Claim Received,2026-04-12 15:00:00.000000,Customer Service,Completed,Low
C0094,Initial Review,2026-04-12 19:21:15.026144,Customer Service,Completed,Low
C0094,Technical Assessment,2026-04-13 13:59:10.593026,Technical,Completed,Low
C0094,Quality Review,2026-04-15 08:23:26.923589,Quality,Completed,Low
C0094,Technical Assessment,2026-04-15 20:45:01.381087,Technical,Completed,Low
C0094,Quality Review,2026-04-16 21:04:20.673550,Quality,Completed,Low
C0094,Decision,2026-04-17 05:05:25.088665,Quality,Completed,Low
C0094,Customer Notification,2026-04-17 06:56:43.330915,Customer Service,Completed,Low
C0094,Case Closed,2026-04-17 10:44:27.885903,Customer Service,Completed,Low
C0095,Claim Received,2026-02-09 12:00:00.000000,Customer Service,Completed,Low
C0095,Initial Review,2026-02-09 14:11:16.592926,Customer Service,Completed,Low
C0095,Technical Assessment,2026-02-10 06:54:17.000301,Technical,Completed,Low
C0095,Quality Review,2026-02-12 00:24:09.932716,Quality,Completed,Low
C0095,Decision,2026-02-12 08:53:36.534380,Quality,Completed,Low
C0095,Customer Notification,2026-02-12 12:22:46.874284,Customer Service,Completed,Low
C0095,Case Closed,2026-02-12 14:19:50.552659,Customer Service,Completed,Low
C0096,Claim Received,2026-02-13 17:00:00.000000,Customer Service,Completed,Medium
C0096,Initial Review,2026-02-13 22:42:28.925782,Customer Service,Completed,Medium
C0096,Technical Assessment,2026-02-14 11:55:49.062601,Technical,Completed,Medium
C0096,Quality Review,2026-02-15 14:27:13.064240,Quality,Completed,Medium
C0096,Decision,2026-02-15 19:50:07.213784,Quality,Completed,Medium
C0096,Customer Notification,2026-02-15 23:05:26.514792,Customer Service,Completed,Medium
C0096,Case Closed,2026-02-16 03:17:52.682001,Customer Service,Completed,Medium
C0097,Claim Received,2026-04-17 17:00:00.000000,Customer Service,Completed,High
C0097,Initial Review,2026-04-17 20:21:21.473168,Customer Service,Completed,High
C0097,Request Additional Information,2026-04-19 00:01:05.837756,Customer Service,Completed,High
C0097,Initial Review,2026-04-19 04:38:41.600203,Customer Service,Completed,High
C0097,Technical Assessment,2026-04-19 16:51:26.626581,Technical,Completed,High
C0097,Quality Review,2026-04-20 08:10:05.255774,Quality,Completed,High
C0097,Decision,2026-04-20 10:03:20.552983,Quality,Completed,High
C0097,Customer Notification,2026-04-20 12:01:04.482747,Customer Service,Completed,High
C0097,Case Closed,2026-04-20 15:14:40.390532,Customer Service,Completed,High
C0098,Claim Received,2026-03-30 14:00:00.000000,Customer Service,Completed,High
C0098,Initial Review,2026-03-30 15:19:23.032582,Customer Service,Completed,High
C0098,Request Additional Information,2026-03-31 17:05:55.030631,Customer Service,Completed,High
C0098,Initial Review,2026-03-31 19:45:52.235596,Customer Service,Completed,High
C0098,Technical Assessment,2026-04-01 01:44:28.324939,Technical,Completed,High
C0098,Quality Review,2026-04-01 16:54:47.778723,Quality,Completed,High
C0098,Decision,2026-04-01 21:28:01.500958,Quality,Completed,High
C0098,Customer Notification,2026-04-02 00:20:37.757773,Customer Service,Completed,High
C0098,Case Closed,2026-04-02 02:27:12.833593,Customer Service,Completed,High
C0099,Claim Received,2026-05-08 16:00:00.000000,Customer Service,Completed,High
C0099,Initial Review,2026-05-08 18:40:02.137695,Customer Service,Completed,High
C0099,Technical Assessment,2026-05-09 03:26:16.107104,Technical,Completed,High
C0099,Quality Review,2026-05-09 20:35:17.006870,Quality,Completed,High
C0099,Decision,2026-05-09 23:20:36.797781,Quality,Completed,High
C0099,Customer Notification,2026-05-10 00:15:37.204050,Customer Service,Completed,High
C0099,Case Closed,2026-05-10 03:27:01.474353,Customer Service,Completed,High
C0100,Claim Received,2026-01-03 09:00:00.000000,Customer Service,Completed,Medium
C0100,Initial Review,2026-01-03 12:09:16.699848,Customer Service,Completed,Medium
C0100,Request Additional Information,2026-01-05 02:20:41.744859,Customer Service,Completed,Medium
C0100,Initial Review,2026-01-05 05:10:28.617204,Customer Service,Completed,Medium
C0100,Technical Assessment,2026-01-05 17:09:30.812056,Technical,Completed,Medium
C0100,Quality Review,2026-01-06 18:26:09.272916,Quality,Completed,Medium
C0100,Decision,2026-01-06 23:27:41.192345,Quality,Completed,Medium
C0100,Customer Notification,2026-01-07 01:18:02.175663,Customer Service,Completed,Medium
C0100,Case Closed,2026-01-07 05:42:09.351185,Customer Service,Completed,Medium
C0101,Claim Received,2026-03-28 16:00:00.000000,Customer Service,Completed,Medium
C0101,Initial Review,2026-03-28 21:41:41.074205,Customer Service,Completed,Medium
C0101,Technical Assessment,2026-03-29 04:28:53.591435,Technical,Completed,Medium
C0101,Quality Review,2026-04-01 04:29:13.784041,Quality,Completed,Medium
C0101,Technical Assessment,2026-04-01 10:24:20.417269,Technical,Completed,Medium
C0101,Quality Review,2026-04-02 09:46:31.911863,Quality,Completed,Medium
C0101,Technical Assessment,2026-04-02 22:15:47.442192,Technical,Completed,Medium
C0101,Quality Review,2026-04-03 18:08:03.691428,Quality,Completed,Medium
C0101,Decision,2026-04-03 21:06:33.735619,Quality,Completed,Medium
C0101,Customer Notification,2026-04-04 00:19:38.384713,Customer Service,Completed,Medium
C0101,Case Closed,2026-04-04 03:00:33.106852,Customer Service,Completed,Medium
C0102,Claim Received,2026-03-18 15:00:00.000000,Customer Service,Completed,High
C0102,Initial Review,2026-03-18 19:03:46.783199,Customer Service,Completed,High
C0102,Technical Assessment,2026-03-19 05:48:34.656944,Technical,Completed,High
C0102,Quality Review,2026-03-20 02:37:00.148989,Quality,Completed,High
C0102,Decision,2026-03-20 07:41:53.751382,Quality,Completed,High
C0102,Customer Notification,2026-03-20 08:33:43.982801,Customer Service,Completed,High
C0102,Case Closed,2026-03-20 13:13:49.800826,Customer Service,Completed,High
C0103,Claim Received,2026-01-14 17:00:00.000000,Customer Service,Completed,Medium
C0103,Initial Review,2026-01-14 20:24:08.078107,Customer Service,Completed,Medium
C0103,Request Additional Information,2026-01-16 10:21:53.373555,Customer Service,Completed,Medium
C0103,Initial Review,2026-01-16 13:15:56.799609,Customer Service,Completed,Medium
C0103,Technical Assessment,2026-01-16 20:39:23.506240,Technical,Completed,Medium
C0103,Quality Review,2026-01-18 01:28:08.512963,Quality,Completed,Medium
C0103,Decision,2026-01-18 06:06:54.945993,Quality,Completed,Medium
C0103,Customer Notification,2026-01-18 08:21:14.915179,Customer Service,Completed,Medium
C0103,Case Closed,2026-01-18 11:51:47.666262,Customer Service,Completed,Medium
C0104,Claim Received,2026-01-16 10:00:00.000000,Customer Service,Completed,High
C0104,Initial Review,2026-01-16 12:52:29.038246,Customer Service,Completed,High
C0104,Technical Assessment,2026-01-17 03:15:13.352300,Technical,Completed,High
C0104,Quality Review,2026-01-17 20:05:19.480830,Quality,Completed,High
C0104,Decision,2026-01-17 23:53:42.466663,Quality,Completed,High
C0104,Customer Notification,2026-01-18 02:00:22.267277,Customer Service,Completed,High
C0104,Case Closed,2026-01-18 06:16:36.490687,Customer Service,Completed,High
C0105,Claim Received,2026-05-04 11:00:00.000000,Customer Service,Completed,Medium
C0105,Initial Review,2026-05-04 16:47:12.073131,Customer Service,Completed,Medium
C0105,Request Additional Information,2026-05-05 15:31:57.564421,Customer Service,Completed,Medium
C0105,Initial Review,2026-05-05 21:26:38.249758,Customer Service,Completed,Medium
C0105,Technical Assessment,2026-05-06 11:18:45.256975,Technical,Completed,Medium
C0105,Quality Review,2026-05-07 11:02:55.123045,Quality,Completed,Medium
C0105,Decision,2026-05-07 16:24:41.654994,Quality,Completed,Medium
C0105,Customer Notification,2026-05-07 19:34:35.630283,Customer Service,Completed,Medium
C0105,Case Closed,2026-05-07 23:26:38.212753,Customer Service,Completed,Medium
C0106,Claim Received,2026-03-30 10:00:00.000000,Customer Service,Completed,Medium
C0106,Initial Review,2026-03-30 12:27:08.147736,Customer Service,Completed,Medium
C0106,Technical Assessment,2026-03-31 02:27:00.868626,Technical,Completed,Medium
C0106,Quality Review,2026-04-01 01:04:02.164691,Quality,Completed,Medium
C0106,Technical Assessment,2026-04-01 11:46:27.759547,Technical,Completed,Medium
C0106,Quality Review,2026-04-02 12:42:00.892155,Quality,Completed,Medium
C0106,Decision,2026-04-02 18:52:38.192249,Quality,Completed,Medium
C0106,Customer Notification,2026-04-02 21:43:27.504221,Customer Service,Completed,Medium
C0106,Case Closed,2026-04-02 23:56:11.748912,Customer Service,Completed,Medium
C0107,Claim Received,2026-01-14 09:00:00.000000,Customer Service,Completed,Medium
C0107,Initial Review,2026-01-14 12:03:59.424589,Customer Service,Completed,Medium
C0107,Technical Assessment,2026-01-14 17:28:26.887790,Technical,Completed,Medium
C0107,Quality Review,2026-01-15 05:35:54.564760,Quality,Completed,Medium
C0107,Decision,2026-01-15 13:10:23.117852,Quality,Completed,Medium
C0107,Customer Notification,2026-01-15 16:58:41.464517,Customer Service,Completed,Medium
C0107,Case Closed,2026-01-15 20:21:55.537885,Customer Service,Completed,Medium
C0108,Claim Received,2026-06-15 08:00:00.000000,Customer Service,Completed,Medium
C0108,Initial Review,2026-06-15 13:32:22.865257,Customer Service,Completed,Medium
C0108,Technical Assessment,2026-06-16 01:34:39.186257,Technical,Completed,Medium
C0108,Quality Review,2026-06-17 06:55:56.553657,Quality,Completed,Medium
C0108,Technical Assessment,2026-06-17 23:43:03.331831,Technical,Completed,Medium
C0108,Quality Review,2026-06-19 08:53:29.297512,Quality,Completed,Medium
C0108,Technical Assessment,2026-06-20 01:45:58.892029,Technical,Completed,Medium
C0108,Quality Review,2026-06-20 23:17:39.223247,Quality,Completed,Medium
C0108,Decision,2026-06-21 06:54:49.972134,Quality,Completed,Medium
C0108,Customer Notification,2026-06-21 10:41:31.200871,Customer Service,Completed,Medium
C0108,Case Closed,2026-06-21 11:44:18.009904,Customer Service,Completed,Medium
C0109,Claim Received,2026-03-14 15:00:00.000000,Customer Service,Completed,Critical
C0109,Initial Review,2026-03-14 17:58:21.895231,Customer Service,Completed,Critical
C0109,Technical Assessment,2026-03-14 23:25:48.488224,Technical,Completed,Critical
C0109,Quality Review,2026-03-15 15:38:34.268931,Quality,Completed,Critical
C0109,Decision,2026-03-15 17:13:16.632032,Quality,Completed,Critical
C0109,Customer Notification,2026-03-15 17:57:54.101050,Customer Service,Completed,Critical
C0109,Case Closed,2026-03-15 19:06:29.484972,Customer Service,Completed,Critical
C0110,Claim Received,2026-05-26 18:00:00.000000,Customer Service,Completed,High
C0110,Initial Review,2026-05-26 21:49:44.871604,Customer Service,Completed,High
C0110,Request Additional Information,2026-05-28 08:05:10.141167,Customer Service,Completed,High
C0110,Initial Review,2026-05-28 12:11:38.794651,Customer Service,Completed,High
C0110,Technical Assessment,2026-05-28 16:21:56.061531,Technical,Completed,High
C0110,Quality Review,2026-05-29 05:30:48.138147,Quality,Completed,High
C0110,Decision,2026-05-29 08:39:59.975006,Quality,Completed,High
C0110,Customer Notification,2026-05-29 10:05:33.159800,Customer Service,Completed,High
C0110,Case Closed,2026-05-29 13:54:27.255586,Customer Service,Completed,High
C0111,Claim Received,2026-01-03 12:00:00.000000,Customer Service,Completed,High
C0111,Initial Review,2026-01-03 15:24:53.040486,Customer Service,Completed,High
C0111,Technical Assessment,2026-01-03 19:18:37.893544,Technical,Completed,High
C0111,Quality Review,2026-01-04 10:48:04.347903,Quality,Completed,High
C0111,Decision,2026-01-04 14:48:47.901646,Quality,Completed,High
C0111,Customer Notification,2026-01-04 17:18:06.634429,Customer Service,Completed,High
C0111,Case Closed,2026-01-04 18:34:17.421169,Customer Service,Completed,High
C0112,Claim Received,2026-02-26 10:00:00.000000,Customer Service,Completed,Medium
C0112,Initial Review,2026-02-26 13:23:27.274195,Customer Service,Completed,Medium
C0112,Technical Assessment,2026-02-27 07:14:04.707475,Technical,Completed,Medium
C0112,Quality Review,2026-02-28 12:04:52.386275,Quality,Completed,Medium
C0112,Decision,2026-02-28 18:37:31.157578,Quality,Completed,Medium
C0112,Customer Notification,2026-02-28 22:06:07.675476,Customer Service,Completed,Medium
C0112,Case Closed,2026-03-01 02:30:13.830035,Customer Service,Completed,Medium
C0113,Claim Received,2026-05-16 13:00:00.000000,Customer Service,Completed,Medium
C0113,Initial Review,2026-05-16 14:23:25.848999,Customer Service,Completed,Medium
C0113,Request Additional Information,2026-05-17 04:36:49.691962,Customer Service,Completed,Medium
C0113,Initial Review,2026-05-17 08:08:28.458972,Customer Service,Completed,Medium
C0113,Technical Assessment,2026-05-17 14:14:21.018994,Technical,Completed,Medium
C0113,Quality Review,2026-05-18 14:43:38.528152,Quality,Completed,Medium
C0113,Decision,2026-05-18 17:57:35.200240,Quality,Completed,Medium
C0113,Customer Notification,2026-05-18 19:13:57.370000,Customer Service,Completed,Medium
C0113,Case Closed,2026-05-19 00:16:33.827497,Customer Service,Completed,Medium
C0114,Claim Received,2026-01-15 16:00:00.000000,Customer Service,Completed,Medium
C0114,Initial Review,2026-01-15 19:18:42.809503,Customer Service,Completed,Medium
C0114,Technical Assessment,2026-01-16 09:26:16.125526,Technical,Completed,Medium
C0114,Quality Review,2026-01-17 17:01:57.684247,Quality,Completed,Medium
C0114,Decision,2026-01-18 09:26:32.254223,Quality,Completed,Medium
C0114,Customer Notification,2026-01-18 11:28:33.165982,Customer Service,Completed,Medium
C0114,Case Closed,2026-01-18 17:26:47.391871,Customer Service,Completed,Medium
C0115,Claim Received,2026-01-09 12:00:00.000000,Customer Service,Completed,Critical
C0115,Initial Review,2026-01-09 13:31:19.802422,Customer Service,Completed,Critical
C0115,Technical Assessment,2026-01-09 20:52:58.660032,Technical,Completed,Critical
C0115,Quality Review,2026-01-10 10:38:00.711374,Quality,Completed,Critical
C0115,Decision,2026-01-10 14:36:43.562639,Quality,Completed,Critical
C0115,Customer Notification,2026-01-10 16:24:59.512180,Customer Service,Completed,Critical
C0115,Case Closed,2026-01-10 17:51:20.321984,Customer Service,Completed,Critical
C0116,Claim Received,2026-06-17 13:00:00.000000,Customer Service,Completed,Medium
C0116,Initial Review,2026-06-17 14:35:35.397011,Customer Service,Completed,Medium
C0116,Request Additional Information,2026-06-18 16:44:35.795690,Customer Service,Completed,Medium
C0116,Initial Review,2026-06-18 22:38:12.834476,Customer Service,Completed,Medium
C0116,Technical Assessment,2026-06-19 13:13:24.276985,Technical,Completed,Medium
C0116,Quality Review,2026-06-20 12:20:07.814048,Quality,Completed,Medium
C0116,Decision,2026-06-20 16:52:48.979490,Quality,Completed,Medium
C0116,Customer Notification,2026-06-20 18:34:09.351411,Customer Service,Completed,Medium
C0116,Case Closed,2026-06-20 20:20:41.536129,Customer Service,Completed,Medium
C0117,Claim Received,2026-01-09 18:00:00.000000,Customer Service,Completed,High
C0117,Initial Review,2026-01-09 20:28:37.064618,Customer Service,Completed,High
C0117,Technical Assessment,2026-01-11 11:46:16.265596,Technical,Completed,High
C0117,Quality Review,2026-01-12 01:19:40.627298,Quality,Completed,High
C0117,Technical Assessment,2026-01-12 04:54:14.422736,Technical,Completed,High
C0117,Quality Review,2026-01-15 02:12:47.863033,Quality,Completed,High
C0117,Decision,2026-01-15 07:22:04.412869,Quality,Completed,High
C0117,Customer Notification,2026-01-15 08:43:49.104235,Customer Service,Completed,High
C0117,Case Closed,2026-01-15 12:59:06.819729,Customer Service,Completed,High
C0118,Claim Received,2026-05-28 13:00:00.000000,Customer Service,Completed,Medium
C0118,Initial Review,2026-05-28 16:53:14.546663,Customer Service,Completed,Medium
C0118,Technical Assessment,2026-05-29 08:20:41.024113,Technical,Completed,Medium
C0118,Quality Review,2026-05-30 17:22:29.743149,Quality,Completed,Medium
C0118,Decision,2026-05-30 22:30:08.765921,Quality,Completed,Medium
C0118,Customer Notification,2026-05-31 00:19:40.428262,Customer Service,Completed,Medium
C0118,Case Closed,2026-05-31 04:17:10.436462,Customer Service,Completed,Medium
C0119,Claim Received,2026-05-23 15:00:00.000000,Customer Service,Completed,High
C0119,Initial Review,2026-05-23 15:59:15.130996,Customer Service,Completed,High
C0119,Technical Assessment,2026-05-24 02:23:33.634749,Technical,Completed,High
C0119,Quality Review,2026-05-24 22:03:44.521449,Quality,Completed,High
C0119,Decision,2026-05-25 01:37:19.240025,Quality,Completed,High
C0119,Customer Notification,2026-05-25 02:51:47.954401,Customer Service,Completed,High
C0119,Case Closed,2026-05-25 04:37:37.896323,Customer Service,Completed,High
C0120,Claim Received,2026-04-29 08:00:00.000000,Customer Service,Completed,Low
C0120,Initial Review,2026-04-29 12:34:27.536511,Customer Service,Completed,Low
C0120,Technical Assessment,2026-04-30 02:44:12.239647,Technical,Completed,Low
C0120,Quality Review,2026-05-01 00:07:51.810595,Quality,Completed,Low
C0120,Technical Assessment,2026-05-01 15:47:44.580497,Technical,Completed,Low
C0120,Quality Review,2026-05-03 06:35:35.369949,Quality,Completed,Low
C0120,Decision,2026-05-03 14:12:36.605692,Quality,Completed,Low
C0120,Customer Notification,2026-05-03 16:22:35.867871,Customer Service,Completed,Low
C0120,Case Closed,2026-05-03 21:11:38.984043,Customer Service,Completed,Low
C0121,Claim Received,2026-06-21 16:00:00.000000,Customer Service,Completed,High
C0121,Initial Review,2026-06-21 17:40:05.037912,Customer Service,Completed,High
C0121,Technical Assessment,2026-06-22 07:01:36.601518,Technical,Completed,High
C0121,Quality Review,2026-06-23 10:04:46.277906,Quality,Completed,High
C0121,Decision,2026-06-23 12:35:29.887401,Quality,Completed,High
C0121,Customer Notification,2026-06-23 15:11:02.923926,Customer Service,Completed,High
C0121,Case Closed,2026-06-23 19:38:30.878600,Customer Service,Completed,High
C0122,Claim Received,2026-03-03 16:00:00.000000,Customer Service,Completed,Medium
C0122,Initial Review,2026-03-03 18:36:29.070159,Customer Service,Completed,Medium
C0122,Request Additional Information,2026-03-04 23:23:35.129885,Customer Service,Completed,Medium
C0122,Initial Review,2026-03-05 01:56:06.731002,Customer Service,Completed,Medium
C0122,Technical Assessment,2026-03-05 18:17:40.453401,Technical,Completed,Medium
C0122,Quality Review,2026-03-07 01:33:43.809526,Quality,Completed,Medium
C0122,Decision,2026-03-07 08:07:54.995263,Quality,Completed,Medium
C0122,Customer Notification,2026-03-07 09:44:28.772169,Customer Service,Completed,Medium
C0122,Case Closed,2026-03-07 10:58:11.650233,Customer Service,Completed,Medium
C0123,Claim Received,2026-05-22 17:00:00.000000,Customer Service,Completed,Low
C0123,Initial Review,2026-05-22 21:40:29.487202,Customer Service,Completed,Low
C0123,Request Additional Information,2026-05-23 18:39:32.509714,Customer Service,Completed,Low
C0123,Initial Review,2026-05-23 22:08:17.048848,Customer Service,Completed,Low
C0123,Technical Assessment,2026-05-24 11:19:34.802502,Technical,Completed,Low
C0123,Quality Review,2026-05-25 21:26:59.699270,Quality,Completed,Low
C0123,Decision,2026-05-26 05:45:55.362347,Quality,Completed,Low
C0123,Customer Notification,2026-05-26 09:16:31.722476,Customer Service,Completed,Low
C0123,Case Closed,2026-05-26 11:29:05.569229,Customer Service,Completed,Low
C0124,Claim Received,2026-05-06 10:00:00.000000,Customer Service,Completed,High
C0124,Initial Review,2026-05-06 14:28:03.351212,Customer Service,Completed,High
C0124,Technical Assessment,2026-05-07 00:51:21.108768,Technical,Completed,High
C0124,Quality Review,2026-05-07 11:06:19.006863,Quality,Completed,High
C0124,Decision,2026-05-07 17:14:31.857425,Quality,Completed,High
C0124,Customer Notification,2026-05-07 19:52:35.745033,Customer Service,Completed,High
C0124,Case Closed,2026-05-08 00:02:48.388955,Customer Service,Completed,High
C0125,Claim Received,2026-05-10 15:00:00.000000,Customer Service,Completed,Low
C0125,Initial Review,2026-05-10 18:26:21.134962,Customer Service,Completed,Low
C0125,Request Additional Information,2026-05-12 13:38:34.830502,Customer Service,Completed,Low
C0125,Initial Review,2026-05-12 17:44:32.040220,Customer Service,Completed,Low
C0125,Technical Assessment,2026-05-12 22:39:11.955571,Technical,Completed,Low
C0125,Quality Review,2026-05-13 13:23:40.663946,Quality,Completed,Low
C0125,Decision,2026-05-13 17:46:21.943854,Quality,Completed,Low
C0125,Customer Notification,2026-05-13 19:02:04.111919,Customer Service,Completed,Low
C0125,Case Closed,2026-05-14 00:16:43.223685,Customer Service,Completed,Low
C0126,Claim Received,2026-01-25 16:00:00.000000,Customer Service,Completed,Low
C0126,Initial Review,2026-01-25 18:05:36.185692,Customer Service,Completed,Low
C0126,Technical Assessment,2026-01-26 07:44:16.243689,Technical,Completed,Low
C0126,Quality Review,2026-01-27 05:50:12.472388,Quality,Completed,Low
C0126,Technical Assessment,2026-01-27 16:54:14.632156,Technical,Completed,Low
C0126,Quality Review,2026-01-28 23:34:34.058432,Quality,Completed,Low
C0126,Decision,2026-01-29 03:36:08.278420,Quality,Completed,Low
C0126,Customer Notification,2026-01-29 07:51:16.636062,Customer Service,Completed,Low
C0126,Case Closed,2026-01-29 14:12:14.169897,Customer Service,Completed,Low
C0127,Claim Received,2026-05-22 15:00:00.000000,Customer Service,Completed,Medium
C0127,Initial Review,2026-05-22 18:50:30.206713,Customer Service,Completed,Medium
C0127,Technical Assessment,2026-05-23 01:14:27.938904,Technical,Completed,Medium
C0127,Quality Review,2026-05-23 23:39:17.732834,Quality,Completed,Medium
C0127,Decision,2026-05-24 05:03:00.235998,Quality,Completed,Medium
C0127,Customer Notification,2026-05-24 06:20:10.143821,Customer Service,Completed,Medium
C0127,Case Closed,2026-05-24 07:32:56.075458,Customer Service,Completed,Medium
C0128,Claim Received,2026-05-02 12:00:00.000000,Customer Service,Completed,High
C0128,Initial Review,2026-05-02 12:59:10.492379,Customer Service,Completed,High
C0128,Technical Assessment,2026-05-03 02:33:10.071921,Technical,Completed,High
C0128,Quality Review,2026-05-05 15:48:39.477330,Quality,Completed,High
C0128,Technical Assessment,2026-05-06 05:24:47.337016,Technical,Completed,High
C0128,Quality Review,2026-05-07 09:28:24.087420,Quality,Completed,High
C0128,Decision,2026-05-07 14:41:03.044659,Quality,Completed,High
C0128,Customer Notification,2026-05-07 16:26:24.322275,Customer Service,Completed,High
C0128,Case Closed,2026-05-07 17:53:23.605885,Customer Service,Completed,High
C0129,Claim Received,2026-05-19 13:00:00.000000,Customer Service,Completed,Medium
C0129,Initial Review,2026-05-19 15:55:09.231853,Customer Service,Completed,Medium
C0129,Technical Assessment,2026-05-20 06:59:10.335349,Technical,Completed,Medium
C0129,Quality Review,2026-05-20 20:52:06.487853,Quality,Completed,Medium
C0129,Technical Assessment,2026-05-21 05:42:37.806562,Technical,Completed,Medium
C0129,Quality Review,2026-05-21 23:16:55.048542,Quality,Completed,Medium
C0129,Decision,2026-05-22 04:54:46.693395,Quality,Completed,Medium
C0129,Customer Notification,2026-05-22 07:41:59.266945,Customer Service,Completed,Medium
C0129,Case Closed,2026-05-22 10:19:54.046591,Customer Service,Completed,Medium
C0130,Claim Received,2026-02-28 13:00:00.000000,Customer Service,Completed,Medium
C0130,Initial Review,2026-02-28 16:45:54.679049,Customer Service,Completed,Medium
C0130,Request Additional Information,2026-03-01 11:27:06.303877,Customer Service,Completed,Medium
C0130,Initial Review,2026-03-01 14:21:07.612721,Customer Service,Completed,Medium
C0130,Technical Assessment,2026-03-01 22:29:14.738549,Technical,Completed,Medium
C0130,Quality Review,2026-03-02 12:15:05.716023,Quality,Completed,Medium
C0130,Decision,2026-03-02 16:31:53.715874,Quality,Completed,Medium
C0130,Customer Notification,2026-03-02 17:59:39.906293,Customer Service,Completed,Medium
C0130,Case Closed,2026-03-02 20:47:52.510399,Customer Service,Completed,Medium
C0131,Claim Received,2026-03-11 09:00:00.000000,Customer Service,Completed,Medium
C0131,Initial Review,2026-03-11 10:39:45.126081,Customer Service,Completed,Medium
C0131,Technical Assessment,2026-03-11 20:56:46.847403,Technical,Completed,Medium
C0131,Quality Review,2026-03-14 14:19:31.897585,Quality,Completed,Medium
C0131,Technical Assessment,2026-03-14 23:16:49.177667,Technical,Completed,Medium
C0131,Quality Review,2026-03-16 01:38:00.161796,Quality,Completed,Medium
C0131,Decision,2026-03-16 05:56:41.300812,Quality,Completed,Medium
C0131,Customer Notification,2026-03-16 08:06:29.536053,Customer Service,Completed,Medium
C0131,Case Closed,2026-03-16 13:36:49.984860,Customer Service,Completed,Medium
C0132,Claim Received,2026-02-13 18:00:00.000000,Customer Service,Completed,Medium
C0132,Initial Review,2026-02-13 20:54:13.176423,Customer Service,Completed,Medium
C0132,Technical Assessment,2026-02-14 05:07:10.192198,Technical,Completed,Medium
C0132,Quality Review,2026-02-14 18:38:16.473982,Quality,Completed,Medium
C0132,Technical Assessment,2026-02-15 04:32:00.031907,Technical,Completed,Medium
C0132,Quality Review,2026-02-15 18:22:46.037532,Quality,Completed,Medium
C0132,Technical Assessment,2026-02-16 01:49:54.176977,Technical,Completed,Medium
C0132,Quality Review,2026-02-17 04:04:59.049768,Quality,Completed,Medium
C0132,Decision,2026-02-17 06:43:29.652908,Quality,Completed,Medium
C0132,Customer Notification,2026-02-17 10:34:16.946302,Customer Service,Completed,Medium
C0132,Case Closed,2026-02-17 14:40:20.405684,Customer Service,Completed,Medium
C0133,Claim Received,2026-06-16 17:00:00.000000,Customer Service,Completed,Medium
C0133,Initial Review,2026-06-16 18:40:50.240488,Customer Service,Completed,Medium
C0133,Technical Assessment,2026-06-17 11:56:33.098158,Technical,Completed,Medium
C0133,Quality Review,2026-06-18 07:28:58.533653,Quality,Completed,Medium
C0133,Decision,2026-06-18 15:17:42.998443,Quality,Completed,Medium
C0133,Customer Notification,2026-06-18 18:22:48.542334,Customer Service,Completed,Medium
C0133,Case Closed,2026-06-18 22:15:34.369403,Customer Service,Completed,Medium
C0134,Claim Received,2026-04-11 13:00:00.000000,Customer Service,Completed,High
C0134,Initial Review,2026-04-11 14:15:19.984660,Customer Service,Completed,High
C0134,Technical Assessment,2026-04-12 00:05:18.578681,Technical,Completed,High
C0134,Quality Review,2026-04-12 22:46:38.555883,Quality,Completed,High
C0134,Decision,2026-04-13 04:57:06.475569,Quality,Completed,High
C0134,Customer Notification,2026-04-13 07:27:06.766892,Customer Service,Completed,High
C0134,Case Closed,2026-04-13 09:25:01.936287,Customer Service,Completed,High
C0135,Claim Received,2026-04-15 18:00:00.000000,Customer Service,Completed,High
C0135,Initial Review,2026-04-15 20:47:49.966300,Customer Service,Completed,High
C0135,Request Additional Information,2026-04-16 13:22:02.720964,Customer Service,Completed,High
C0135,Initial Review,2026-04-16 17:01:42.124999,Customer Service,Completed,High
C0135,Technical Assessment,2026-04-16 21:03:24.399266,Technical,Completed,High
C0135,Quality Review,2026-04-17 15:51:29.101714,Quality,Completed,High
C0135,Decision,2026-04-17 19:53:23.368186,Quality,Completed,High
C0135,Customer Notification,2026-04-17 22:20:59.732787,Customer Service,Completed,High
C0135,Case Closed,2026-04-18 02:18:46.113993,Customer Service,Completed,High
C0136,Claim Received,2026-06-13 09:00:00.000000,Customer Service,Completed,Medium
C0136,Initial Review,2026-06-13 10:32:48.649654,Customer Service,Completed,Medium
C0136,Technical Assessment,2026-06-13 23:51:09.221569,Technical,Completed,Medium
C0136,Quality Review,2026-06-15 02:33:24.592329,Quality,Completed,Medium
C0136,Technical Assessment,2026-06-15 15:35:14.165006,Technical,Completed,Medium
C0136,Quality Review,2026-06-17 02:47:26.646946,Quality,Completed,Medium
C0136,Decision,2026-06-17 09:34:05.237938,Quality,Completed,Medium
C0136,Customer Notification,2026-06-17 10:51:50.188771,Customer Service,Completed,Medium
C0136,Case Closed,2026-06-17 15:35:53.543268,Customer Service,Completed,Medium
C0137,Claim Received,2026-04-06 14:00:00.000000,Customer Service,Completed,Medium
C0137,Initial Review,2026-04-06 17:18:55.137754,Customer Service,Completed,Medium
C0137,Request Additional Information,2026-04-08 06:10:15.812576,Customer Service,Completed,Medium
C0137,Initial Review,2026-04-08 12:09:34.461633,Customer Service,Completed,Medium
C0137,Technical Assessment,2026-04-08 20:17:44.245547,Technical,Completed,Medium
C0137,Quality Review,2026-04-09 10:21:22.100217,Quality,Completed,Medium
C0137,Decision,2026-04-09 16:44:13.355834,Quality,Completed,Medium
C0137,Customer Notification,2026-04-09 18:45:58.475987,Customer Service,Completed,Medium
C0137,Case Closed,2026-04-09 22:22:18.542923,Customer Service,Completed,Medium
C0138,Claim Received,2026-04-26 13:00:00.000000,Customer Service,Completed,High
C0138,Initial Review,2026-04-26 16:12:21.931490,Customer Service,Completed,High
C0138,Technical Assessment,2026-04-28 01:41:17.758091,Technical,Completed,High
C0138,Quality Review,2026-04-28 17:52:31.305826,Quality,Completed,High
C0138,Decision,2026-04-28 23:18:56.171999,Quality,Completed,High
C0138,Customer Notification,2026-04-29 01:53:34.001147,Customer Service,Completed,High
C0138,Case Closed,2026-04-29 04:54:01.509320,Customer Service,Completed,High
C0139,Claim Received,2026-04-14 18:00:00.000000,Customer Service,Completed,Medium
C0139,Initial Review,2026-04-14 19:55:20.131953,Customer Service,Completed,Medium
C0139,Technical Assessment,2026-04-16 02:04:18.861160,Technical,Completed,Medium
C0139,Quality Review,2026-04-17 04:48:37.700549,Quality,Completed,Medium
C0139,Decision,2026-04-17 10:21:49.288770,Quality,Completed,Medium
C0139,Customer Notification,2026-04-17 13:28:40.433422,Customer Service,Completed,Medium
C0139,Case Closed,2026-04-17 18:14:22.292338,Customer Service,Completed,Medium
C0140,Claim Received,2026-05-18 10:00:00.000000,Customer Service,Completed,Low
C0140,Initial Review,2026-05-18 13:23:41.129435,Customer Service,Completed,Low
C0140,Technical Assessment,2026-05-18 20:06:33.126063,Technical,Completed,Low
C0140,Quality Review,2026-05-20 00:36:22.824986,Quality,Completed,Low
C0140,Decision,2026-05-20 05:15:46.259519,Quality,Completed,Low
C0140,Customer Notification,2026-05-20 07:52:33.629833,Customer Service,Completed,Low
C0140,Case Closed,2026-05-20 11:11:16.504200,Customer Service,Completed,Low
C0141,Claim Received,2026-03-18 17:00:00.000000,Customer Service,Completed,High
C0141,Initial Review,2026-03-18 20:09:38.424456,Customer Service,Completed,High
C0141,Technical Assessment,2026-03-19 02:52:06.073689,Technical,Completed,High
C0141,Quality Review,2026-03-19 14:42:49.581931,Quality,Completed,High
C0141,Decision,2026-03-19 16:59:32.257559,Quality,Completed,High
C0141,Customer Notification,2026-03-19 19:13:25.376622,Customer Service,Completed,High
C0141,Case Closed,2026-03-19 21:42:57.135084,Customer Service,Completed,High
C0142,Claim Received,2026-02-14 16:00:00.000000,Customer Service,Completed,Critical
C0142,Initial Review,2026-02-14 16:55:01.789714,Customer Service,Completed,Critical
C0142,Technical Assessment,2026-02-14 20:13:36.673929,Technical,Completed,Critical
C0142,Quality Review,2026-02-15 09:39:35.185013,Quality,Completed,Critical
C0142,Decision,2026-02-15 13:30:55.078078,Quality,Completed,Critical
C0142,Customer Notification,2026-02-15 14:18:28.771933,Customer Service,Completed,Critical
C0142,Case Closed,2026-02-15 16:12:43.010629,Customer Service,Completed,Critical
C0143,Claim Received,2026-04-24 15:00:00.000000,Customer Service,Completed,Medium
C0143,Initial Review,2026-04-24 16:50:10.562774,Customer Service,Completed,Medium
C0143,Technical Assessment,2026-04-25 07:58:42.959610,Technical,Completed,Medium
C0143,Quality Review,2026-04-25 20:45:47.815115,Quality,Completed,Medium
C0143,Decision,2026-04-26 00:29:43.093814,Quality,Completed,Medium
C0143,Customer Notification,2026-04-26 03:11:32.118795,Customer Service,Completed,Medium
C0143,Case Closed,2026-04-26 06:40:07.758970,Customer Service,Completed,Medium
C0144,Claim Received,2026-05-20 13:00:00.000000,Customer Service,Completed,Medium
C0144,Initial Review,2026-05-20 16:42:36.780824,Customer Service,Completed,Medium
C0144,Technical Assessment,2026-05-21 07:21:00.989021,Technical,Completed,Medium
C0144,Quality Review,2026-05-22 00:35:43.012206,Quality,Completed,Medium
C0144,Decision,2026-05-22 07:00:40.368075,Quality,Completed,Medium
C0144,Customer Notification,2026-05-22 08:45:13.709624,Customer Service,Completed,Medium
C0144,Case Closed,2026-05-22 09:54:53.856742,Customer Service,Completed,Medium
C0145,Claim Received,2026-01-31 11:00:00.000000,Customer Service,Completed,Low
C0145,Initial Review,2026-01-31 13:27:33.368420,Customer Service,Completed,Low
C0145,Technical Assessment,2026-02-01 05:50:12.167769,Technical,Completed,Low
C0145,Quality Review,2026-02-02 13:48:44.111465,Quality,Completed,Low
C0145,Technical Assessment,2026-02-03 04:57:48.936028,Technical,Completed,Low
C0145,Quality Review,2026-02-04 18:47:35.712483,Quality,Completed,Low
C0145,Decision,2026-02-05 01:17:52.039500,Quality,Completed,Low
C0145,Customer Notification,2026-02-05 04:38:47.315109,Customer Service,Completed,Low
C0145,Case Closed,2026-02-05 11:43:13.718487,Customer Service,Completed,Low
C0146,Claim Received,2026-05-12 18:00:00.000000,Customer Service,Completed,Critical
C0146,Initial Review,2026-05-12 20:32:16.628153,Customer Service,Completed,Critical
C0146,Technical Assessment,2026-05-13 03:47:19.000393,Technical,Completed,Critical
C0146,Quality Review,2026-05-13 10:30:00.150691,Quality,Completed,Critical
C0146,Decision,2026-05-13 13:28:03.830485,Quality,Completed,Critical
C0146,Customer Notification,2026-05-13 14:10:00.361109,Customer Service,Completed,Critical
C0146,Case Closed,2026-05-13 15:28:19.231513,Customer Service,Completed,Critical
C0147,Claim Received,2026-02-06 17:00:00.000000,Customer Service,Completed,Medium
C0147,Initial Review,2026-02-06 21:09:43.235684,Customer Service,Completed,Medium
C0147,Technical Assessment,2026-02-07 06:24:51.921007,Technical,Completed,Medium
C0147,Quality Review,2026-02-08 13:29:05.242697,Quality,Completed,Medium
C0147,Technical Assessment,2026-02-08 23:07:28.921671,Technical,Completed,Medium
C0147,Quality Review,2026-02-10 03:47:51.314070,Quality,Completed,Medium
C0147,Decision,2026-02-10 08:31:32.740090,Quality,Completed,Medium
C0147,Customer Notification,2026-02-10 11:16:17.859972,Customer Service,Completed,Medium
C0147,Case Closed,2026-02-10 16:30:26.871840,Customer Service,Completed,Medium
C0148,Claim Received,2026-06-28 13:00:00.000000,Customer Service,Completed,Medium
C0148,Initial Review,2026-06-28 18:15:01.912316,Customer Service,Completed,Medium
C0148,Technical Assessment,2026-06-29 03:49:06.792073,Technical,Completed,Medium
C0148,Quality Review,2026-06-30 11:36:53.628829,Quality,Completed,Medium
C0148,Technical Assessment,2026-06-30 20:08:06.032368,Technical,Completed,Medium
C0148,Quality Review,2026-07-01 21:16:13.662630,Quality,Completed,Medium
C0148,Technical Assessment,2026-07-02 13:12:15.760475,Technical,Completed,Medium
C0148,Quality Review,2026-07-03 22:39:50.722930,Quality,Completed,Medium
C0148,Decision,2026-07-04 00:56:23.090124,Quality,Completed,Medium
C0148,Customer Notification,2026-07-04 11:28:12.240719,Customer Service,Completed,Medium
C0148,Case Closed,2026-07-04 17:07:02.032475,Customer Service,Completed,Medium
C0149,Claim Received,2026-04-20 11:00:00.000000,Customer Service,Completed,Critical
C0149,Initial Review,2026-04-20 13:59:21.246619,Customer Service,Completed,Critical
C0149,Technical Assessment,2026-04-20 22:09:51.370273,Technical,Completed,Critical
C0149,Quality Review,2026-04-21 14:39:26.459825,Quality,Completed,Critical
C0149,Decision,2026-04-21 15:56:14.531658,Quality,Completed,Critical
C0149,Customer Notification,2026-04-21 16:33:39.602524,Customer Service,Completed,Critical
C0149,Case Closed,2026-04-21 18:40:59.803406,Customer Service,Completed,Critical
C0150,Claim Received,2026-03-01 14:00:00.000000,Customer Service,Completed,High
C0150,Initial Review,2026-03-01 17:25:18.987289,Customer Service,Completed,High
C0150,Technical Assessment,2026-03-01 20:38:02.787054,Technical,Completed,High
C0150,Quality Review,2026-03-02 08:46:54.996680,Quality,Completed,High
C0150,Decision,2026-03-02 23:22:25.301150,Quality,Completed,High
C0150,Customer Notification,2026-03-03 01:50:35.260157,Customer Service,Completed,High
C0150,Case Closed,2026-03-03 06:35:44.690853,Customer Service,Completed,High
C0151,Claim Received,2026-04-09 09:00:00.000000,Customer Service,Completed,Low
C0151,Initial Review,2026-04-09 14:35:04.489046,Customer Service,Completed,Low
C0151,Technical Assessment,2026-04-10 00:38:55.986402,Technical,Completed,Low
C0151,Quality Review,2026-04-10 18:59:53.551681,Quality,Completed,Low
C0151,Decision,2026-04-11 02:49:15.401883,Quality,Completed,Low
C0151,Customer Notification,2026-04-11 07:35:43.906295,Customer Service,Completed,Low
C0151,Case Closed,2026-04-11 20:44:40.842615,Customer Service,Completed,Low
C0152,Claim Received,2026-02-24 18:00:00.000000,Customer Service,Completed,Medium
C0152,Initial Review,2026-02-24 22:44:28.839055,Customer Service,Completed,Medium
C0152,Request Additional Information,2026-02-26 08:55:12.290288,Customer Service,Completed,Medium
C0152,Initial Review,2026-02-26 11:00:22.694490,Customer Service,Completed,Medium
C0152,Technical Assessment,2026-02-26 16:57:59.356825,Technical,Completed,Medium
C0152,Quality Review,2026-02-27 22:29:12.147290,Quality,Completed,Medium
C0152,Decision,2026-02-28 03:03:46.944107,Quality,Completed,Medium
C0152,Customer Notification,2026-02-28 04:48:23.036957,Customer Service,Completed,Medium
C0152,Case Closed,2026-02-28 07:02:50.043446,Customer Service,Completed,Medium
C0153,Claim Received,2026-06-26 08:00:00.000000,Customer Service,Completed,Medium
C0153,Initial Review,2026-06-26 13:14:22.057880,Customer Service,Completed,Medium
C0153,Request Additional Information,2026-06-27 12:05:55.811512,Customer Service,Completed,Medium
C0153,Initial Review,2026-06-27 15:38:47.217702,Customer Service,Completed,Medium
C0153,Technical Assessment,2026-06-27 23:47:02.537085,Technical,Completed,Medium
C0153,Quality Review,2026-06-29 09:20:02.182300,Quality,Completed,Medium
C0153,Decision,2026-06-29 14:18:11.757051,Quality,Completed,Medium
C0153,Customer Notification,2026-06-29 16:48:07.248497,Customer Service,Completed,Medium
C0153,Case Closed,2026-06-29 20:26:36.405514,Customer Service,Completed,Medium
C0154,Claim Received,2026-02-03 14:00:00.000000,Customer Service,Completed,Critical
C0154,Initial Review,2026-02-03 16:39:07.326035,Customer Service,Completed,Critical
C0154,Technical Assessment,2026-02-03 21:12:35.720099,Technical,Completed,Critical
C0154,Quality Review,2026-02-04 12:21:45.480616,Quality,Completed,Critical
C0154,Technical Assessment,2026-02-05 10:32:25.229537,Technical,Completed,Critical
C0154,Quality Review,2026-02-05 17:21:02.636530,Quality,Completed,Critical
C0154,Technical Assessment,2026-02-05 19:37:46.273451,Technical,Completed,Critical
C0154,Quality Review,2026-02-06 11:06:03.601408,Quality,Completed,Critical
C0154,Decision,2026-02-06 13:59:12.164925,Quality,Completed,Critical
C0154,Customer Notification,2026-02-06 15:06:35.497695,Customer Service,Completed,Critical
C0154,Case Closed,2026-02-06 15:48:57.348002,Customer Service,Completed,Critical
C0155,Claim Received,2026-03-21 09:00:00.000000,Customer Service,Completed,Medium
C0155,Initial Review,2026-03-21 12:33:23.484569,Customer Service,Completed,Medium
C0155,Technical Assessment,2026-03-22 03:52:09.712650,Technical,Completed,Medium
C0155,Quality Review,2026-03-23 01:14:48.914506,Quality,Completed,Medium
C0155,Decision,2026-03-23 08:15:14.686240,Quality,Completed,Medium
C0155,Customer Notification,2026-03-23 09:27:08.729143,Customer Service,Completed,Medium
C0155,Case Closed,2026-03-23 14:06:07.979937,Customer Service,Completed,Medium
C0156,Claim Received,2026-04-22 09:00:00.000000,Customer Service,Completed,Low
C0156,Initial Review,2026-04-22 12:55:12.831794,Customer Service,Completed,Low
C0156,Technical Assessment,2026-04-22 22:54:58.694857,Technical,Completed,Low
C0156,Quality Review,2026-04-24 10:38:50.134984,Quality,Completed,Low
C0156,Decision,2026-04-24 18:08:38.918721,Quality,Completed,Low
C0156,Customer Notification,2026-04-24 19:56:02.189618,Customer Service,Completed,Low
C0156,Case Closed,2026-04-25 00:16:19.105453,Customer Service,Completed,Low
C0157,Claim Received,2026-02-02 12:00:00.000000,Customer Service,Completed,Medium
C0157,Initial Review,2026-02-02 16:39:52.845076,Customer Service,Completed,Medium
C0157,Request Additional Information,2026-02-04 13:03:39.551561,Customer Service,Completed,Medium
C0157,Initial Review,2026-02-04 16:12:27.393809,Customer Service,Completed,Medium
C0157,Technical Assessment,2026-02-04 23:53:20.056211,Technical,Completed,Medium
C0157,Quality Review,2026-02-06 02:56:58.892973,Quality,Completed,Medium
C0157,Decision,2026-02-06 08:00:51.781569,Quality,Completed,Medium
C0157,Customer Notification,2026-02-06 11:35:32.867222,Customer Service,Completed,Medium
C0157,Case Closed,2026-02-06 13:22:44.446882,Customer Service,Completed,Medium
C0158,Claim Received,2026-01-30 11:00:00.000000,Customer Service,Completed,High
C0158,Initial Review,2026-01-30 22:17:21.694378,Customer Service,Completed,High
C0158,Technical Assessment,2026-02-01 12:44:28.716921,Technical,Completed,High
C0158,Quality Review,2026-02-01 23:13:26.960267,Quality,Completed,High
C0158,Technical Assessment,2026-02-02 12:43:50.494572,Technical,Completed,High
C0158,Quality Review,2026-02-06 00:50:47.041841,Quality,Completed,High
C0158,Decision,2026-02-06 06:18:04.877447,Quality,Completed,High
C0158,Customer Notification,2026-02-06 08:40:30.153911,Customer Service,Completed,High
C0158,Case Closed,2026-02-06 10:28:05.143751,Customer Service,Completed,High
C0159,Claim Received,2026-05-27 13:00:00.000000,Customer Service,Completed,High
C0159,Initial Review,2026-05-27 14:16:39.373387,Customer Service,Completed,High
C0159,Technical Assessment,2026-05-27 18:04:03.114438,Technical,Completed,High
C0159,Quality Review,2026-05-30 04:34:34.038176,Quality,Completed,High
C0159,Decision,2026-05-30 08:06:02.019533,Quality,Completed,High
C0159,Customer Notification,2026-05-30 10:58:44.538000,Customer Service,Completed,High
C0159,Case Closed,2026-05-30 13:01:18.585946,Customer Service,Completed,High
C0160,Claim Received,2026-03-16 17:00:00.000000,Customer Service,Completed,Medium
C0160,Initial Review,2026-03-16 21:55:21.129911,Customer Service,Completed,Medium
C0160,Technical Assessment,2026-03-17 05:19:07.363186,Technical,Completed,Medium
C0160,Quality Review,2026-03-18 16:38:35.872367,Quality,Completed,Medium
C0160,Decision,2026-03-18 23:17:55.009016,Quality,Completed,Medium
C0160,Customer Notification,2026-03-19 01:56:17.848836,Customer Service,Completed,Medium
C0160,Case Closed,2026-03-19 03:41:28.043618,Customer Service,Completed,Medium
C0161,Claim Received,2026-06-12 08:00:00.000000,Customer Service,Completed,Medium
C0161,Initial Review,2026-06-13 01:15:53.474156,Customer Service,Completed,Medium
C0161,Technical Assessment,2026-06-13 14:28:01.588205,Technical,Completed,Medium
C0161,Quality Review,2026-06-14 19:55:12.967578,Quality,Completed,Medium
C0161,Decision,2026-06-15 01:05:56.960542,Quality,Completed,Medium
C0161,Customer Notification,2026-06-15 03:34:30.872412,Customer Service,Completed,Medium
C0161,Case Closed,2026-06-15 09:33:36.139274,Customer Service,Completed,Medium
C0162,Claim Received,2026-05-14 14:00:00.000000,Customer Service,Completed,Critical
C0162,Initial Review,2026-05-14 16:15:07.622187,Customer Service,Completed,Critical
C0162,Technical Assessment,2026-05-15 01:04:26.402899,Technical,Completed,Critical
C0162,Quality Review,2026-05-15 08:13:15.329530,Quality,Completed,Critical
C0162,Decision,2026-05-15 11:40:50.928762,Quality,Completed,Critical
C0162,Customer Notification,2026-05-15 13:01:57.160695,Customer Service,Completed,Critical
C0162,Case Closed,2026-05-15 15:56:35.125168,Customer Service,Completed,Critical
C0163,Claim Received,2026-04-11 13:00:00.000000,Customer Service,Completed,Medium
C0163,Initial Review,2026-04-11 15:35:25.038947,Customer Service,Completed,Medium
C0163,Technical Assessment,2026-04-11 20:38:09.285711,Technical,Completed,Medium
C0163,Quality Review,2026-04-13 03:21:15.840996,Quality,Completed,Medium
C0163,Decision,2026-04-13 06:17:12.708905,Quality,Completed,Medium
C0163,Customer Notification,2026-04-13 08:41:06.104119,Customer Service,Completed,Medium
C0163,Case Closed,2026-04-13 12:21:52.746003,Customer Service,Completed,Medium
C0164,Claim Received,2026-03-09 09:00:00.000000,Customer Service,Completed,Medium
C0164,Initial Review,2026-03-09 10:27:07.575985,Customer Service,Completed,Medium
C0164,Technical Assessment,2026-03-09 18:42:40.011122,Technical,Completed,Medium
C0164,Quality Review,2026-03-10 21:11:25.345959,Quality,Completed,Medium
C0164,Decision,2026-03-11 04:19:47.328617,Quality,Completed,Medium
C0164,Customer Notification,2026-03-11 07:27:47.828518,Customer Service,Completed,Medium
C0164,Case Closed,2026-03-11 16:24:25.029503,Customer Service,Completed,Medium
C0165,Claim Received,2026-02-14 08:00:00.000000,Customer Service,Completed,High
C0165,Initial Review,2026-02-14 12:36:30.191138,Customer Service,Completed,High
C0165,Technical Assessment,2026-02-14 22:02:06.246804,Technical,Completed,High
C0165,Quality Review,2026-02-15 09:27:13.657950,Quality,Completed,High
C0165,Decision,2026-02-15 14:51:50.690305,Quality,Completed,High
C0165,Customer Notification,2026-02-15 15:48:43.512059,Customer Service,Completed,High
C0165,Case Closed,2026-02-15 17:30:04.461170,Customer Service,Completed,High
C0166,Claim Received,2026-06-15 09:00:00.000000,Customer Service,Completed,High
C0166,Initial Review,2026-06-15 12:07:45.462740,Customer Service,Completed,High
C0166,Technical Assessment,2026-06-17 01:02:15.350942,Technical,Completed,High
C0166,Quality Review,2026-06-17 11:52:31.658074,Quality,Completed,High
C0166,Decision,2026-06-17 15:36:14.151350,Quality,Completed,High
C0166,Customer Notification,2026-06-17 18:34:34.025014,Customer Service,Completed,High
C0166,Case Closed,2026-06-18 00:57:16.980316,Customer Service,Completed,High
C0167,Claim Received,2026-05-27 14:00:00.000000,Customer Service,Completed,Medium
C0167,Initial Review,2026-05-27 19:06:30.337228,Customer Service,Completed,Medium
C0167,Technical Assessment,2026-05-27 23:31:16.244795,Technical,Completed,Medium
C0167,Quality Review,2026-05-28 15:40:06.787897,Quality,Completed,Medium
C0167,Decision,2026-05-28 18:47:29.251953,Quality,Completed,Medium
C0167,Customer Notification,2026-05-29 05:44:32.183037,Customer Service,Completed,Medium
C0167,Case Closed,2026-05-29 09:50:17.360916,Customer Service,Completed,Medium
C0168,Claim Received,2026-05-21 15:00:00.000000,Customer Service,Completed,Medium
C0168,Initial Review,2026-05-21 16:18:17.623241,Customer Service,Completed,Medium
C0168,Technical Assessment,2026-05-21 22:13:34.318504,Technical,Completed,Medium
C0168,Quality Review,2026-05-23 07:27:28.295906,Quality,Completed,Medium
C0168,Decision,2026-05-23 13:14:32.590705,Quality,Completed,Medium
C0168,Customer Notification,2026-05-23 16:37:36.930143,Customer Service,Completed,Medium
C0168,Case Closed,2026-05-23 21:32:11.413946,Customer Service,Completed,Medium
C0169,Claim Received,2026-05-25 16:00:00.000000,Customer Service,Completed,Medium
C0169,Initial Review,2026-05-25 18:36:28.879536,Customer Service,Completed,Medium
C0169,Technical Assessment,2026-05-25 22:58:22.453112,Technical,Completed,Medium
C0169,Quality Review,2026-05-26 11:40:34.272102,Quality,Completed,Medium
C0169,Decision,2026-05-26 15:21:42.417673,Quality,Completed,Medium
C0169,Customer Notification,2026-05-26 17:46:36.609034,Customer Service,Completed,Medium
C0169,Case Closed,2026-05-26 21:41:48.409591,Customer Service,Completed,Medium
C0170,Claim Received,2026-03-03 12:00:00.000000,Customer Service,Completed,Medium
C0170,Initial Review,2026-03-03 15:40:06.412163,Customer Service,Completed,Medium
C0170,Technical Assessment,2026-03-04 05:59:14.243093,Technical,Completed,Medium
C0170,Quality Review,2026-03-05 16:44:04.377211,Quality,Completed,Medium
C0170,Decision,2026-03-06 00:37:49.933343,Quality,Completed,Medium
C0170,Customer Notification,2026-03-06 04:26:10.158490,Customer Service,Completed,Medium
C0170,Case Closed,2026-03-06 06:18:16.975055,Customer Service,Completed,Medium
C0171,Claim Received,2026-04-02 17:00:00.000000,Customer Service,Completed,High
C0171,Initial Review,2026-04-02 17:54:46.174604,Customer Service,Completed,High
C0171,Technical Assessment,2026-04-03 07:43:31.742802,Technical,Completed,High
C0171,Quality Review,2026-04-04 04:08:13.829339,Quality,Completed,High
C0171,Decision,2026-04-04 10:28:46.576655,Quality,Completed,High
C0171,Customer Notification,2026-04-04 12:27:39.415549,Customer Service,Completed,High
C0171,Case Closed,2026-04-04 15:13:21.699999,Customer Service,Completed,High
C0172,Claim Received,2026-05-15 15:00:00.000000,Customer Service,Completed,Medium
C0172,Initial Review,2026-05-15 16:00:12.302935,Customer Service,Completed,Medium
C0172,Technical Assessment,2026-05-15 22:49:26.107856,Technical,Completed,Medium
C0172,Quality Review,2026-05-17 04:01:49.519320,Quality,Completed,Medium
C0172,Decision,2026-05-17 11:05:46.055587,Quality,Completed,Medium
C0172,Customer Notification,2026-05-17 12:09:42.714866,Customer Service,Completed,Medium
C0172,Case Closed,2026-05-17 17:44:52.749521,Customer Service,Completed,Medium
C0173,Claim Received,2026-01-19 13:00:00.000000,Customer Service,Completed,High
C0173,Initial Review,2026-01-19 16:37:05.347339,Customer Service,Completed,High
C0173,Technical Assessment,2026-01-20 02:22:53.539198,Technical,Completed,High
C0173,Quality Review,2026-01-20 18:10:31.872684,Quality,Completed,High
C0173,Technical Assessment,2026-01-21 05:34:40.306349,Technical,Completed,High
C0173,Quality Review,2026-01-22 03:27:06.371678,Quality,Completed,High
C0173,Decision,2026-01-22 06:34:29.028713,Quality,Completed,High
C0173,Customer Notification,2026-01-22 08:43:24.512669,Customer Service,Completed,High
C0173,Case Closed,2026-01-22 11:58:41.922071,Customer Service,Completed,High
C0174,Claim Received,2026-04-07 12:00:00.000000,Customer Service,Completed,High
C0174,Initial Review,2026-04-07 15:44:09.527616,Customer Service,Completed,High
C0174,Request Additional Information,2026-04-09 11:53:23.913670,Customer Service,Completed,High
C0174,Initial Review,2026-04-09 15:29:52.835323,Customer Service,Completed,High
C0174,Technical Assessment,2026-04-10 04:13:35.356173,Technical,Completed,High
C0174,Quality Review,2026-04-11 00:43:19.764187,Quality,Completed,High
C0174,Decision,2026-04-11 03:50:58.552424,Quality,Completed,High
C0174,Customer Notification,2026-04-11 06:07:00.885581,Customer Service,Completed,High
C0174,Case Closed,2026-04-11 07:20:00.072936,Customer Service,Completed,High
C0175,Claim Received,2026-03-30 13:00:00.000000,Customer Service,Completed,Low
C0175,Initial Review,2026-03-30 15:12:26.368202,Customer Service,Completed,Low
C0175,Technical Assessment,2026-03-30 21:29:52.517442,Technical,Completed,Low
C0175,Quality Review,2026-04-01 06:18:14.684124,Quality,Completed,Low
C0175,Decision,2026-04-01 11:55:11.332016,Quality,Completed,Low
C0175,Customer Notification,2026-04-01 14:01:05.381602,Customer Service,Completed,Low
C0175,Case Closed,2026-04-01 16:45:29.193139,Customer Service,Completed,Low
C0176,Claim Received,2026-04-18 10:00:00.000000,Customer Service,Completed,Medium
C0176,Initial Review,2026-04-18 15:25:21.935957,Customer Service,Completed,Medium
C0176,Technical Assessment,2026-04-19 00:43:29.049726,Technical,Completed,Medium
C0176,Quality Review,2026-04-19 15:09:32.477279,Quality,Completed,Medium
C0176,Decision,2026-04-19 22:20:35.972841,Quality,Completed,Medium
C0176,Customer Notification,2026-04-20 01:24:17.305207,Customer Service,Completed,Medium
C0176,Case Closed,2026-04-20 02:46:24.074219,Customer Service,Completed,Medium
C0177,Claim Received,2026-01-27 09:00:00.000000,Customer Service,Completed,Medium
C0177,Initial Review,2026-01-27 11:42:32.547621,Customer Service,Completed,Medium
C0177,Technical Assessment,2026-01-27 17:57:42.134165,Technical,Completed,Medium
C0177,Quality Review,2026-01-29 04:33:56.604166,Quality,Completed,Medium
C0177,Decision,2026-01-29 08:35:36.336786,Quality,Completed,Medium
C0177,Customer Notification,2026-01-29 12:16:23.179451,Customer Service,Completed,Medium
C0177,Case Closed,2026-01-29 15:25:46.999466,Customer Service,Completed,Medium
C0178,Claim Received,2026-01-14 09:00:00.000000,Customer Service,Completed,Medium
C0178,Initial Review,2026-01-14 11:39:19.702430,Customer Service,Completed,Medium
C0178,Technical Assessment,2026-01-14 21:23:07.407664,Technical,Completed,Medium
C0178,Quality Review,2026-01-16 07:35:56.966731,Quality,Completed,Medium
C0178,Decision,2026-01-16 13:33:45.881214,Quality,Completed,Medium
C0178,Customer Notification,2026-01-16 14:51:01.773165,Customer Service,Completed,Medium
C0178,Case Closed,2026-01-16 18:35:55.700569,Customer Service,Completed,Medium
C0179,Claim Received,2026-01-23 12:00:00.000000,Customer Service,Completed,Low
C0179,Initial Review,2026-01-23 18:08:36.181833,Customer Service,Completed,Low
C0179,Technical Assessment,2026-01-24 07:00:46.443311,Technical,Completed,Low
C0179,Quality Review,2026-01-25 03:22:23.328581,Quality,Completed,Low
C0179,Decision,2026-01-25 12:48:28.664061,Quality,Completed,Low
C0179,Customer Notification,2026-01-25 14:25:25.659713,Customer Service,Completed,Low
C0179,Case Closed,2026-01-25 18:26:58.059897,Customer Service,Completed,Low
C0180,Claim Received,2026-04-10 10:00:00.000000,Customer Service,Completed,Medium
C0180,Initial Review,2026-04-10 12:51:18.369447,Customer Service,Completed,Medium
C0180,Technical Assessment,2026-04-11 08:41:29.710150,Technical,Completed,Medium
C0180,Quality Review,2026-04-12 07:14:43.282684,Quality,Completed,Medium
C0180,Decision,2026-04-12 14:16:04.183730,Quality,Completed,Medium
C0180,Customer Notification,2026-04-12 15:43:16.395014,Customer Service,Completed,Medium
C0180,Case Closed,2026-04-12 17:12:17.042192,Customer Service,Completed,Medium
C0181,Claim Received,2026-05-31 11:00:00.000000,Customer Service,Completed,Medium
C0181,Initial Review,2026-05-31 14:46:04.834311,Customer Service,Completed,Medium
C0181,Request Additional Information,2026-06-02 08:13:50.150158,Customer Service,Completed,Medium
C0181,Initial Review,2026-06-02 11:54:29.409574,Customer Service,Completed,Medium
C0181,Technical Assessment,2026-06-02 22:33:20.558735,Technical,Completed,Medium
C0181,Quality Review,2026-06-03 21:59:09.619820,Quality,Completed,Medium
C0181,Decision,2026-06-04 05:24:09.607369,Quality,Completed,Medium
C0181,Customer Notification,2026-06-04 07:54:32.303248,Customer Service,Completed,Medium
C0181,Case Closed,2026-06-04 12:54:40.409309,Customer Service,Completed,Medium
C0182,Claim Received,2026-04-25 10:00:00.000000,Customer Service,Completed,Low
C0182,Initial Review,2026-04-25 16:53:39.728033,Customer Service,Completed,Low
C0182,Technical Assessment,2026-04-26 01:15:14.844886,Technical,Completed,Low
C0182,Quality Review,2026-04-26 16:52:59.482264,Quality,Completed,Low
C0182,Decision,2026-04-27 00:12:06.094430,Quality,Completed,Low
C0182,Customer Notification,2026-04-27 04:21:46.524296,Customer Service,Completed,Low
C0182,Case Closed,2026-04-27 09:07:59.553636,Customer Service,Completed,Low
C0183,Claim Received,2026-01-23 14:00:00.000000,Customer Service,Completed,High
C0183,Initial Review,2026-01-23 17:01:31.644537,Customer Service,Completed,High
C0183,Request Additional Information,2026-01-25 03:17:46.439586,Customer Service,Completed,High
C0183,Initial Review,2026-01-25 16:42:07.834132,Customer Service,Completed,High
C0183,Technical Assessment,2026-01-26 03:44:48.450874,Technical,Completed,High
C0183,Quality Review,2026-01-27 04:21:18.563757,Quality,Completed,High
C0183,Decision,2026-01-27 06:40:24.383040,Quality,Completed,High
C0183,Customer Notification,2026-01-27 08:52:18.713071,Customer Service,Completed,High
C0183,Case Closed,2026-01-27 10:04:21.650640,Customer Service,Completed,High
C0184,Claim Received,2026-05-18 13:00:00.000000,Customer Service,Completed,High
C0184,Initial Review,2026-05-18 17:18:41.667303,Customer Service,Completed,High
C0184,Request Additional Information,2026-05-19 21:46:10.053003,Customer Service,Completed,High
C0184,Initial Review,2026-05-20 00:27:41.924273,Customer Service,Completed,High
C0184,Technical Assessment,2026-05-20 08:10:29.834277,Technical,Completed,High
C0184,Quality Review,2026-05-21 06:50:47.619382,Quality,Completed,High
C0184,Decision,2026-05-21 10:20:46.918002,Quality,Completed,High
C0184,Customer Notification,2026-05-21 17:43:05.034510,Customer Service,Completed,High
C0184,Case Closed,2026-05-21 20:25:08.176463,Customer Service,Completed,High
C0185,Claim Received,2026-03-19 12:00:00.000000,Customer Service,Completed,Medium
C0185,Initial Review,2026-03-19 14:24:06.239757,Customer Service,Completed,Medium
C0185,Technical Assessment,2026-03-20 04:08:53.855129,Technical,Completed,Medium
C0185,Quality Review,2026-03-21 13:00:06.817298,Quality,Completed,Medium
C0185,Decision,2026-03-21 20:50:49.956869,Quality,Completed,Medium
C0185,Customer Notification,2026-03-22 00:19:28.848852,Customer Service,Completed,Medium
C0185,Case Closed,2026-03-22 03:24:30.757951,Customer Service,Completed,Medium
C0186,Claim Received,2026-04-15 15:00:00.000000,Customer Service,Completed,Medium
C0186,Initial Review,2026-04-15 19:47:50.879314,Customer Service,Completed,Medium
C0186,Technical Assessment,2026-04-16 11:17:30.155891,Technical,Completed,Medium
C0186,Quality Review,2026-04-17 03:06:25.374935,Quality,Completed,Medium
C0186,Decision,2026-04-17 08:08:52.152880,Quality,Completed,Medium
C0186,Customer Notification,2026-04-17 11:42:06.142563,Customer Service,Completed,Medium
C0186,Case Closed,2026-04-17 12:50:47.209431,Customer Service,Completed,Medium
C0187,Claim Received,2026-03-05 08:00:00.000000,Customer Service,Completed,High
C0187,Initial Review,2026-03-05 10:37:32.860807,Customer Service,Completed,High
C0187,Technical Assessment,2026-03-05 21:43:03.701478,Technical,Completed,High
C0187,Quality Review,2026-03-06 23:07:44.456360,Quality,Completed,High
C0187,Technical Assessment,2026-03-07 09:26:44.179862,Technical,Completed,High
C0187,Quality Review,2026-03-07 19:37:56.707719,Quality,Completed,High
C0187,Decision,2026-03-08 00:05:01.781014,Quality,Completed,High
C0187,Customer Notification,2026-03-08 02:58:22.734883,Customer Service,Completed,High
C0187,Case Closed,2026-03-08 05:10:19.277467,Customer Service,Completed,High
C0188,Claim Received,2026-06-26 09:00:00.000000,Customer Service,Completed,High
C0188,Initial Review,2026-06-26 10:56:24.999021,Customer Service,Completed,High
C0188,Technical Assessment,2026-06-26 15:57:53.425615,Technical,Completed,High
C0188,Quality Review,2026-06-27 20:05:28.530763,Quality,Completed,High
C0188,Technical Assessment,2026-06-28 06:32:30.887999,Technical,Completed,High
C0188,Quality Review,2026-06-28 21:18:29.944998,Quality,Completed,High
C0188,Decision,2026-06-28 23:00:16.449736,Quality,Completed,High
C0188,Customer Notification,2026-06-29 06:55:51.934856,Customer Service,Completed,High
C0188,Case Closed,2026-06-29 11:22:37.757164,Customer Service,Completed,High
C0189,Claim Received,2026-03-06 17:00:00.000000,Customer Service,Completed,Low
C0189,Initial Review,2026-03-06 23:01:49.848295,Customer Service,Completed,Low
C0189,Technical Assessment,2026-03-07 20:04:35.486630,Technical,Completed,Low
C0189,Quality Review,2026-03-08 22:40:55.775722,Quality,Completed,Low
C0189,Decision,2026-03-09 03:35:34.318167,Quality,Completed,Low
C0189,Customer Notification,2026-03-09 06:28:22.724448,Customer Service,Completed,Low
C0189,Case Closed,2026-03-09 12:37:07.838192,Customer Service,Completed,Low
C0190,Claim Received,2026-06-19 13:00:00.000000,Customer Service,Completed,Medium
C0190,Initial Review,2026-06-19 16:48:26.228111,Customer Service,Completed,Medium
C0190,Technical Assessment,2026-06-20 00:45:53.142753,Technical,Completed,Medium
C0190,Quality Review,2026-06-21 00:19:35.342139,Quality,Completed,Medium
C0190,Decision,2026-06-21 03:59:07.380338,Quality,Completed,Medium
C0190,Customer Notification,2026-06-21 05:48:57.737585,Customer Service,Completed,Medium
C0190,Case Closed,2026-06-21 11:34:37.117951,Customer Service,Completed,Medium
C0191,Claim Received,2026-03-03 08:00:00.000000,Customer Service,Completed,Medium
C0191,Initial Review,2026-03-03 13:01:37.736807,Customer Service,Completed,Medium
C0191,Technical Assessment,2026-03-04 01:25:39.415185,Technical,Completed,Medium
C0191,Quality Review,2026-03-05 05:45:56.712018,Quality,Completed,Medium
C0191,Decision,2026-03-05 11:41:53.364340,Quality,Completed,Medium
C0191,Customer Notification,2026-03-05 13:28:35.168085,Customer Service,Completed,Medium
C0191,Case Closed,2026-03-05 22:18:02.013819,Customer Service,Completed,Medium
C0192,Claim Received,2026-02-18 13:00:00.000000,Customer Service,Completed,Medium
C0192,Initial Review,2026-02-18 17:37:57.897778,Customer Service,Completed,Medium
C0192,Request Additional Information,2026-02-20 00:52:46.606938,Customer Service,Completed,Medium
C0192,Initial Review,2026-02-20 06:24:44.084037,Customer Service,Completed,Medium
C0192,Technical Assessment,2026-02-20 17:30:52.752760,Technical,Completed,Medium
C0192,Quality Review,2026-02-22 01:41:23.935973,Quality,Completed,Medium
C0192,Decision,2026-02-22 04:46:36.470502,Quality,Completed,Medium
C0192,Customer Notification,2026-02-22 06:09:38.267211,Customer Service,Completed,Medium
C0192,Case Closed,2026-02-22 11:12:08.456856,Customer Service,Completed,Medium
C0193,Claim Received,2026-03-27 18:00:00.000000,Customer Service,Completed,High
C0193,Initial Review,2026-03-27 19:09:25.917437,Customer Service,Completed,High
C0193,Technical Assessment,2026-03-28 06:41:32.461788,Technical,Completed,High
C0193,Quality Review,2026-03-29 07:25:25.272780,Quality,Completed,High
C0193,Decision,2026-03-29 10:16:27.736368,Quality,Completed,High
C0193,Customer Notification,2026-03-29 13:07:02.224362,Customer Service,Completed,High
C0193,Case Closed,2026-03-29 17:22:58.288886,Customer Service,Completed,High
C0194,Claim Received,2026-02-19 16:00:00.000000,Customer Service,Completed,Low
C0194,Initial Review,2026-02-19 17:55:08.024243,Customer Service,Completed,Low
C0194,Technical Assessment,2026-02-20 07:37:12.657003,Technical,Completed,Low
C0194,Quality Review,2026-02-21 23:06:02.296497,Quality,Completed,Low
C0194,Technical Assessment,2026-02-22 20:34:19.494640,Technical,Completed,Low
C0194,Quality Review,2026-02-24 15:24:11.519664,Quality,Completed,Low
C0194,Decision,2026-02-25 00:54:25.468376,Quality,Completed,Low
C0194,Customer Notification,2026-02-25 05:12:42.093882,Customer Service,Completed,Low
C0194,Case Closed,2026-02-25 06:53:47.621568,Customer Service,Completed,Low
C0195,Claim Received,2026-01-15 08:00:00.000000,Customer Service,Completed,Medium
C0195,Initial Review,2026-01-15 11:15:36.958114,Customer Service,Completed,Medium
C0195,Technical Assessment,2026-01-16 02:05:23.488589,Technical,Completed,Medium
C0195,Quality Review,2026-01-16 17:53:32.282730,Quality,Completed,Medium
C0195,Technical Assessment,2026-01-17 08:48:31.806528,Technical,Completed,Medium
C0195,Quality Review,2026-01-18 07:13:04.472723,Quality,Completed,Medium
C0195,Technical Assessment,2026-01-18 17:13:27.355332,Technical,Completed,Medium
C0195,Quality Review,2026-01-19 05:20:10.768819,Quality,Completed,Medium
C0195,Decision,2026-01-19 11:43:13.004740,Quality,Completed,Medium
C0195,Customer Notification,2026-01-19 15:23:46.673776,Customer Service,Completed,Medium
C0195,Case Closed,2026-01-20 02:21:42.498197,Customer Service,Completed,Medium
C0196,Claim Received,2026-02-27 13:00:00.000000,Customer Service,Completed,High
C0196,Initial Review,2026-02-27 15:02:54.128551,Customer Service,Completed,High
C0196,Technical Assessment,2026-02-27 23:53:08.655372,Technical,Completed,High
C0196,Quality Review,2026-03-01 08:26:46.572351,Quality,Completed,High
C0196,Decision,2026-03-01 14:35:56.019472,Quality,Completed,High
C0196,Customer Notification,2026-03-01 16:38:51.311354,Customer Service,Completed,High
C0196,Case Closed,2026-03-01 19:10:56.090667,Customer Service,Completed,High
C0197,Claim Received,2026-05-06 13:00:00.000000,Customer Service,Completed,Critical
C0197,Initial Review,2026-05-06 15:22:31.040240,Customer Service,Completed,Critical
C0197,Technical Assessment,2026-05-06 23:43:24.774992,Technical,Completed,Critical
C0197,Quality Review,2026-05-07 05:57:10.963463,Quality,Completed,Critical
C0197,Decision,2026-05-07 09:54:27.662328,Quality,Completed,Critical
C0197,Customer Notification,2026-05-07 10:26:25.993997,Customer Service,Completed,Critical
C0197,Case Closed,2026-05-07 11:14:54.451833,Customer Service,Completed,Critical
C0198,Claim Received,2026-06-13 12:00:00.000000,Customer Service,Completed,Medium
C0198,Initial Review,2026-06-13 16:51:22.493940,Customer Service,Completed,Medium
C0198,Request Additional Information,2026-06-17 21:00:00.171530,Customer Service,Completed,Medium
C0198,Initial Review,2026-06-17 22:32:26.213634,Customer Service,Completed,Medium
C0198,Technical Assessment,2026-06-18 03:12:57.260480,Technical,Completed,Medium
C0198,Quality Review,2026-06-19 01:52:46.015045,Quality,Completed,Medium
C0198,Decision,2026-06-19 05:23:45.162175,Quality,Completed,Medium
C0198,Customer Notification,2026-06-19 07:00:44.507264,Customer Service,Completed,Medium
C0198,Case Closed,2026-06-19 08:03:31.989129,Customer Service,Completed,Medium
C0199,Claim Received,2026-06-09 17:00:00.000000,Customer Service,Completed,Medium
C0199,Initial Review,2026-06-09 21:30:13.074232,Customer Service,Completed,Medium
C0199,Technical Assessment,2026-06-10 14:05:03.619252,Technical,Completed,Medium
C0199,Quality Review,2026-06-11 16:54:32.722569,Quality,Completed,Medium
C0199,Decision,2026-06-11 23:37:03.539998,Quality,Completed,Medium
C0199,Customer Notification,2026-06-12 02:26:40.759539,Customer Service,Completed,Medium
C0199,Case Closed,2026-06-12 07:36:07.738308,Customer Service,Completed,Medium
C0200,Claim Received,2026-02-11 08:00:00.000000,Customer Service,Completed,Medium
C0200,Initial Review,2026-02-11 11:44:26.497747,Customer Service,Completed,Medium
C0200,Technical Assessment,2026-02-12 01:22:31.975086,Technical,Completed,Medium
C0200,Quality Review,2026-02-14 06:15:35.740026,Quality,Completed,Medium
C0200,Decision,2026-02-14 08:47:38.201360,Quality,Completed,Medium
C0200,Customer Notification,2026-02-14 11:30:59.051224,Customer Service,Completed,Medium
C0200,Case Closed,2026-02-14 17:15:49.079507,Customer Service,Completed,Medium
C0201,Claim Received,2026-03-07 18:00:00.000000,Customer Service,Completed,High
C0201,Initial Review,2026-03-07 19:43:28.708125,Customer Service,Completed,High
C0201,Technical Assessment,2026-03-08 02:14:24.322371,Technical,Completed,High
C0201,Quality Review,2026-03-08 13:45:23.114580,Quality,Completed,High
C0201,Decision,2026-03-08 15:32:44.715885,Quality,Completed,High
C0201,Customer Notification,2026-03-08 18:16:10.506212,Customer Service,Completed,High
C0201,Case Closed,2026-03-08 22:01:25.485031,Customer Service,Completed,High
C0202,Claim Received,2026-02-05 18:00:00.000000,Customer Service,Completed,Low
C0202,Initial Review,2026-02-05 23:04:59.490325,Customer Service,Completed,Low
C0202,Request Additional Information,2026-02-08 04:07:36.425380,Customer Service,Completed,Low
C0202,Initial Review,2026-02-08 06:56:11.908389,Customer Service,Completed,Low
C0202,Technical Assessment,2026-02-08 17:59:48.096219,Technical,Completed,Low
C0202,Quality Review,2026-02-09 11:40:30.197969,Quality,Completed,Low
C0202,Decision,2026-02-09 17:21:43.680728,Quality,Completed,Low
C0202,Customer Notification,2026-02-09 21:02:44.816236,Customer Service,Completed,Low
C0202,Case Closed,2026-02-10 00:46:34.396380,Customer Service,Completed,Low
C0203,Claim Received,2026-01-16 10:00:00.000000,Customer Service,Completed,Low
C0203,Initial Review,2026-01-16 11:49:20.203084,Customer Service,Completed,Low
C0203,Technical Assessment,2026-01-17 00:43:52.378045,Technical,Completed,Low
C0203,Quality Review,2026-01-18 03:45:01.097667,Quality,Completed,Low
C0203,Decision,2026-01-18 11:45:37.036183,Quality,Completed,Low
C0203,Customer Notification,2026-01-18 16:03:56.018221,Customer Service,Completed,Low
C0203,Case Closed,2026-01-18 21:37:45.236731,Customer Service,Completed,Low
C0204,Claim Received,2026-04-16 15:00:00.000000,Customer Service,Completed,Medium
C0204,Initial Review,2026-04-16 16:13:47.501857,Customer Service,Completed,Medium
C0204,Technical Assessment,2026-04-17 00:37:45.094279,Technical,Completed,Medium
C0204,Quality Review,2026-04-18 04:53:58.153055,Quality,Completed,Medium
C0204,Decision,2026-04-18 10:21:33.771630,Quality,Completed,Medium
C0204,Customer Notification,2026-04-18 14:17:35.043652,Customer Service,Completed,Medium
C0204,Case Closed,2026-04-18 16:59:04.455204,Customer Service,Completed,Medium
C0205,Claim Received,2026-06-19 11:00:00.000000,Customer Service,Completed,Low
C0205,Initial Review,2026-06-19 15:05:29.681030,Customer Service,Completed,Low
C0205,Request Additional Information,2026-06-21 09:12:00.901531,Customer Service,Completed,Low
C0205,Initial Review,2026-06-21 15:21:31.958447,Customer Service,Completed,Low
C0205,Technical Assessment,2026-06-23 12:38:59.076655,Technical,Completed,Low
C0205,Quality Review,2026-06-25 05:57:34.705524,Quality,Completed,Low
C0205,Decision,2026-06-25 11:44:18.674762,Quality,Completed,Low
C0205,Customer Notification,2026-06-25 13:32:02.308960,Customer Service,Completed,Low
C0205,Case Closed,2026-06-25 16:39:27.999376,Customer Service,Completed,Low
C0206,Claim Received,2026-05-21 18:00:00.000000,Customer Service,Completed,Medium
C0206,Initial Review,2026-05-21 20:53:35.476665,Customer Service,Completed,Medium
C0206,Technical Assessment,2026-05-22 01:59:48.538691,Technical,Completed,Medium
C0206,Quality Review,2026-05-23 03:44:58.756694,Quality,Completed,Medium
C0206,Decision,2026-05-23 08:44:25.409451,Quality,Completed,Medium
C0206,Customer Notification,2026-05-23 12:40:56.653432,Customer Service,Completed,Medium
C0206,Case Closed,2026-05-23 13:46:16.497751,Customer Service,Completed,Medium
C0207,Claim Received,2026-01-24 17:00:00.000000,Customer Service,Completed,Medium
C0207,Initial Review,2026-01-24 22:48:57.082469,Customer Service,Completed,Medium
C0207,Technical Assessment,2026-01-25 15:16:38.671770,Technical,Completed,Medium
C0207,Quality Review,2026-01-26 18:59:15.764750,Quality,Completed,Medium
C0207,Decision,2026-01-26 23:01:58.215480,Quality,Completed,Medium
C0207,Customer Notification,2026-01-27 02:28:57.373295,Customer Service,Completed,Medium
C0207,Case Closed,2026-01-27 05:08:32.880555,Customer Service,Completed,Medium
C0208,Claim Received,2026-04-04 15:00:00.000000,Customer Service,Completed,High
C0208,Initial Review,2026-04-04 16:15:21.936360,Customer Service,Completed,High
C0208,Technical Assessment,2026-04-04 21:56:22.779747,Technical,Completed,High
C0208,Quality Review,2026-04-05 23:28:24.353922,Quality,Completed,High
C0208,Decision,2026-04-06 02:28:29.829905,Quality,Completed,High
C0208,Customer Notification,2026-04-06 09:55:48.159605,Customer Service,Completed,High
C0208,Case Closed,2026-04-06 11:23:11.996900,Customer Service,Completed,High
C0209,Claim Received,2026-01-28 12:00:00.000000,Customer Service,Completed,High
C0209,Initial Review,2026-01-28 15:14:36.265432,Customer Service,Completed,High
C0209,Request Additional Information,2026-01-30 03:38:01.087181,Customer Service,Completed,High
C0209,Initial Review,2026-01-30 06:15:42.549700,Customer Service,Completed,High
C0209,Technical Assessment,2026-01-30 17:29:23.438411,Technical,Completed,High
C0209,Quality Review,2026-01-31 11:02:51.628666,Quality,Completed,High
C0209,Decision,2026-01-31 16:40:03.045250,Quality,Completed,High
C0209,Customer Notification,2026-01-31 19:19:14.379550,Customer Service,Completed,High
C0209,Case Closed,2026-01-31 22:45:16.155958,Customer Service,Completed,High
C0210,Claim Received,2026-05-16 08:00:00.000000,Customer Service,Completed,Medium
C0210,Initial Review,2026-05-16 11:45:58.073920,Customer Service,Completed,Medium
C0210,Technical Assessment,2026-05-16 23:57:28.157772,Technical,Completed,Medium
C0210,Quality Review,2026-05-18 06:42:13.599120,Quality,Completed,Medium
C0210,Decision,2026-05-18 12:51:16.861713,Quality,Completed,Medium
C0210,Customer Notification,2026-05-18 16:18:01.498577,Customer Service,Completed,Medium
C0210,Case Closed,2026-05-18 20:35:16.891177,Customer Service,Completed,Medium
C0211,Claim Received,2026-04-18 17:00:00.000000,Customer Service,Completed,High
C0211,Initial Review,2026-04-18 21:27:49.107480,Customer Service,Completed,High
C0211,Technical Assessment,2026-04-19 03:43:40.493360,Technical,Completed,High
C0211,Quality Review,2026-04-20 07:57:40.876202,Quality,Completed,High
C0211,Decision,2026-04-20 10:12:05.541442,Quality,Completed,High
C0211,Customer Notification,2026-04-20 12:40:53.664864,Customer Service,Completed,High
C0211,Case Closed,2026-04-20 14:40:38.014007,Customer Service,Completed,High
C0212,Claim Received,2026-05-22 18:00:00.000000,Customer Service,Completed,High
C0212,Initial Review,2026-05-22 19:40:09.732821,Customer Service,Completed,High
C0212,Technical Assessment,2026-05-23 06:52:13.717298,Technical,Completed,High
C0212,Quality Review,2026-05-24 10:09:26.492055,Quality,Completed,High
C0212,Technical Assessment,2026-05-24 21:18:49.676664,Technical,Completed,High
C0212,Quality Review,2026-05-25 10:19:40.090437,Quality,Completed,High
C0212,Decision,2026-05-25 14:59:05.332512,Quality,Completed,High
C0212,Customer Notification,2026-05-25 17:36:38.428727,Customer Service,Completed,High
C0212,Case Closed,2026-05-25 20:44:30.839031,Customer Service,Completed,High
C0213,Claim Received,2026-05-17 12:00:00.000000,Customer Service,Completed,High
C0213,Initial Review,2026-05-17 16:18:35.672183,Customer Service,Completed,High
C0213,Request Additional Information,2026-05-18 02:16:39.719189,Customer Service,Completed,High
C0213,Initial Review,2026-05-18 04:36:04.251704,Customer Service,Completed,High
C0213,Technical Assessment,2026-05-18 08:26:06.556204,Technical,Completed,High
C0213,Quality Review,2026-05-19 09:07:02.541356,Quality,Completed,High
C0213,Decision,2026-05-19 13:59:51.526235,Quality,Completed,High
C0213,Customer Notification,2026-05-19 14:56:47.489834,Customer Service,Completed,High
C0213,Case Closed,2026-05-19 16:33:45.102842,Customer Service,Completed,High
C0214,Claim Received,2026-06-07 18:00:00.000000,Customer Service,Completed,Medium
C0214,Initial Review,2026-06-07 22:41:50.864643,Customer Service,Completed,Medium
C0214,Technical Assessment,2026-06-08 13:05:28.466531,Technical,Completed,Medium
C0214,Quality Review,2026-06-09 06:47:36.715361,Quality,Completed,Medium
C0214,Decision,2026-06-09 13:35:11.265215,Quality,Completed,Medium
C0214,Customer Notification,2026-06-09 16:34:47.795756,Customer Service,Completed,Medium
C0214,Case Closed,2026-06-09 19:31:03.779432,Customer Service,Completed,Medium
C0215,Claim Received,2026-05-22 08:00:00.000000,Customer Service,Completed,Medium
C0215,Initial Review,2026-05-22 09:03:53.374278,Customer Service,Completed,Medium
C0215,Technical Assessment,2026-05-22 21:45:09.683737,Technical,Completed,Medium
C0215,Quality Review,2026-05-24 06:38:07.886914,Quality,Completed,Medium
C0215,Technical Assessment,2026-05-24 23:23:46.800319,Technical,Completed,Medium
C0215,Quality Review,2026-05-26 02:56:22.238431,Quality,Completed,Medium
C0215,Technical Assessment,2026-05-26 14:35:31.641321,Technical,Completed,Medium
C0215,Quality Review,2026-05-27 21:13:10.720100,Quality,Completed,Medium
C0215,Decision,2026-05-28 00:59:04.958891,Quality,Completed,Medium
C0215,Customer Notification,2026-05-28 04:01:57.674489,Customer Service,Completed,Medium
C0215,Case Closed,2026-05-28 05:54:05.986862,Customer Service,Completed,Medium
C0216,Claim Received,2026-05-23 12:00:00.000000,Customer Service,Completed,Medium
C0216,Initial Review,2026-05-23 13:39:01.197542,Customer Service,Completed,Medium
C0216,Technical Assessment,2026-05-23 21:13:14.011408,Technical,Completed,Medium
C0216,Quality Review,2026-05-25 02:15:11.166610,Quality,Completed,Medium
C0216,Decision,2026-05-25 05:10:31.159695,Quality,Completed,Medium
C0216,Customer Notification,2026-05-25 06:19:40.398460,Customer Service,Completed,Medium
C0216,Case Closed,2026-05-25 10:24:21.354630,Customer Service,Completed,Medium
C0217,Claim Received,2026-04-02 09:00:00.000000,Customer Service,Completed,Medium
C0217,Initial Review,2026-04-02 13:55:12.566074,Customer Service,Completed,Medium
C0217,Technical Assessment,2026-04-02 20:59:58.651652,Technical,Completed,Medium
C0217,Quality Review,2026-04-03 10:38:09.098583,Quality,Completed,Medium
C0217,Decision,2026-04-03 15:07:53.213448,Quality,Completed,Medium
C0217,Customer Notification,2026-04-03 16:24:26.225431,Customer Service,Completed,Medium
C0217,Case Closed,2026-04-03 18:28:26.594014,Customer Service,Completed,Medium
C0218,Claim Received,2026-06-08 16:00:00.000000,Customer Service,Completed,Medium
C0218,Initial Review,2026-06-08 19:22:27.429397,Customer Service,Completed,Medium
C0218,Technical Assessment,2026-06-09 09:54:14.970736,Technical,Completed,Medium
C0218,Quality Review,2026-06-10 00:39:26.947337,Quality,Completed,Medium
C0218,Decision,2026-06-10 04:05:58.461468,Quality,Completed,Medium
C0218,Customer Notification,2026-06-10 07:51:19.420299,Customer Service,Completed,Medium
C0218,Case Closed,2026-06-10 09:03:17.210771,Customer Service,Completed,Medium
C0219,Claim Received,2026-01-30 14:00:00.000000,Customer Service,Completed,High
C0219,Initial Review,2026-01-30 15:49:34.904016,Customer Service,Completed,High
C0219,Technical Assessment,2026-01-30 19:18:11.039038,Technical,Completed,High
C0219,Quality Review,2026-01-31 19:41:47.606595,Quality,Completed,High
C0219,Decision,2026-01-31 23:44:18.557642,Quality,Completed,High
C0219,Customer Notification,2026-02-01 01:14:59.747139,Customer Service,Completed,High
C0219,Case Closed,2026-02-01 03:19:52.250842,Customer Service,Completed,High
C0220,Claim Received,2026-05-18 16:00:00.000000,Customer Service,Completed,Critical
C0220,Initial Review,2026-05-18 16:31:05.975276,Customer Service,Completed,Critical
C0220,Technical Assessment,2026-05-18 23:12:38.420455,Technical,Completed,Critical
C0220,Quality Review,2026-05-19 15:35:24.297422,Quality,Completed,Critical
C0220,Decision,2026-05-19 16:54:06.706961,Quality,Completed,Critical
C0220,Customer Notification,2026-05-19 18:27:21.518439,Customer Service,Completed,Critical
C0220,Case Closed,2026-05-19 20:53:38.379103,Customer Service,Completed,Critical
C0221,Claim Received,2026-02-09 08:00:00.000000,Customer Service,Completed,High
C0221,Initial Review,2026-02-09 10:38:12.843388,Customer Service,Completed,High
C0221,Technical Assessment,2026-02-09 14:49:01.685993,Technical,Completed,High
C0221,Quality Review,2026-02-10 15:39:57.812069,Quality,Completed,High
C0221,Technical Assessment,2026-02-11 01:18:20.291774,Technical,Completed,High
C0221,Quality Review,2026-02-11 15:52:18.038699,Quality,Completed,High
C0221,Decision,2026-02-11 20:29:48.193032,Quality,Completed,High
C0221,Customer Notification,2026-02-11 21:20:14.130998,Customer Service,Completed,High
C0221,Case Closed,2026-02-12 00:16:35.745927,Customer Service,Completed,High
C0222,Claim Received,2026-05-30 08:00:00.000000,Customer Service,Completed,High
C0222,Initial Review,2026-05-30 11:36:12.701252,Customer Service,Completed,High
C0222,Technical Assessment,2026-05-31 01:11:51.586539,Technical,Completed,High
C0222,Quality Review,2026-06-01 01:54:21.554505,Quality,Completed,High
C0222,Decision,2026-06-01 03:55:16.364731,Quality,Completed,High
C0222,Customer Notification,2026-06-01 05:46:17.886662,Customer Service,Completed,High
C0222,Case Closed,2026-06-01 09:12:52.300237,Customer Service,Completed,High
C0223,Claim Received,2026-04-11 16:00:00.000000,Customer Service,Completed,Low
C0223,Initial Review,2026-04-11 18:58:11.534937,Customer Service,Completed,Low
C0223,Technical Assessment,2026-04-12 04:46:37.992252,Technical,Completed,Low
C0223,Quality Review,2026-04-13 22:58:47.076242,Quality,Completed,Low
C0223,Decision,2026-04-14 06:02:41.696818,Quality,Completed,Low
C0223,Customer Notification,2026-04-14 07:17:06.203511,Customer Service,Completed,Low
C0223,Case Closed,2026-04-14 13:25:47.230042,Customer Service,Completed,Low
C0224,Claim Received,2026-05-21 09:00:00.000000,Customer Service,Completed,Medium
C0224,Initial Review,2026-05-21 11:31:24.440742,Customer Service,Completed,Medium
C0224,Technical Assessment,2026-05-22 04:10:23.178091,Technical,Completed,Medium
C0224,Quality Review,2026-05-23 02:04:36.526548,Quality,Completed,Medium
C0224,Decision,2026-05-23 07:09:07.664750,Quality,Completed,Medium
C0224,Customer Notification,2026-05-23 08:48:52.174819,Customer Service,Completed,Medium
C0224,Case Closed,2026-05-23 10:47:10.046695,Customer Service,Completed,Medium
C0225,Claim Received,2026-05-21 15:00:00.000000,Customer Service,Completed,High
C0225,Initial Review,2026-05-21 18:22:43.313000,Customer Service,Completed,High
C0225,Request Additional Information,2026-05-22 23:19:23.639628,Customer Service,Completed,High
C0225,Initial Review,2026-05-23 00:54:46.452959,Customer Service,Completed,High
C0225,Technical Assessment,2026-05-23 14:46:12.541983,Technical,Completed,High
C0225,Quality Review,2026-05-24 13:15:32.491490,Quality,Completed,High
C0225,Decision,2026-05-24 16:13:39.661336,Quality,Completed,High
C0225,Customer Notification,2026-05-24 17:29:31.488973,Customer Service,Completed,High
C0225,Case Closed,2026-05-24 19:36:19.672499,Customer Service,Completed,High
C0226,Claim Received,2026-05-26 13:00:00.000000,Customer Service,Completed,Medium
C0226,Initial Review,2026-05-26 18:02:18.595764,Customer Service,Completed,Medium
C0226,Request Additional Information,2026-05-27 12:06:34.276377,Customer Service,Completed,Medium
C0226,Initial Review,2026-05-27 17:02:16.158394,Customer Service,Completed,Medium
C0226,Technical Assessment,2026-05-28 06:00:34.421029,Technical,Completed,Medium
C0226,Quality Review,2026-05-29 02:38:14.011407,Quality,Completed,Medium
C0226,Decision,2026-05-29 06:37:35.771133,Quality,Completed,Medium
C0226,Customer Notification,2026-05-29 08:57:45.637248,Customer Service,Completed,Medium
C0226,Case Closed,2026-05-29 12:23:51.122132,Customer Service,Completed,Medium
C0227,Claim Received,2026-03-13 10:00:00.000000,Customer Service,Completed,Low
C0227,Initial Review,2026-03-13 16:32:52.016041,Customer Service,Completed,Low
C0227,Technical Assessment,2026-03-14 09:40:16.794480,Technical,Completed,Low
C0227,Quality Review,2026-03-15 21:01:16.256551,Quality,Completed,Low
C0227,Decision,2026-03-16 05:32:17.558665,Quality,Completed,Low
C0227,Customer Notification,2026-03-16 09:39:49.404167,Customer Service,Completed,Low
C0227,Case Closed,2026-03-16 15:28:44.129673,Customer Service,Completed,Low
C0228,Claim Received,2026-05-19 15:00:00.000000,Customer Service,Completed,Medium
C0228,Initial Review,2026-05-19 19:16:10.346507,Customer Service,Completed,Medium
C0228,Technical Assessment,2026-05-20 04:45:52.263138,Technical,Completed,Medium
C0228,Quality Review,2026-05-21 06:54:53.768351,Quality,Completed,Medium
C0228,Decision,2026-05-21 09:43:05.603555,Quality,Completed,Medium
C0228,Customer Notification,2026-05-21 10:59:23.587017,Customer Service,Completed,Medium
C0228,Case Closed,2026-05-21 12:02:34.237316,Customer Service,Completed,Medium
C0229,Claim Received,2026-06-25 10:00:00.000000,Customer Service,Completed,Critical
C0229,Initial Review,2026-06-25 12:23:34.854641,Customer Service,Completed,Critical
C0229,Technical Assessment,2026-06-25 15:30:27.259572,Technical,Completed,Critical
C0229,Quality Review,2026-06-26 04:17:50.361000,Quality,Completed,Critical
C0229,Technical Assessment,2026-06-26 07:19:14.577137,Technical,Completed,Critical
C0229,Quality Review,2026-06-28 11:07:51.690609,Quality,Completed,Critical
C0229,Technical Assessment,2026-06-28 18:27:40.794530,Technical,Completed,Critical
C0229,Quality Review,2026-06-29 03:38:01.021902,Quality,Completed,Critical
C0229,Decision,2026-06-29 06:38:21.746382,Quality,Completed,Critical
C0229,Customer Notification,2026-06-29 08:19:35.632851,Customer Service,Completed,Critical
C0229,Case Closed,2026-06-29 11:07:16.750347,Customer Service,Completed,Critical
C0230,Claim Received,2026-01-27 16:00:00.000000,Customer Service,Completed,Medium
C0230,Initial Review,2026-01-27 20:10:04.205672,Customer Service,Completed,Medium
C0230,Technical Assessment,2026-01-28 10:33:16.454908,Technical,Completed,Medium
C0230,Quality Review,2026-01-29 12:14:18.292026,Quality,Completed,Medium
C0230,Decision,2026-01-29 16:30:34.291994,Quality,Completed,Medium
C0230,Customer Notification,2026-01-29 20:12:15.139463,Customer Service,Completed,Medium
C0230,Case Closed,2026-01-29 22:27:43.694847,Customer Service,Completed,Medium
C0231,Claim Received,2026-03-30 15:00:00.000000,Customer Service,Completed,Medium
C0231,Initial Review,2026-03-30 19:57:47.834162,Customer Service,Completed,Medium
C0231,Technical Assessment,2026-03-31 00:03:20.357565,Technical,Completed,Medium
C0231,Quality Review,2026-03-31 22:36:47.605310,Quality,Completed,Medium
C0231,Decision,2026-04-01 03:42:01.696810,Quality,Completed,Medium
C0231,Customer Notification,2026-04-01 05:09:04.293214,Customer Service,Completed,Medium
C0231,Case Closed,2026-04-01 09:09:40.658190,Customer Service,Completed,Medium
C0232,Claim Received,2026-03-26 09:00:00.000000,Customer Service,Completed,Medium
C0232,Initial Review,2026-03-26 12:24:27.299689,Customer Service,Completed,Medium
C0232,Request Additional Information,2026-03-27 07:59:34.531745,Customer Service,Completed,Medium
C0232,Initial Review,2026-03-27 23:29:36.241550,Customer Service,Completed,Medium
C0232,Technical Assessment,2026-03-28 04:05:50.715849,Technical,Completed,Medium
C0232,Quality Review,2026-03-28 19:57:52.273577,Quality,Completed,Medium
C0232,Decision,2026-03-28 22:11:58.796266,Quality,Completed,Medium
C0232,Customer Notification,2026-03-28 23:22:02.645911,Customer Service,Completed,Medium
C0232,Case Closed,2026-03-29 01:16:03.321623,Customer Service,Completed,Medium
C0233,Claim Received,2026-01-05 18:00:00.000000,Customer Service,Completed,Medium
C0233,Initial Review,2026-01-05 23:06:23.459582,Customer Service,Completed,Medium
C0233,Technical Assessment,2026-01-06 06:08:19.767844,Technical,Completed,Medium
C0233,Quality Review,2026-01-07 05:27:09.890349,Quality,Completed,Medium
C0233,Decision,2026-01-07 08:46:08.148749,Quality,Completed,Medium
C0233,Customer Notification,2026-01-07 10:11:49.439829,Customer Service,Completed,Medium
C0233,Case Closed,2026-01-07 15:02:04.261857,Customer Service,Completed,Medium
C0234,Claim Received,2026-06-25 13:00:00.000000,Customer Service,Completed,Medium
C0234,Initial Review,2026-06-25 18:36:42.335007,Customer Service,Completed,Medium
C0234,Technical Assessment,2026-06-25 23:34:32.017018,Technical,Completed,Medium
C0234,Quality Review,2026-06-27 21:05:41.678058,Quality,Completed,Medium
C0234,Decision,2026-06-28 02:13:52.243067,Quality,Completed,Medium
C0234,Customer Notification,2026-06-28 05:17:03.415644,Customer Service,Completed,Medium
C0234,Case Closed,2026-06-28 09:18:42.613966,Customer Service,Completed,Medium
C0235,Claim Received,2026-05-17 16:00:00.000000,Customer Service,Completed,Medium
C0235,Initial Review,2026-05-17 20:45:42.896719,Customer Service,Completed,Medium
C0235,Technical Assessment,2026-05-18 09:59:36.284322,Technical,Completed,Medium
C0235,Quality Review,2026-05-21 12:49:19.211979,Quality,Completed,Medium
C0235,Technical Assessment,2026-05-22 05:57:01.047946,Technical,Completed,Medium
C0235,Quality Review,2026-05-23 04:18:22.373646,Quality,Completed,Medium
C0235,Decision,2026-05-23 11:33:18.578542,Quality,Completed,Medium
C0235,Customer Notification,2026-05-23 13:50:31.306198,Customer Service,Completed,Medium
C0235,Case Closed,2026-05-23 17:15:09.528260,Customer Service,Completed,Medium
C0236,Claim Received,2026-06-28 17:00:00.000000,Customer Service,Completed,High
C0236,Initial Review,2026-06-28 18:11:27.123480,Customer Service,Completed,High
C0236,Technical Assessment,2026-06-29 02:44:05.458156,Technical,Completed,High
C0236,Quality Review,2026-06-30 04:49:43.218609,Quality,Completed,High
C0236,Decision,2026-06-30 10:38:13.740501,Quality,Completed,High
C0236,Customer Notification,2026-06-30 11:53:26.882060,Customer Service,Completed,High
C0236,Case Closed,2026-06-30 15:50:54.565805,Customer Service,Completed,High
C0237,Claim Received,2026-06-17 11:00:00.000000,Customer Service,Completed,Low
C0237,Initial Review,2026-06-17 16:19:35.761514,Customer Service,Completed,Low
C0237,Technical Assessment,2026-06-18 03:12:45.838400,Technical,Completed,Low
C0237,Quality Review,2026-06-19 12:22:41.231318,Quality,Completed,Low
C0237,Decision,2026-06-19 20:56:02.233247,Quality,Completed,Low
C0237,Customer Notification,2026-06-19 23:27:00.980711,Customer Service,Completed,Low
C0237,Case Closed,2026-06-20 04:44:02.063940,Customer Service,Completed,Low
C0238,Claim Received,2026-05-04 10:00:00.000000,Customer Service,Completed,High
C0238,Initial Review,2026-05-04 12:16:51.066752,Customer Service,Completed,High
C0238,Technical Assessment,2026-05-04 18:19:23.381416,Technical,Completed,High
C0238,Quality Review,2026-05-05 10:32:05.289163,Quality,Completed,High
C0238,Decision,2026-05-05 15:39:59.609564,Quality,Completed,High
C0238,Customer Notification,2026-05-05 18:02:55.813380,Customer Service,Completed,High
C0238,Case Closed,2026-05-05 20:38:06.779615,Customer Service,Completed,High
C0239,Claim Received,2026-04-13 13:00:00.000000,Customer Service,Completed,Medium
C0239,Initial Review,2026-04-13 18:00:15.367200,Customer Service,Completed,Medium
C0239,Technical Assessment,2026-04-14 07:35:17.415314,Technical,Completed,Medium
C0239,Quality Review,2026-04-15 04:55:35.973317,Quality,Completed,Medium
C0239,Decision,2026-04-15 11:45:10.351512,Quality,Completed,Medium
C0239,Customer Notification,2026-04-15 14:10:04.373041,Customer Service,Completed,Medium
C0239,Case Closed,2026-04-15 15:36:30.905449,Customer Service,Completed,Medium
C0240,Claim Received,2026-04-09 14:00:00.000000,Customer Service,Completed,Medium
C0240,Initial Review,2026-04-09 18:04:11.380633,Customer Service,Completed,Medium
C0240,Technical Assessment,2026-04-10 08:01:56.314551,Technical,Completed,Medium
C0240,Quality Review,2026-04-11 18:43:46.164669,Quality,Completed,Medium
C0240,Decision,2026-04-12 00:34:16.457063,Quality,Completed,Medium
C0240,Customer Notification,2026-04-12 02:10:34.895285,Customer Service,Completed,Medium
C0240,Case Closed,2026-04-12 07:11:45.273649,Customer Service,Completed,Medium
C0241,Claim Received,2026-05-13 11:00:00.000000,Customer Service,Completed,Medium
C0241,Initial Review,2026-05-13 15:04:33.419743,Customer Service,Completed,Medium
C0241,Technical Assessment,2026-05-14 00:06:44.315656,Technical,Completed,Medium
C0241,Quality Review,2026-05-15 11:31:40.121498,Quality,Completed,Medium
C0241,Decision,2026-05-15 15:11:00.357893,Quality,Completed,Medium
C0241,Customer Notification,2026-05-15 18:11:32.707994,Customer Service,Completed,Medium
C0241,Case Closed,2026-05-16 00:11:49.468683,Customer Service,Completed,Medium
C0242,Claim Received,2026-05-21 12:00:00.000000,Customer Service,Completed,Critical
C0242,Initial Review,2026-05-21 14:18:55.248387,Customer Service,Completed,Critical
C0242,Request Additional Information,2026-05-22 06:48:29.268893,Customer Service,Completed,Critical
C0242,Initial Review,2026-05-22 09:20:48.902808,Customer Service,Completed,Critical
C0242,Technical Assessment,2026-05-22 18:05:17.942723,Technical,Completed,Critical
C0242,Quality Review,2026-05-24 02:37:50.701197,Quality,Completed,Critical
C0242,Decision,2026-05-24 04:09:21.076895,Quality,Completed,Critical
C0242,Customer Notification,2026-05-24 05:29:37.682744,Customer Service,Completed,Critical
C0242,Case Closed,2026-05-24 06:50:37.375794,Customer Service,Completed,Critical
C0243,Claim Received,2026-05-18 17:00:00.000000,Customer Service,Completed,Medium
C0243,Initial Review,2026-05-18 19:15:02.546851,Customer Service,Completed,Medium
C0243,Technical Assessment,2026-05-19 04:31:47.393004,Technical,Completed,Medium
C0243,Quality Review,2026-05-19 22:22:06.202357,Quality,Completed,Medium
C0243,Decision,2026-05-20 05:01:19.136547,Quality,Completed,Medium
C0243,Customer Notification,2026-05-20 08:42:41.593833,Customer Service,Completed,Medium
C0243,Case Closed,2026-05-20 12:07:17.056750,Customer Service,Completed,Medium
C0244,Claim Received,2026-02-26 18:00:00.000000,Customer Service,Completed,High
C0244,Initial Review,2026-02-26 21:36:16.935857,Customer Service,Completed,High
C0244,Technical Assessment,2026-02-27 05:25:25.951056,Technical,Completed,High
C0244,Quality Review,2026-02-28 01:18:30.210895,Quality,Completed,High
C0244,Decision,2026-02-28 04:10:20.893562,Quality,Completed,High
C0244,Customer Notification,2026-02-28 05:55:47.654262,Customer Service,Completed,High
C0244,Case Closed,2026-02-28 08:05:52.351705,Customer Service,Completed,High
C0245,Claim Received,2026-02-25 17:00:00.000000,Customer Service,Completed,Medium
C0245,Initial Review,2026-02-25 19:20:43.364084,Customer Service,Completed,Medium
C0245,Technical Assessment,2026-02-26 08:54:31.972434,Technical,Completed,Medium
C0245,Quality Review,2026-02-27 08:53:05.515441,Quality,Completed,Medium
C0245,Decision,2026-02-27 15:17:50.783250,Quality,Completed,Medium
C0245,Customer Notification,2026-02-27 16:55:03.992479,Customer Service,Completed,Medium
C0245,Case Closed,2026-02-27 19:09:58.510290,Customer Service,Completed,Medium
C0246,Claim Received,2026-01-21 18:00:00.000000,Customer Service,Completed,Low
C0246,Initial Review,2026-01-22 00:56:04.841176,Customer Service,Completed,Low
C0246,Technical Assessment,2026-01-22 05:50:45.441110,Technical,Completed,Low
C0246,Quality Review,2026-01-23 23:50:10.164730,Quality,Completed,Low
C0246,Decision,2026-01-24 04:54:31.578927,Quality,Completed,Low
C0246,Customer Notification,2026-01-24 09:20:31.229684,Customer Service,Completed,Low
C0246,Case Closed,2026-01-24 13:59:20.848291,Customer Service,Completed,Low
C0247,Claim Received,2026-05-11 12:00:00.000000,Customer Service,Completed,High
C0247,Initial Review,2026-05-11 14:23:29.464769,Customer Service,Completed,High
C0247,Technical Assessment,2026-05-11 19:01:40.341479,Technical,Completed,High
C0247,Quality Review,2026-05-12 12:45:10.257440,Quality,Completed,High
C0247,Decision,2026-05-12 14:30:32.939981,Quality,Completed,High
C0247,Customer Notification,2026-05-12 17:22:26.797109,Customer Service,Completed,High
C0247,Case Closed,2026-05-12 20:00:10.420003,Customer Service,Completed,High
C0248,Claim Received,2026-01-03 08:00:00.000000,Customer Service,Completed,Medium
C0248,Initial Review,2026-01-03 12:22:13.855088,Customer Service,Completed,Medium
C0248,Technical Assessment,2026-01-03 17:46:51.545525,Technical,Completed,Medium
C0248,Quality Review,2026-01-05 02:27:54.696336,Quality,Completed,Medium
C0248,Decision,2026-01-05 06:02:32.235484,Quality,Completed,Medium
C0248,Customer Notification,2026-01-05 09:55:04.325108,Customer Service,Completed,Medium
C0248,Case Closed,2026-01-05 11:50:14.771244,Customer Service,Completed,Medium
C0249,Claim Received,2026-04-04 14:00:00.000000,Customer Service,Completed,High
C0249,Initial Review,2026-04-04 15:55:06.665259,Customer Service,Completed,High
C0249,Technical Assessment,2026-04-04 20:35:14.196452,Technical,Completed,High
C0249,Quality Review,2026-04-05 10:34:32.730177,Quality,Completed,High
C0249,Decision,2026-04-05 13:28:17.450744,Quality,Completed,High
C0249,Customer Notification,2026-04-05 15:18:31.820759,Customer Service,Completed,High
C0249,Case Closed,2026-04-05 16:41:31.970548,Customer Service,Completed,High
C0250,Claim Received,2026-02-15 14:00:00.000000,Customer Service,Completed,High
C0250,Initial Review,2026-02-15 16:47:54.208696,Customer Service,Completed,High
C0250,Technical Assessment,2026-02-16 05:30:41.610085,Technical,Completed,High
C0250,Quality Review,2026-02-17 04:56:46.740062,Quality,Completed,High
C0250,Decision,2026-02-17 07:59:11.330730,Quality,Completed,High
C0250,Customer Notification,2026-02-17 10:08:57.420976,Customer Service,Completed,High
C0250,Case Closed,2026-02-17 13:42:41.242710,Customer Service,Completed,High
C0251,Claim Received,2026-06-11 09:00:00.000000,Customer Service,Completed,Medium
C0251,Initial Review,2026-06-11 12:14:57.386743,Customer Service,Completed,Medium
C0251,Request Additional Information,2026-06-12 13:14:38.064672,Customer Service,Completed,Medium
C0251,Initial Review,2026-06-12 18:54:11.267036,Customer Service,Completed,Medium
C0251,Technical Assessment,2026-06-12 23:10:50.967850,Technical,Completed,Medium
C0251,Quality Review,2026-06-14 07:59:51.613505,Quality,Completed,Medium
C0251,Decision,2026-06-14 11:11:29.108695,Quality,Completed,Medium
C0251,Customer Notification,2026-06-14 14:08:19.722976,Customer Service,Completed,Medium
C0251,Case Closed,2026-06-14 19:02:25.286742,Customer Service,Completed,Medium
C0252,Claim Received,2026-04-25 09:00:00.000000,Customer Service,Completed,Medium
C0252,Initial Review,2026-04-25 11:54:19.277971,Customer Service,Completed,Medium
C0252,Request Additional Information,2026-04-26 22:38:49.177858,Customer Service,Completed,Medium
C0252,Initial Review,2026-04-27 00:29:05.537497,Customer Service,Completed,Medium
C0252,Technical Assessment,2026-04-27 09:12:29.908321,Technical,Completed,Medium
C0252,Quality Review,2026-04-28 10:55:39.394704,Quality,Completed,Medium
C0252,Decision,2026-04-28 13:21:20.426793,Quality,Completed,Medium
C0252,Customer Notification,2026-04-28 15:02:25.180538,Customer Service,Completed,Medium
C0252,Case Closed,2026-04-28 17:29:49.594888,Customer Service,Completed,Medium
C0253,Claim Received,2026-04-24 13:00:00.000000,Customer Service,Completed,Medium
C0253,Initial Review,2026-04-24 17:44:22.118973,Customer Service,Completed,Medium
C0253,Technical Assessment,2026-04-25 04:02:36.667258,Technical,Completed,Medium
C0253,Quality Review,2026-04-26 12:32:40.570638,Quality,Completed,Medium
C0253,Decision,2026-04-26 15:57:08.517989,Quality,Completed,Medium
C0253,Customer Notification,2026-04-26 19:11:02.371713,Customer Service,Completed,Medium
C0253,Case Closed,2026-04-26 21:14:12.658559,Customer Service,Completed,Medium
C0254,Claim Received,2026-05-02 16:00:00.000000,Customer Service,Completed,Critical
C0254,Initial Review,2026-05-02 16:38:04.428944,Customer Service,Completed,Critical
C0254,Technical Assessment,2026-05-02 22:18:08.795286,Technical,Completed,Critical
C0254,Quality Review,2026-05-03 05:32:58.502340,Quality,Completed,Critical
C0254,Decision,2026-05-03 06:48:09.064020,Quality,Completed,Critical
C0254,Customer Notification,2026-05-03 07:53:14.233543,Customer Service,Completed,Critical
C0254,Case Closed,2026-05-03 10:13:52.572597,Customer Service,Completed,Critical
C0255,Claim Received,2026-02-13 08:00:00.000000,Customer Service,Completed,Medium
C0255,Initial Review,2026-02-13 09:10:32.789656,Customer Service,Completed,Medium
C0255,Technical Assessment,2026-02-14 01:59:22.517976,Technical,Completed,Medium
C0255,Quality Review,2026-02-15 01:12:08.034360,Quality,Completed,Medium
C0255,Decision,2026-02-15 08:48:40.957908,Quality,Completed,Medium
C0255,Customer Notification,2026-02-15 10:13:00.198914,Customer Service,Completed,Medium
C0255,Case Closed,2026-02-15 13:54:47.375146,Customer Service,Completed,Medium
C0256,Claim Received,2026-05-25 14:00:00.000000,Customer Service,Completed,High
C0256,Initial Review,2026-05-25 16:53:37.821183,Customer Service,Completed,High
C0256,Technical Assessment,2026-05-25 23:33:43.365933,Technical,Completed,High
C0256,Quality Review,2026-05-26 19:31:25.226535,Quality,Completed,High
C0256,Decision,2026-05-26 23:14:40.572615,Quality,Completed,High
C0256,Customer Notification,2026-05-27 00:40:05.305475,Customer Service,Completed,High
C0256,Case Closed,2026-05-27 01:28:06.635263,Customer Service,Completed,High
C0257,Claim Received,2026-05-01 16:00:00.000000,Customer Service,Completed,Medium
C0257,Initial Review,2026-05-01 17:02:29.707991,Customer Service,Completed,Medium
C0257,Technical Assessment,2026-05-02 10:17:56.366589,Technical,Completed,Medium
C0257,Quality Review,2026-05-02 22:31:05.423192,Quality,Completed,Medium
C0257,Technical Assessment,2026-05-03 06:37:08.722887,Technical,Completed,Medium
C0257,Quality Review,2026-05-03 18:47:32.356791,Quality,Completed,Medium
C0257,Decision,2026-05-03 23:15:45.851563,Quality,Completed,Medium
C0257,Customer Notification,2026-05-04 01:26:49.174023,Customer Service,Completed,Medium
C0257,Case Closed,2026-05-04 06:07:57.295397,Customer Service,Completed,Medium
C0258,Claim Received,2026-04-19 18:00:00.000000,Customer Service,Completed,Medium
C0258,Initial Review,2026-04-19 20:11:52.112669,Customer Service,Completed,Medium
C0258,Technical Assessment,2026-04-20 12:56:13.814602,Technical,Completed,Medium
C0258,Quality Review,2026-04-21 17:22:06.735691,Quality,Completed,Medium
C0258,Decision,2026-04-21 23:49:33.956561,Quality,Completed,Medium
C0258,Customer Notification,2026-04-22 02:03:53.318427,Customer Service,Completed,Medium
C0258,Case Closed,2026-04-22 03:58:36.647649,Customer Service,Completed,Medium
C0259,Claim Received,2026-03-11 17:00:00.000000,Customer Service,Completed,Medium
C0259,Initial Review,2026-03-11 20:27:35.928252,Customer Service,Completed,Medium
C0259,Technical Assessment,2026-03-12 02:35:24.253230,Technical,Completed,Medium
C0259,Quality Review,2026-03-12 15:07:16.361747,Quality,Completed,Medium
C0259,Decision,2026-03-12 18:48:50.035759,Quality,Completed,Medium
C0259,Customer Notification,2026-03-13 01:45:34.734747,Customer Service,Completed,Medium
C0259,Case Closed,2026-03-13 06:06:45.371837,Customer Service,Completed,Medium
C0260,Claim Received,2026-05-08 13:00:00.000000,Customer Service,Completed,Medium
C0260,Initial Review,2026-05-08 16:19:06.320410,Customer Service,Completed,Medium
C0260,Technical Assessment,2026-05-09 00:56:30.852221,Technical,Completed,Medium
C0260,Quality Review,2026-05-10 11:46:52.897427,Quality,Completed,Medium
C0260,Decision,2026-05-10 18:26:07.000298,Quality,Completed,Medium
C0260,Customer Notification,2026-05-10 20:50:44.585485,Customer Service,Completed,Medium
C0260,Case Closed,2026-05-11 02:03:12.292668,Customer Service,Completed,Medium
C0261,Claim Received,2026-03-05 14:00:00.000000,Customer Service,Completed,Low
C0261,Initial Review,2026-03-05 19:49:38.467193,Customer Service,Completed,Low
C0261,Request Additional Information,2026-03-11 14:37:21.993690,Customer Service,Completed,Low
C0261,Initial Review,2026-03-11 18:35:16.021813,Customer Service,Completed,Low
C0261,Technical Assessment,2026-03-12 08:08:34.515794,Technical,Completed,Low
C0261,Quality Review,2026-03-13 12:09:37.068299,Quality,Completed,Low
C0261,Decision,2026-03-13 16:48:26.943055,Quality,Completed,Low
C0261,Customer Notification,2026-03-14 03:12:08.849256,Customer Service,Completed,Low
C0261,Case Closed,2026-03-14 10:01:37.141206,Customer Service,Completed,Low
C0262,Claim Received,2026-02-20 13:00:00.000000,Customer Service,Completed,Medium
C0262,Initial Review,2026-02-20 18:26:15.352369,Customer Service,Completed,Medium
C0262,Technical Assessment,2026-02-21 01:29:11.880121,Technical,Completed,Medium
C0262,Quality Review,2026-02-22 04:40:35.214775,Quality,Completed,Medium
C0262,Decision,2026-02-22 07:40:50.198473,Quality,Completed,Medium
C0262,Customer Notification,2026-02-22 09:02:22.414067,Customer Service,Completed,Medium
C0262,Case Closed,2026-02-22 12:10:24.626285,Customer Service,Completed,Medium
C0263,Claim Received,2026-06-02 10:00:00.000000,Customer Service,Completed,Medium
C0263,Initial Review,2026-06-02 12:51:25.175939,Customer Service,Completed,Medium
C0263,Request Additional Information,2026-06-03 06:32:02.895862,Customer Service,Completed,Medium
C0263,Initial Review,2026-06-03 10:37:38.503314,Customer Service,Completed,Medium
C0263,Technical Assessment,2026-06-04 04:35:05.947704,Technical,Completed,Medium
C0263,Quality Review,2026-06-04 18:01:10.519075,Quality,Completed,Medium
C0263,Decision,2026-06-05 00:13:39.206899,Quality,Completed,Medium
C0263,Customer Notification,2026-06-05 01:36:18.143442,Customer Service,Completed,Medium
C0263,Case Closed,2026-06-05 07:30:48.306239,Customer Service,Completed,Medium
C0264,Claim Received,2026-04-23 11:00:00.000000,Customer Service,Completed,High
C0264,Initial Review,2026-04-23 11:53:07.480791,Customer Service,Completed,High
C0264,Request Additional Information,2026-04-24 18:20:53.185479,Customer Service,Completed,High
C0264,Initial Review,2026-04-24 19:18:21.820494,Customer Service,Completed,High
C0264,Technical Assessment,2026-04-25 04:46:01.700052,Technical,Completed,High
C0264,Quality Review,2026-04-25 23:46:36.858803,Quality,Completed,High
C0264,Decision,2026-04-26 03:59:10.621808,Quality,Completed,High
C0264,Customer Notification,2026-04-26 05:54:37.552198,Customer Service,Completed,High
C0264,Case Closed,2026-04-26 09:06:18.543395,Customer Service,Completed,High
C0265,Claim Received,2026-04-26 12:00:00.000000,Customer Service,Completed,Medium
C0265,Initial Review,2026-04-26 17:05:49.533927,Customer Service,Completed,Medium
C0265,Technical Assessment,2026-04-27 03:27:15.114509,Technical,Completed,Medium
C0265,Quality Review,2026-04-28 03:35:49.862635,Quality,Completed,Medium
C0265,Decision,2026-04-28 10:53:41.201882,Quality,Completed,Medium
C0265,Customer Notification,2026-04-28 12:59:13.214011,Customer Service,Completed,Medium
C0265,Case Closed,2026-04-28 15:35:25.707709,Customer Service,Completed,Medium
C0266,Claim Received,2026-02-18 16:00:00.000000,Customer Service,Completed,High
C0266,Initial Review,2026-02-18 19:31:58.428229,Customer Service,Completed,High
C0266,Technical Assessment,2026-02-19 00:27:33.010871,Technical,Completed,High
C0266,Quality Review,2026-02-19 17:55:38.699830,Quality,Completed,High
C0266,Technical Assessment,2026-02-19 22:12:19.753735,Technical,Completed,High
C0266,Quality Review,2026-02-20 08:38:45.638183,Quality,Completed,High
C0266,Technical Assessment,2026-02-21 00:14:53.787435,Technical,Completed,High
C0266,Quality Review,2026-02-21 11:54:13.440681,Quality,Completed,High
C0266,Decision,2026-02-21 13:39:23.241031,Quality,Completed,High
C0266,Customer Notification,2026-02-21 15:23:20.734832,Customer Service,Completed,High
C0266,Case Closed,2026-02-21 18:41:05.909802,Customer Service,Completed,High
C0267,Claim Received,2026-01-19 08:00:00.000000,Customer Service,Completed,Medium
C0267,Initial Review,2026-01-19 13:39:03.798663,Customer Service,Completed,Medium
C0267,Technical Assessment,2026-01-20 00:31:50.635935,Technical,Completed,Medium
C0267,Quality Review,2026-01-20 14:26:58.903734,Quality,Completed,Medium
C0267,Decision,2026-01-20 16:48:50.027801,Quality,Completed,Medium
C0267,Customer Notification,2026-01-20 20:37:43.061464,Customer Service,Completed,Medium
C0267,Case Closed,2026-01-20 23:28:26.297179,Customer Service,Completed,Medium
C0268,Claim Received,2026-01-11 09:00:00.000000,Customer Service,Completed,Medium
C0268,Initial Review,2026-01-11 14:10:20.216968,Customer Service,Completed,Medium
C0268,Request Additional Information,2026-01-12 09:56:40.865161,Customer Service,Completed,Medium
C0268,Initial Review,2026-01-12 11:27:02.917335,Customer Service,Completed,Medium
C0268,Technical Assessment,2026-01-12 20:50:43.604182,Technical,Completed,Medium
C0268,Quality Review,2026-01-14 00:36:37.734968,Quality,Completed,Medium
C0268,Decision,2026-01-14 08:17:43.807210,Quality,Completed,Medium
C0268,Customer Notification,2026-01-14 10:58:11.736567,Customer Service,Completed,Medium
C0268,Case Closed,2026-01-14 15:48:04.838127,Customer Service,Completed,Medium
C0269,Claim Received,2026-04-20 09:00:00.000000,Customer Service,Completed,High
C0269,Initial Review,2026-04-20 10:28:02.054192,Customer Service,Completed,High
C0269,Request Additional Information,2026-04-21 07:37:55.501952,Customer Service,Completed,High
C0269,Initial Review,2026-04-21 09:03:53.242917,Customer Service,Completed,High
C0269,Technical Assessment,2026-04-21 17:13:35.493611,Technical,Completed,High
C0269,Quality Review,2026-04-22 08:52:39.006944,Quality,Completed,High
C0269,Decision,2026-04-22 12:02:09.029941,Quality,Completed,High
C0269,Customer Notification,2026-04-22 14:40:11.582880,Customer Service,Completed,High
C0269,Case Closed,2026-04-22 18:22:24.077524,Customer Service,Completed,High
C0270,Claim Received,2026-05-21 12:00:00.000000,Customer Service,Completed,Medium
C0270,Initial Review,2026-05-21 14:48:00.153809,Customer Service,Completed,Medium
C0270,Technical Assessment,2026-05-23 19:06:45.607764,Technical,Completed,Medium
C0270,Quality Review,2026-05-24 07:56:40.482517,Quality,Completed,Medium
C0270,Decision,2026-05-24 10:02:32.615392,Quality,Completed,Medium
C0270,Customer Notification,2026-05-24 21:03:19.131058,Customer Service,Completed,Medium
C0270,Case Closed,2026-05-25 02:58:38.230714,Customer Service,Completed,Medium
C0271,Claim Received,2026-06-26 12:00:00.000000,Customer Service,Completed,High
C0271,Initial Review,2026-06-26 16:28:35.213995,Customer Service,Completed,High
C0271,Technical Assessment,2026-06-27 02:04:04.556023,Technical,Completed,High
C0271,Quality Review,2026-06-27 13:28:41.682278,Quality,Completed,High
C0271,Decision,2026-06-27 15:49:39.213076,Quality,Completed,High
C0271,Customer Notification,2026-06-27 18:45:45.576121,Customer Service,Completed,High
C0271,Case Closed,2026-06-27 20:35:15.487395,Customer Service,Completed,High
C0272,Claim Received,2026-02-25 09:00:00.000000,Customer Service,Completed,Medium
C0272,Initial Review,2026-02-25 13:37:04.449481,Customer Service,Completed,Medium
C0272,Technical Assessment,2026-02-25 20:02:18.735020,Technical,Completed,Medium
C0272,Quality Review,2026-02-27 00:35:19.751751,Quality,Completed,Medium
C0272,Decision,2026-02-27 08:02:05.113621,Quality,Completed,Medium
C0272,Customer Notification,2026-02-27 09:56:09.360763,Customer Service,Completed,Medium
C0272,Case Closed,2026-02-27 13:49:02.467294,Customer Service,Completed,Medium
C0273,Claim Received,2026-03-31 14:00:00.000000,Customer Service,Completed,High
C0273,Initial Review,2026-03-31 16:27:57.912662,Customer Service,Completed,High
C0273,Technical Assessment,2026-04-01 05:24:27.704911,Technical,Completed,High
C0273,Quality Review,2026-04-02 03:32:27.802051,Quality,Completed,High
C0273,Decision,2026-04-02 05:11:45.388154,Quality,Completed,High
C0273,Customer Notification,2026-04-02 06:54:50.075507,Customer Service,Completed,High
C0273,Case Closed,2026-04-02 07:52:43.099938,Customer Service,Completed,High
C0274,Claim Received,2026-02-26 10:00:00.000000,Customer Service,Completed,Medium
C0274,Initial Review,2026-02-26 11:15:09.356655,Customer Service,Completed,Medium
C0274,Technical Assessment,2026-02-26 20:45:10.644963,Technical,Completed,Medium
C0274,Quality Review,2026-02-27 23:02:10.066291,Quality,Completed,Medium
C0274,Decision,2026-02-28 02:22:07.115859,Quality,Completed,Medium
C0274,Customer Notification,2026-02-28 04:33:05.797821,Customer Service,Completed,Medium
C0274,Case Closed,2026-02-28 05:57:51.609848,Customer Service,Completed,Medium
C0275,Claim Received,2026-01-22 14:00:00.000000,Customer Service,Completed,Medium
C0275,Initial Review,2026-01-22 17:30:32.816081,Customer Service,Completed,Medium
C0275,Technical Assessment,2026-01-22 23:20:03.724896,Technical,Completed,Medium
C0275,Quality Review,2026-01-24 00:45:26.914616,Quality,Completed,Medium
C0275,Decision,2026-01-24 06:40:15.480898,Quality,Completed,Medium
C0275,Customer Notification,2026-01-24 09:31:08.246744,Customer Service,Completed,Medium
C0275,Case Closed,2026-01-24 11:45:00.671873,Customer Service,Completed,Medium
C0276,Claim Received,2026-05-28 09:00:00.000000,Customer Service,Completed,Medium
C0276,Initial Review,2026-05-28 10:33:45.537685,Customer Service,Completed,Medium
C0276,Request Additional Information,2026-05-29 11:42:44.224404,Customer Service,Completed,Medium
C0276,Initial Review,2026-05-29 14:26:05.672775,Customer Service,Completed,Medium
C0276,Technical Assessment,2026-05-30 05:12:37.609895,Technical,Completed,Medium
C0276,Quality Review,2026-05-31 01:36:13.106832,Quality,Completed,Medium
C0276,Decision,2026-05-31 08:25:13.500959,Quality,Completed,Medium
C0276,Customer Notification,2026-05-31 10:44:30.505939,Customer Service,Completed,Medium
C0276,Case Closed,2026-05-31 12:54:33.318682,Customer Service,Completed,Medium
C0277,Claim Received,2026-01-22 09:00:00.000000,Customer Service,Completed,High
C0277,Initial Review,2026-01-22 12:45:29.975473,Customer Service,Completed,High
C0277,Technical Assessment,2026-01-22 22:54:48.793958,Technical,Completed,High
C0277,Quality Review,2026-01-24 00:29:47.375485,Quality,Completed,High
C0277,Decision,2026-01-24 03:44:39.104800,Quality,Completed,High
C0277,Customer Notification,2026-01-24 05:16:35.324752,Customer Service,Completed,High
C0277,Case Closed,2026-01-24 07:24:14.349507,Customer Service,Completed,High
C0278,Claim Received,2026-03-08 16:00:00.000000,Customer Service,Completed,Medium
C0278,Initial Review,2026-03-08 19:24:54.473946,Customer Service,Completed,Medium
C0278,Technical Assessment,2026-03-09 01:23:38.383961,Technical,Completed,Medium
C0278,Quality Review,2026-03-09 13:50:07.151446,Quality,Completed,Medium
C0278,Decision,2026-03-10 07:46:43.788008,Quality,Completed,Medium
C0278,Customer Notification,2026-03-10 09:17:23.240196,Customer Service,Completed,Medium
C0278,Case Closed,2026-03-10 14:14:08.633097,Customer Service,Completed,Medium
C0279,Claim Received,2026-01-03 09:00:00.000000,Customer Service,Completed,High
C0279,Initial Review,2026-01-03 11:21:16.490120,Customer Service,Completed,High
C0279,Technical Assessment,2026-01-04 00:05:52.474453,Technical,Completed,High
C0279,Quality Review,2026-01-07 06:40:50.046698,Quality,Completed,High
C0279,Decision,2026-01-07 12:26:38.899151,Quality,Completed,High
C0279,Customer Notification,2026-01-07 13:47:56.196029,Customer Service,Completed,High
C0279,Case Closed,2026-01-07 18:30:19.407963,Customer Service,Completed,High
C0280,Claim Received,2026-05-17 09:00:00.000000,Customer Service,Completed,High
C0280,Initial Review,2026-05-17 10:32:44.410379,Customer Service,Completed,High
C0280,Technical Assessment,2026-05-17 18:52:30.416469,Technical,Completed,High
C0280,Quality Review,2026-05-18 04:53:15.698701,Quality,Completed,High
C0280,Decision,2026-05-18 09:01:43.996188,Quality,Completed,High
C0280,Customer Notification,2026-05-18 10:46:22.970614,Customer Service,Completed,High
C0280,Case Closed,2026-05-18 12:57:36.601216,Customer Service,Completed,High
C0281,Claim Received,2026-05-09 12:00:00.000000,Customer Service,Completed,Medium
C0281,Initial Review,2026-05-09 17:03:34.071482,Customer Service,Completed,Medium
C0281,Technical Assessment,2026-05-10 09:21:39.406101,Technical,Completed,Medium
C0281,Quality Review,2026-05-14 08:01:50.764987,Quality,Completed,Medium
C0281,Decision,2026-05-14 13:21:37.454981,Quality,Completed,Medium
C0281,Customer Notification,2026-05-14 14:48:55.903333,Customer Service,Completed,Medium
C0281,Case Closed,2026-05-14 19:06:00.674994,Customer Service,Completed,Medium
C0282,Claim Received,2026-06-06 18:00:00.000000,Customer Service,Completed,Critical
C0282,Initial Review,2026-06-06 20:12:58.709813,Customer Service,Completed,Critical
C0282,Technical Assessment,2026-06-07 02:13:35.753348,Technical,Completed,Critical
C0282,Quality Review,2026-06-07 11:58:30.688772,Quality,Completed,Critical
C0282,Decision,2026-06-07 14:19:21.715974,Quality,Completed,Critical
C0282,Customer Notification,2026-06-07 15:48:05.068263,Customer Service,Completed,Critical
C0282,Case Closed,2026-06-07 18:00:41.505989,Customer Service,Completed,Critical
C0283,Claim Received,2026-05-15 10:00:00.000000,Customer Service,Completed,High
C0283,Initial Review,2026-05-15 12:31:12.925894,Customer Service,Completed,High
C0283,Technical Assessment,2026-05-16 00:20:41.341804,Technical,Completed,High
C0283,Quality Review,2026-05-16 20:47:23.378943,Quality,Completed,High
C0283,Decision,2026-05-16 22:42:55.205578,Quality,Completed,High
C0283,Customer Notification,2026-05-17 01:14:31.171548,Customer Service,Completed,High
C0283,Case Closed,2026-05-17 05:24:00.295690,Customer Service,Completed,High
C0284,Claim Received,2026-04-16 14:00:00.000000,Customer Service,Completed,Medium
C0284,Initial Review,2026-04-16 16:31:00.265890,Customer Service,Completed,Medium
C0284,Technical Assessment,2026-04-17 08:01:13.871087,Technical,Completed,Medium
C0284,Quality Review,2026-04-18 13:44:26.413602,Quality,Completed,Medium
C0284,Decision,2026-04-18 16:52:05.779410,Quality,Completed,Medium
C0284,Customer Notification,2026-04-18 17:56:48.720202,Customer Service,Completed,Medium
C0284,Case Closed,2026-04-18 22:01:53.757301,Customer Service,Completed,Medium
C0285,Claim Received,2026-03-01 18:00:00.000000,Customer Service,Completed,Medium
C0285,Initial Review,2026-03-01 19:07:49.520870,Customer Service,Completed,Medium
C0285,Technical Assessment,2026-03-02 10:02:52.763858,Technical,Completed,Medium
C0285,Quality Review,2026-03-03 18:21:19.107445,Quality,Completed,Medium
C0285,Decision,2026-03-04 00:15:09.788191,Quality,Completed,Medium
C0285,Customer Notification,2026-03-04 02:24:54.359297,Customer Service,Completed,Medium
C0285,Case Closed,2026-03-04 04:14:02.514056,Customer Service,Completed,Medium
C0286,Claim Received,2026-03-11 14:00:00.000000,Customer Service,Completed,Critical
C0286,Initial Review,2026-03-11 15:03:22.987911,Customer Service,Completed,Critical
C0286,Technical Assessment,2026-03-11 18:28:34.394031,Technical,Completed,Critical
C0286,Quality Review,2026-03-12 02:36:04.172350,Quality,Completed,Critical
C0286,Decision,2026-03-12 04:55:08.452541,Quality,Completed,Critical
C0286,Customer Notification,2026-03-12 06:27:02.911143,Customer Service,Completed,Critical
C0286,Case Closed,2026-03-12 09:10:11.193386,Customer Service,Completed,Critical
C0287,Claim Received,2026-04-08 13:00:00.000000,Customer Service,Completed,Medium
C0287,Initial Review,2026-04-08 15:58:14.712757,Customer Service,Completed,Medium
C0287,Request Additional Information,2026-04-10 00:33:37.417622,Customer Service,Completed,Medium
C0287,Initial Review,2026-04-10 04:46:02.506463,Customer Service,Completed,Medium
C0287,Technical Assessment,2026-04-10 09:18:23.509904,Technical,Completed,Medium
C0287,Quality Review,2026-04-11 08:16:19.706535,Quality,Completed,Medium
C0287,Decision,2026-04-11 15:32:19.753201,Quality,Completed,Medium
C0287,Customer Notification,2026-04-11 18:09:08.739950,Customer Service,Completed,Medium
C0287,Case Closed,2026-04-11 19:20:55.269150,Customer Service,Completed,Medium
C0288,Claim Received,2026-02-18 12:00:00.000000,Customer Service,Completed,Critical
C0288,Initial Review,2026-02-18 13:35:55.984872,Customer Service,Completed,Critical
C0288,Request Additional Information,2026-02-19 09:31:30.255284,Customer Service,Completed,Critical
C0288,Initial Review,2026-02-19 10:26:28.634699,Customer Service,Completed,Critical
C0288,Technical Assessment,2026-02-19 18:52:28.261762,Technical,Completed,Critical
C0288,Quality Review,2026-02-20 11:43:07.049697,Quality,Completed,Critical
C0288,Decision,2026-02-20 14:39:24.945983,Quality,Completed,Critical
C0288,Customer Notification,2026-02-20 15:54:28.498050,Customer Service,Completed,Critical
C0288,Case Closed,2026-02-20 17:52:17.527536,Customer Service,Completed,Critical
C0289,Claim Received,2026-03-24 15:00:00.000000,Customer Service,Completed,Medium
C0289,Initial Review,2026-03-24 16:07:28.418030,Customer Service,Completed,Medium
C0289,Technical Assessment,2026-03-25 08:40:37.940397,Technical,Completed,Medium
C0289,Quality Review,2026-03-26 17:51:30.126249,Quality,Completed,Medium
C0289,Decision,2026-03-26 21:48:10.141500,Quality,Completed,Medium
C0289,Customer Notification,2026-03-27 00:56:14.014753,Customer Service,Completed,Medium
C0289,Case Closed,2026-03-27 05:36:12.736715,Customer Service,Completed,Medium
C0290,Claim Received,2026-01-22 16:00:00.000000,Customer Service,Completed,Medium
C0290,Initial Review,2026-01-22 20:32:11.024138,Customer Service,Completed,Medium
C0290,Request Additional Information,2026-01-24 19:38:35.832898,Customer Service,Completed,Medium
C0290,Initial Review,2026-01-24 21:26:34.026953,Customer Service,Completed,Medium
C0290,Technical Assessment,2026-01-25 02:03:26.893560,Technical,Completed,Medium
C0290,Quality Review,2026-01-25 22:06:07.580775,Quality,Completed,Medium
C0290,Decision,2026-01-26 05:16:41.306323,Quality,Completed,Medium
C0290,Customer Notification,2026-01-26 06:42:43.065961,Customer Service,Completed,Medium
C0290,Case Closed,2026-01-26 07:58:06.654785,Customer Service,Completed,Medium
C0291,Claim Received,2026-03-15 18:00:00.000000,Customer Service,Completed,Critical
C0291,Initial Review,2026-03-15 18:57:06.264237,Customer Service,Completed,Critical
C0291,Request Additional Information,2026-03-18 16:48:54.610415,Customer Service,Completed,Critical
C0291,Initial Review,2026-03-19 00:03:20.297207,Customer Service,Completed,Critical
C0291,Technical Assessment,2026-03-19 05:32:20.512914,Technical,Completed,Critical
C0291,Quality Review,2026-03-19 21:13:42.550067,Quality,Completed,Critical
C0291,Decision,2026-03-19 23:42:31.991467,Quality,Completed,Critical
C0291,Customer Notification,2026-03-20 01:11:53.132822,Customer Service,Completed,Critical
C0291,Case Closed,2026-03-20 02:48:10.011075,Customer Service,Completed,Critical
C0292,Claim Received,2026-03-13 17:00:00.000000,Customer Service,Completed,High
C0292,Initial Review,2026-03-13 20:18:52.350128,Customer Service,Completed,High
C0292,Technical Assessment,2026-03-14 01:50:24.298199,Technical,Completed,High
C0292,Quality Review,2026-03-14 12:29:50.317594,Quality,Completed,High
C0292,Decision,2026-03-14 19:23:26.527331,Quality,Completed,High
C0292,Customer Notification,2026-03-14 21:34:41.248392,Customer Service,Completed,High
C0292,Case Closed,2026-03-14 23:42:09.248056,Customer Service,Completed,High
C0293,Claim Received,2026-02-11 18:00:00.000000,Customer Service,Completed,Critical
C0293,Initial Review,2026-02-11 19:12:39.424903,Customer Service,Completed,Critical
C0293,Technical Assessment,2026-02-12 02:06:35.564667,Technical,Completed,Critical
C0293,Quality Review,2026-02-12 14:51:21.619598,Quality,Completed,Critical
C0293,Decision,2026-02-12 18:06:14.435535,Quality,Completed,Critical
C0293,Customer Notification,2026-02-12 18:39:27.971765,Customer Service,Completed,Critical
C0293,Case Closed,2026-02-12 19:57:53.368423,Customer Service,Completed,Critical
C0294,Claim Received,2026-05-21 09:00:00.000000,Customer Service,Completed,High
C0294,Initial Review,2026-05-21 10:58:16.791072,Customer Service,Completed,High
C0294,Request Additional Information,2026-05-22 16:34:34.934455,Customer Service,Completed,High
C0294,Initial Review,2026-05-22 19:29:04.493816,Customer Service,Completed,High
C0294,Technical Assessment,2026-05-23 06:28:40.339149,Technical,Completed,High
C0294,Quality Review,2026-05-23 18:10:35.309593,Quality,Completed,High
C0294,Decision,2026-05-23 22:47:44.059785,Quality,Completed,High
C0294,Customer Notification,2026-05-24 00:45:22.907960,Customer Service,Completed,High
C0294,Case Closed,2026-05-24 05:17:30.948077,Customer Service,Completed,High
C0295,Claim Received,2026-03-23 12:00:00.000000,Customer Service,Completed,Medium
C0295,Initial Review,2026-03-23 15:37:37.042056,Customer Service,Completed,Medium
C0295,Technical Assessment,2026-03-24 00:34:51.250612,Technical,Completed,Medium
C0295,Quality Review,2026-03-25 02:05:02.857386,Quality,Completed,Medium
C0295,Decision,2026-03-25 07:52:30.981708,Quality,Completed,Medium
C0295,Customer Notification,2026-03-25 09:24:53.979810,Customer Service,Completed,Medium
C0295,Case Closed,2026-03-25 13:57:28.547025,Customer Service,Completed,Medium
C0296,Claim Received,2026-06-10 09:00:00.000000,Customer Service,Completed,Low
C0296,Initial Review,2026-06-10 14:37:29.316913,Customer Service,Completed,Low
C0296,Technical Assessment,2026-06-11 05:45:43.144401,Technical,Completed,Low
C0296,Quality Review,2026-06-11 21:28:19.774622,Quality,Completed,Low
C0296,Decision,2026-06-12 05:40:32.422605,Quality,Completed,Low
C0296,Customer Notification,2026-06-12 09:10:54.835914,Customer Service,Completed,Low
C0296,Case Closed,2026-06-12 11:54:30.254393,Customer Service,Completed,Low
C0297,Claim Received,2026-01-02 09:00:00.000000,Customer Service,Completed,Medium
C0297,Initial Review,2026-01-02 13:25:45.044196,Customer Service,Completed,Medium
C0297,Technical Assessment,2026-01-03 03:34:14.634994,Technical,Completed,Medium
C0297,Quality Review,2026-01-03 16:16:10.376783,Quality,Completed,Medium
C0297,Decision,2026-01-03 20:15:09.497156,Quality,Completed,Medium
C0297,Customer Notification,2026-01-03 23:16:12.205096,Customer Service,Completed,Medium
C0297,Case Closed,2026-01-04 04:15:22.784005,Customer Service,Completed,Medium
C0298,Claim Received,2026-05-18 13:00:00.000000,Customer Service,Completed,Medium
C0298,Initial Review,2026-05-18 16:18:44.461357,Customer Service,Completed,Medium
C0298,Technical Assessment,2026-05-19 09:18:05.076186,Technical,Completed,Medium
C0298,Quality Review,2026-05-20 09:48:25.802773,Quality,Completed,Medium
C0298,Decision,2026-05-20 15:52:34.871465,Quality,Completed,Medium
C0298,Customer Notification,2026-05-20 16:55:57.030514,Customer Service,Completed,Medium
C0298,Case Closed,2026-05-20 19:35:27.977783,Customer Service,Completed,Medium
C0299,Claim Received,2026-02-08 12:00:00.000000,Customer Service,Completed,Low
C0299,Initial Review,2026-02-08 18:14:39.965717,Customer Service,Completed,Low
C0299,Request Additional Information,2026-02-10 00:51:17.411454,Customer Service,Completed,Low
C0299,Initial Review,2026-02-10 03:03:02.352391,Customer Service,Completed,Low
C0299,Technical Assessment,2026-02-10 10:59:55.028877,Technical,Completed,Low
C0299,Quality Review,2026-02-11 23:55:48.448275,Quality,Completed,Low
C0299,Decision,2026-02-12 08:30:23.129134,Quality,Completed,Low
C0299,Customer Notification,2026-02-12 10:41:01.735653,Customer Service,Completed,Low
C0299,Case Closed,2026-02-12 17:08:45.988278,Customer Service,Completed,Low
C0300,Claim Received,2026-05-15 12:00:00.000000,Customer Service,Completed,Medium
C0300,Initial Review,2026-05-15 13:52:30.229424,Customer Service,Completed,Medium
C0300,Request Additional Information,2026-05-16 03:13:16.626097,Customer Service,Completed,Medium
C0300,Initial Review,2026-05-16 04:41:03.500237,Customer Service,Completed,Medium
C0300,Technical Assessment,2026-05-16 19:52:14.374269,Technical,Completed,Medium
C0300,Quality Review,2026-05-17 11:34:06.694219,Quality,Completed,Medium
C0300,Decision,2026-05-17 16:28:09.688186,Quality,Completed,Medium
C0300,Customer Notification,2026-05-17 18:24:01.562242,Customer Service,Completed,Medium
C0300,Case Closed,2026-05-17 23:14:52.227392,Customer Service,Completed,Medium
C0301,Claim Received,2026-02-03 11:00:00.000000,Customer Service,Completed,Medium
C0301,Initial Review,2026-02-03 15:37:22.271381,Customer Service,Completed,Medium
C0301,Technical Assessment,2026-02-04 05:36:51.611857,Technical,Completed,Medium
C0301,Quality Review,2026-02-04 17:42:46.704559,Quality,Completed,Medium
C0301,Technical Assessment,2026-02-05 07:19:54.142028,Technical,Completed,Medium
C0301,Quality Review,2026-02-05 21:25:17.499062,Quality,Completed,Medium
C0301,Technical Assessment,2026-02-06 02:04:02.943471,Technical,Completed,Medium
C0301,Quality Review,2026-02-07 05:52:59.185840,Quality,Completed,Medium
C0301,Decision,2026-02-07 11:20:54.478263,Quality,Completed,Medium
C0301,Customer Notification,2026-02-07 15:01:29.542575,Customer Service,Completed,Medium
C0301,Case Closed,2026-02-07 16:59:15.364088,Customer Service,Completed,Medium
C0302,Claim Received,2026-01-31 12:00:00.000000,Customer Service,Completed,Medium
C0302,Initial Review,2026-01-31 13:44:47.773010,Customer Service,Completed,Medium
C0302,Technical Assessment,2026-01-31 17:57:36.711572,Technical,Completed,Medium
C0302,Quality Review,2026-02-01 18:17:51.552765,Quality,Completed,Medium
C0302,Decision,2026-02-01 22:23:58.424544,Quality,Completed,Medium
C0302,Customer Notification,2026-02-01 23:49:27.238295,Customer Service,Completed,Medium
C0302,Case Closed,2026-02-02 02:14:26.056823,Customer Service,Completed,Medium
C0303,Claim Received,2026-03-28 16:00:00.000000,Customer Service,Completed,Medium
C0303,Initial Review,2026-03-28 19:13:05.657490,Customer Service,Completed,Medium
C0303,Technical Assessment,2026-03-29 05:48:30.730672,Technical,Completed,Medium
C0303,Quality Review,2026-03-29 20:21:02.816462,Quality,Completed,Medium
C0303,Decision,2026-03-30 00:54:34.476559,Quality,Completed,Medium
C0303,Customer Notification,2026-03-30 03:41:52.587274,Customer Service,Completed,Medium
C0303,Case Closed,2026-03-30 08:52:43.726542,Customer Service,Completed,Medium
C0304,Claim Received,2026-02-20 18:00:00.000000,Customer Service,Completed,Medium
C0304,Initial Review,2026-02-20 23:02:47.396817,Customer Service,Completed,Medium
C0304,Technical Assessment,2026-02-21 15:57:55.709982,Technical,Completed,Medium
C0304,Quality Review,2026-02-22 17:35:32.705697,Quality,Completed,Medium
C0304,Decision,2026-02-23 00:24:23.476457,Quality,Completed,Medium
C0304,Customer Notification,2026-02-23 01:41:53.916823,Customer Service,Completed,Medium
C0304,Case Closed,2026-02-23 05:55:13.451802,Customer Service,Completed,Medium
C0305,Claim Received,2026-02-06 17:00:00.000000,Customer Service,Completed,Critical
C0305,Initial Review,2026-02-06 18:08:42.474891,Customer Service,Completed,Critical
C0305,Technical Assessment,2026-02-06 21:25:42.972297,Technical,Completed,Critical
C0305,Quality Review,2026-02-07 07:23:33.140009,Quality,Completed,Critical
C0305,Decision,2026-02-07 09:22:00.559766,Quality,Completed,Critical
C0305,Customer Notification,2026-02-07 09:57:53.531840,Customer Service,Completed,Critical
C0305,Case Closed,2026-02-07 11:39:41.400612,Customer Service,Completed,Critical
C0306,Claim Received,2026-05-28 10:00:00.000000,Customer Service,Completed,Medium
C0306,Initial Review,2026-05-28 13:32:23.093987,Customer Service,Completed,Medium
C0306,Technical Assessment,2026-05-29 03:32:22.457530,Technical,Completed,Medium
C0306,Quality Review,2026-05-30 04:53:13.805442,Quality,Completed,Medium
C0306,Decision,2026-05-30 08:41:59.556975,Quality,Completed,Medium
C0306,Customer Notification,2026-05-30 11:28:17.345308,Customer Service,Completed,Medium
C0306,Case Closed,2026-05-30 13:41:23.784407,Customer Service,Completed,Medium
C0307,Claim Received,2026-02-23 17:00:00.000000,Customer Service,Completed,Low
C0307,Initial Review,2026-02-23 20:47:12.807549,Customer Service,Completed,Low
C0307,Technical Assessment,2026-02-24 11:06:57.740577,Technical,Completed,Low
C0307,Quality Review,2026-02-25 21:30:25.466275,Quality,Completed,Low
C0307,Decision,2026-02-26 04:43:41.632958,Quality,Completed,Low
C0307,Customer Notification,2026-02-26 08:29:27.971286,Customer Service,Completed,Low
C0307,Case Closed,2026-02-26 10:22:37.345072,Customer Service,Completed,Low
C0308,Claim Received,2026-04-24 10:00:00.000000,Customer Service,Completed,Low
C0308,Initial Review,2026-04-24 13:02:53.571628,Customer Service,Completed,Low
C0308,Technical Assessment,2026-04-25 03:53:56.286931,Technical,Completed,Low
C0308,Quality Review,2026-04-26 11:28:31.600361,Quality,Completed,Low
C0308,Decision,2026-04-26 16:13:58.022018,Quality,Completed,Low
C0308,Customer Notification,2026-04-26 17:39:14.831609,Customer Service,Completed,Low
C0308,Case Closed,2026-04-26 19:41:15.433139,Customer Service,Completed,Low
C0309,Claim Received,2026-02-07 18:00:00.000000,Customer Service,Completed,High
C0309,Initial Review,2026-02-07 19:23:48.716618,Customer Service,Completed,High
C0309,Request Additional Information,2026-02-08 16:13:42.118831,Customer Service,Completed,High
C0309,Initial Review,2026-02-08 17:48:39.718162,Customer Service,Completed,High
C0309,Technical Assessment,2026-02-09 00:33:24.938122,Technical,Completed,High
C0309,Quality Review,2026-02-10 03:41:25.616935,Quality,Completed,High
C0309,Decision,2026-02-10 09:49:06.416316,Quality,Completed,High
C0309,Customer Notification,2026-02-10 12:58:35.910138,Customer Service,Completed,High
C0309,Case Closed,2026-02-10 16:26:53.126016,Customer Service,Completed,High
C0310,Claim Received,2026-02-02 12:00:00.000000,Customer Service,Completed,Medium
C0310,Initial Review,2026-02-02 13:18:43.390054,Customer Service,Completed,Medium
C0310,Technical Assessment,2026-02-04 17:57:49.796967,Technical,Completed,Medium
C0310,Quality Review,2026-02-05 19:24:16.411246,Quality,Completed,Medium
C0310,Technical Assessment,2026-02-06 00:56:25.206418,Technical,Completed,Medium
C0310,Quality Review,2026-02-06 13:41:19.568137,Quality,Completed,Medium
C0310,Technical Assessment,2026-02-07 01:57:03.827416,Technical,Completed,Medium
C0310,Quality Review,2026-02-08 07:02:01.070924,Quality,Completed,Medium
C0310,Decision,2026-02-08 11:38:41.175970,Quality,Completed,Medium
C0310,Customer Notification,2026-02-08 13:09:54.005118,Customer Service,Completed,Medium
C0310,Case Closed,2026-02-08 16:56:31.593536,Customer Service,Completed,Medium
C0311,Claim Received,2026-03-15 18:00:00.000000,Customer Service,Completed,Medium
C0311,Initial Review,2026-03-15 22:52:59.654289,Customer Service,Completed,Medium
C0311,Technical Assessment,2026-03-16 11:57:38.472121,Technical,Completed,Medium
C0311,Quality Review,2026-03-17 21:11:52.854282,Quality,Completed,Medium
C0311,Decision,2026-03-18 05:02:52.314867,Quality,Completed,Medium
C0311,Customer Notification,2026-03-18 06:27:34.293764,Customer Service,Completed,Medium
C0311,Case Closed,2026-03-18 11:45:37.043481,Customer Service,Completed,Medium
C0312,Claim Received,2026-06-09 10:00:00.000000,Customer Service,Completed,Critical
C0312,Initial Review,2026-06-09 11:38:09.549233,Customer Service,Completed,Critical
C0312,Request Additional Information,2026-06-10 08:23:50.177568,Customer Service,Completed,Critical
C0312,Initial Review,2026-06-10 09:27:41.845834,Customer Service,Completed,Critical
C0312,Technical Assessment,2026-06-10 11:30:49.081620,Technical,Completed,Critical
C0312,Quality Review,2026-06-11 02:17:04.539639,Quality,Completed,Critical
C0312,Decision,2026-06-11 04:05:32.444479,Quality,Completed,Critical
C0312,Customer Notification,2026-06-11 08:11:09.352600,Customer Service,Completed,Critical
C0312,Case Closed,2026-06-11 08:46:50.137888,Customer Service,Completed,Critical
C0313,Claim Received,2026-06-26 09:00:00.000000,Customer Service,Completed,Medium
C0313,Initial Review,2026-06-26 10:42:37.574638,Customer Service,Completed,Medium
C0313,Technical Assessment,2026-06-27 04:28:49.961184,Technical,Completed,Medium
C0313,Quality Review,2026-06-28 11:10:24.313395,Quality,Completed,Medium
C0313,Decision,2026-06-28 13:38:34.180797,Quality,Completed,Medium
C0313,Customer Notification,2026-06-28 14:54:29.401385,Customer Service,Completed,Medium
C0313,Case Closed,2026-06-28 19:36:59.751377,Customer Service,Completed,Medium
C0314,Claim Received,2026-05-29 12:00:00.000000,Customer Service,Completed,Medium
C0314,Initial Review,2026-05-29 16:03:54.704052,Customer Service,Completed,Medium
C0314,Technical Assessment,2026-05-31 02:32:11.733208,Technical,Completed,Medium
C0314,Quality Review,2026-06-01 01:26:00.337497,Quality,Completed,Medium
C0314,Decision,2026-06-01 06:52:37.988012,Quality,Completed,Medium
C0314,Customer Notification,2026-06-01 08:56:09.465062,Customer Service,Completed,Medium
C0314,Case Closed,2026-06-01 11:24:32.588083,Customer Service,Completed,Medium
C0315,Claim Received,2026-03-19 17:00:00.000000,Customer Service,Completed,Medium
C0315,Initial Review,2026-03-19 19:18:07.976458,Customer Service,Completed,Medium
C0315,Request Additional Information,2026-03-21 04:06:55.061341,Customer Service,Completed,Medium
C0315,Initial Review,2026-03-21 08:23:48.819296,Customer Service,Completed,Medium
C0315,Technical Assessment,2026-03-23 03:22:00.686957,Technical,Completed,Medium
C0315,Quality Review,2026-03-24 03:00:03.967216,Quality,Completed,Medium
C0315,Decision,2026-03-24 05:27:44.192023,Quality,Completed,Medium
C0315,Customer Notification,2026-03-24 07:13:06.342547,Customer Service,Completed,Medium
C0315,Case Closed,2026-03-24 09:35:40.250614,Customer Service,Completed,Medium
C0316,Claim Received,2026-06-01 10:00:00.000000,Customer Service,Completed,Medium
C0316,Initial Review,2026-06-01 14:17:44.801526,Customer Service,Completed,Medium
C0316,Request Additional Information,2026-06-02 08:36:36.559228,Customer Service,Completed,Medium
C0316,Initial Review,2026-06-02 10:47:28.085083,Customer Service,Completed,Medium
C0316,Technical Assessment,2026-06-03 20:56:29.279927,Technical,Completed,Medium
C0316,Quality Review,2026-06-05 08:33:33.071151,Quality,Completed,Medium
C0316,Decision,2026-06-05 14:07:56.823535,Quality,Completed,Medium
C0316,Customer Notification,2026-06-05 17:38:43.057107,Customer Service,Completed,Medium
C0316,Case Closed,2026-06-05 20:42:36.118885,Customer Service,Completed,Medium
C0317,Claim Received,2026-02-12 11:00:00.000000,Customer Service,Completed,High
C0317,Initial Review,2026-02-12 14:06:39.706471,Customer Service,Completed,High
C0317,Request Additional Information,2026-02-13 01:16:32.204020,Customer Service,Completed,High
C0317,Initial Review,2026-02-13 05:21:13.450556,Customer Service,Completed,High
C0317,Technical Assessment,2026-02-13 13:45:02.532454,Technical,Completed,High
C0317,Quality Review,2026-02-14 08:29:42.055009,Quality,Completed,High
C0317,Decision,2026-02-14 14:31:22.150826,Quality,Completed,High
C0317,Customer Notification,2026-02-14 16:57:47.676868,Customer Service,Completed,High
C0317,Case Closed,2026-02-14 18:48:49.479049,Customer Service,Completed,High
C0318,Claim Received,2026-04-25 14:00:00.000000,Customer Service,Completed,Medium
C0318,Initial Review,2026-04-25 18:23:32.881295,Customer Service,Completed,Medium
C0318,Technical Assessment,2026-04-27 11:04:23.779505,Technical,Completed,Medium
C0318,Quality Review,2026-04-28 21:05:54.108493,Quality,Completed,Medium
C0318,Decision,2026-04-29 04:50:07.675460,Quality,Completed,Medium
C0318,Customer Notification,2026-04-29 08:35:22.529237,Customer Service,Completed,Medium
C0318,Case Closed,2026-04-29 11:15:51.942556,Customer Service,Completed,Medium
C0319,Claim Received,2026-04-11 15:00:00.000000,Customer Service,Completed,High
C0319,Initial Review,2026-04-11 18:53:33.374620,Customer Service,Completed,High
C0319,Technical Assessment,2026-04-12 06:19:00.893156,Technical,Completed,High
C0319,Quality Review,2026-04-12 19:39:34.156478,Quality,Completed,High
C0319,Decision,2026-04-13 00:34:22.166001,Quality,Completed,High
C0319,Customer Notification,2026-04-13 02:41:13.538480,Customer Service,Completed,High
C0319,Case Closed,2026-04-13 15:04:02.524872,Customer Service,Completed,High
C0320,Claim Received,2026-04-25 13:00:00.000000,Customer Service,Completed,Low
C0320,Initial Review,2026-04-25 15:30:59.392636,Customer Service,Completed,Low
C0320,Technical Assessment,2026-04-26 15:38:51.742822,Technical,Completed,Low
C0320,Quality Review,2026-04-27 08:41:44.215000,Quality,Completed,Low
C0320,Decision,2026-04-27 15:49:23.430041,Quality,Completed,Low
C0320,Customer Notification,2026-04-27 20:26:41.766953,Customer Service,Completed,Low
C0320,Case Closed,2026-04-28 01:53:36.189239,Customer Service,Completed,Low
C0321,Claim Received,2026-06-18 18:00:00.000000,Customer Service,Completed,Low
C0321,Initial Review,2026-06-18 22:35:47.086173,Customer Service,Completed,Low
C0321,Technical Assessment,2026-06-19 18:26:57.264777,Technical,Completed,Low
C0321,Quality Review,2026-06-20 16:08:43.114185,Quality,Completed,Low
C0321,Technical Assessment,2026-06-21 12:40:23.405168,Technical,Completed,Low
C0321,Quality Review,2026-06-23 05:38:48.463291,Quality,Completed,Low
C0321,Decision,2026-06-23 11:07:15.872990,Quality,Completed,Low
C0321,Customer Notification,2026-06-23 15:05:33.524389,Customer Service,Completed,Low
C0321,Case Closed,2026-06-23 17:15:51.990673,Customer Service,Completed,Low
C0322,Claim Received,2026-03-27 08:00:00.000000,Customer Service,Completed,Medium
C0322,Initial Review,2026-03-27 10:17:28.294905,Customer Service,Completed,Medium
C0322,Request Additional Information,2026-03-28 04:41:47.956373,Customer Service,Completed,Medium
C0322,Initial Review,2026-03-28 10:35:37.552016,Customer Service,Completed,Medium
C0322,Technical Assessment,2026-03-28 20:05:26.328058,Technical,Completed,Medium
C0322,Quality Review,2026-03-29 10:41:34.720547,Quality,Completed,Medium
C0322,Decision,2026-03-29 15:16:49.797798,Quality,Completed,Medium
C0322,Customer Notification,2026-03-29 16:35:57.294685,Customer Service,Completed,Medium
C0322,Case Closed,2026-03-29 23:29:03.092534,Customer Service,Completed,Medium
C0323,Claim Received,2026-04-25 08:00:00.000000,Customer Service,Completed,High
C0323,Initial Review,2026-04-25 12:23:09.778458,Customer Service,Completed,High
C0323,Technical Assessment,2026-04-25 22:45:28.096515,Technical,Completed,High
C0323,Quality Review,2026-04-26 21:07:05.651934,Quality,Completed,High
C0323,Decision,2026-04-27 02:04:42.605779,Quality,Completed,High
C0323,Customer Notification,2026-04-27 04:15:27.497554,Customer Service,Completed,High
C0323,Case Closed,2026-04-27 08:49:02.217009,Customer Service,Completed,High
C0324,Claim Received,2026-01-18 16:00:00.000000,Customer Service,Completed,High
C0324,Initial Review,2026-01-18 17:42:12.194524,Customer Service,Completed,High
C0324,Technical Assessment,2026-01-19 04:37:23.210481,Technical,Completed,High
C0324,Quality Review,2026-01-19 16:33:00.806789,Quality,Completed,High
C0324,Decision,2026-01-19 22:54:35.678642,Quality,Completed,High
C0324,Customer Notification,2026-01-20 00:26:12.113223,Customer Service,Completed,High
C0324,Case Closed,2026-01-20 05:13:29.140690,Customer Service,Completed,High
C0325,Claim Received,2026-03-29 09:00:00.000000,Customer Service,Completed,High
C0325,Initial Review,2026-03-29 13:09:53.014855,Customer Service,Completed,High
C0325,Technical Assessment,2026-03-29 19:36:44.148353,Technical,Completed,High
C0325,Quality Review,2026-03-30 15:51:29.492955,Quality,Completed,High
C0325,Decision,2026-03-30 20:37:46.978007,Quality,Completed,High
C0325,Customer Notification,2026-03-30 22:21:57.482833,Customer Service,Completed,High
C0325,Case Closed,2026-03-31 01:55:16.816020,Customer Service,Completed,High
C0326,Claim Received,2026-02-18 10:00:00.000000,Customer Service,Completed,Medium
C0326,Initial Review,2026-02-18 13:32:07.707586,Customer Service,Completed,Medium
C0326,Technical Assessment,2026-02-19 07:29:05.438992,Technical,Completed,Medium
C0326,Quality Review,2026-02-20 04:48:54.953884,Quality,Completed,Medium
C0326,Technical Assessment,2026-02-20 17:49:22.698823,Technical,Completed,Medium
C0326,Quality Review,2026-02-22 04:58:54.711117,Quality,Completed,Medium
C0326,Decision,2026-02-23 04:22:48.715380,Quality,Completed,Medium
C0326,Customer Notification,2026-02-23 06:23:52.994524,Customer Service,Completed,Medium
C0326,Case Closed,2026-02-23 11:00:11.210328,Customer Service,Completed,Medium
C0327,Claim Received,2026-05-14 15:00:00.000000,Customer Service,Completed,High
C0327,Initial Review,2026-05-14 19:33:37.292970,Customer Service,Completed,High
C0327,Technical Assessment,2026-05-15 04:46:11.448350,Technical,Completed,High
C0327,Quality Review,2026-05-15 18:50:35.417160,Quality,Completed,High
C0327,Decision,2026-05-15 23:58:24.161184,Quality,Completed,High
C0327,Customer Notification,2026-05-16 00:49:08.865563,Customer Service,Completed,High
C0327,Case Closed,2026-05-16 04:05:33.423559,Customer Service,Completed,High
C0328,Claim Received,2026-06-11 08:00:00.000000,Customer Service,Completed,Low
C0328,Initial Review,2026-06-11 14:37:40.706773,Customer Service,Completed,Low
C0328,Technical Assessment,2026-06-11 21:03:44.941471,Technical,Completed,Low
C0328,Quality Review,2026-06-13 11:31:14.253108,Quality,Completed,Low
C0328,Decision,2026-06-13 19:48:23.085743,Quality,Completed,Low
C0328,Customer Notification,2026-06-13 23:08:53.992940,Customer Service,Completed,Low
C0328,Case Closed,2026-06-14 00:43:37.171352,Customer Service,Completed,Low
C0329,Claim Received,2026-06-23 14:00:00.000000,Customer Service,Completed,High
C0329,Initial Review,2026-06-23 16:05:48.983151,Customer Service,Completed,High
C0329,Technical Assessment,2026-06-24 01:44:51.973012,Technical,Completed,High
C0329,Quality Review,2026-06-25 03:24:25.813631,Quality,Completed,High
C0329,Decision,2026-06-25 08:40:31.671438,Quality,Completed,High
C0329,Customer Notification,2026-06-25 10:16:50.423645,Customer Service,Completed,High
C0329,Case Closed,2026-06-25 11:38:44.233603,Customer Service,Completed,High
C0330,Claim Received,2026-04-23 11:00:00.000000,Customer Service,Completed,Medium
C0330,Initial Review,2026-04-24 03:53:06.478652,Customer Service,Completed,Medium
C0330,Request Additional Information,2026-04-24 19:29:02.312100,Customer Service,Completed,Medium
C0330,Initial Review,2026-04-24 23:32:46.259196,Customer Service,Completed,Medium
C0330,Technical Assessment,2026-04-25 03:45:54.027640,Technical,Completed,Medium
C0330,Quality Review,2026-04-25 15:55:02.631227,Quality,Completed,Medium
C0330,Decision,2026-04-25 18:27:08.082011,Quality,Completed,Medium
C0330,Customer Notification,2026-04-25 22:06:46.765544,Customer Service,Completed,Medium
C0330,Case Closed,2026-04-26 03:09:00.178002,Customer Service,Completed,Medium
C0331,Claim Received,2026-06-13 12:00:00.000000,Customer Service,Completed,Medium
C0331,Initial Review,2026-06-13 15:36:55.563554,Customer Service,Completed,Medium
C0331,Request Additional Information,2026-06-15 13:23:11.977068,Customer Service,Completed,Medium
C0331,Initial Review,2026-06-15 14:34:29.158884,Customer Service,Completed,Medium
C0331,Technical Assessment,2026-06-16 01:34:23.495683,Technical,Completed,Medium
C0331,Quality Review,2026-06-17 04:37:32.854592,Quality,Completed,Medium
C0331,Decision,2026-06-17 16:53:13.765724,Quality,Completed,Medium
C0331,Customer Notification,2026-06-17 18:35:38.667003,Customer Service,Completed,Medium
C0331,Case Closed,2026-06-17 22:14:42.249380,Customer Service,Completed,Medium
C0332,Claim Received,2026-05-19 16:00:00.000000,Customer Service,Completed,High
C0332,Initial Review,2026-05-19 17:40:37.576325,Customer Service,Completed,High
C0332,Technical Assessment,2026-05-20 04:15:41.647351,Technical,Completed,High
C0332,Quality Review,2026-05-20 17:34:51.504148,Quality,Completed,High
C0332,Decision,2026-05-20 22:28:12.516224,Quality,Completed,High
C0332,Customer Notification,2026-05-21 00:24:31.443160,Customer Service,Completed,High
C0332,Case Closed,2026-05-21 10:51:01.604997,Customer Service,Completed,High
C0333,Claim Received,2026-04-22 12:00:00.000000,Customer Service,Completed,Medium
C0333,Initial Review,2026-04-22 14:40:17.303326,Customer Service,Completed,Medium
C0333,Technical Assessment,2026-04-24 10:31:28.596076,Technical,Completed,Medium
C0333,Quality Review,2026-04-25 16:17:40.614924,Quality,Completed,Medium
C0333,Decision,2026-04-25 19:20:59.787261,Quality,Completed,Medium
C0333,Customer Notification,2026-04-25 21:48:18.450338,Customer Service,Completed,Medium
C0333,Case Closed,2026-04-26 03:16:49.875486,Customer Service,Completed,Medium
C0334,Claim Received,2026-02-20 18:00:00.000000,Customer Service,Completed,Medium
C0334,Initial Review,2026-02-20 23:29:30.709624,Customer Service,Completed,Medium
C0334,Technical Assessment,2026-02-21 05:02:01.406173,Technical,Completed,Medium
C0334,Quality Review,2026-02-21 22:43:28.432600,Quality,Completed,Medium
C0334,Decision,2026-02-22 01:55:27.478556,Quality,Completed,Medium
C0334,Customer Notification,2026-02-22 03:08:41.599493,Customer Service,Completed,Medium
C0334,Case Closed,2026-02-22 04:24:59.707899,Customer Service,Completed,Medium
C0335,Claim Received,2026-02-15 14:00:00.000000,Customer Service,Completed,Medium
C0335,Initial Review,2026-02-15 16:52:02.731474,Customer Service,Completed,Medium
C0335,Technical Assessment,2026-02-15 23:35:08.139588,Technical,Completed,Medium
C0335,Quality Review,2026-02-16 18:03:29.747065,Quality,Completed,Medium
C0335,Decision,2026-02-16 20:15:02.990328,Quality,Completed,Medium
C0335,Customer Notification,2026-02-16 22:05:33.515201,Customer Service,Completed,Medium
C0335,Case Closed,2026-02-17 01:25:13.132521,Customer Service,Completed,Medium
C0336,Claim Received,2026-03-17 17:00:00.000000,Customer Service,Completed,Medium
C0336,Initial Review,2026-03-17 18:47:02.186233,Customer Service,Completed,Medium
C0336,Request Additional Information,2026-03-19 17:04:59.900659,Customer Service,Completed,Medium
C0336,Initial Review,2026-03-19 20:58:26.086684,Customer Service,Completed,Medium
C0336,Technical Assessment,2026-03-20 04:11:23.082328,Technical,Completed,Medium
C0336,Quality Review,2026-03-21 04:42:43.905111,Quality,Completed,Medium
C0336,Decision,2026-03-21 08:00:39.065364,Quality,Completed,Medium
C0336,Customer Notification,2026-03-21 15:10:32.583864,Customer Service,Completed,Medium
C0336,Case Closed,2026-03-21 18:18:58.570463,Customer Service,Completed,Medium
C0337,Claim Received,2026-02-26 17:00:00.000000,Customer Service,Completed,Medium
C0337,Initial Review,2026-02-26 22:43:52.542383,Customer Service,Completed,Medium
C0337,Technical Assessment,2026-02-27 15:18:24.432817,Technical,Completed,Medium
C0337,Quality Review,2026-02-28 04:22:05.403307,Quality,Completed,Medium
C0337,Decision,2026-02-28 10:46:08.491426,Quality,Completed,Medium
C0337,Customer Notification,2026-02-28 13:02:46.025976,Customer Service,Completed,Medium
C0337,Case Closed,2026-02-28 18:05:40.923357,Customer Service,Completed,Medium
C0338,Claim Received,2026-01-22 16:00:00.000000,Customer Service,Completed,Medium
C0338,Initial Review,2026-01-22 20:45:55.416452,Customer Service,Completed,Medium
C0338,Technical Assessment,2026-01-23 06:27:28.967717,Technical,Completed,Medium
C0338,Quality Review,2026-01-24 03:03:35.218613,Quality,Completed,Medium
C0338,Decision,2026-01-25 03:02:27.286135,Quality,Completed,Medium
C0338,Customer Notification,2026-01-25 06:02:52.870705,Customer Service,Completed,Medium
C0338,Case Closed,2026-01-25 09:20:39.961766,Customer Service,Completed,Medium
C0339,Claim Received,2026-04-29 10:00:00.000000,Customer Service,Completed,Critical
C0339,Initial Review,2026-04-29 12:41:07.791342,Customer Service,Completed,Critical
C0339,Technical Assessment,2026-04-29 20:12:52.230904,Technical,Completed,Critical
C0339,Quality Review,2026-04-30 07:47:09.808919,Quality,Completed,Critical
C0339,Decision,2026-04-30 11:22:01.941550,Quality,Completed,Critical
C0339,Customer Notification,2026-04-30 13:12:26.487527,Customer Service,Completed,Critical
C0339,Case Closed,2026-04-30 13:47:20.915106,Customer Service,Completed,Critical
C0340,Claim Received,2026-05-19 17:00:00.000000,Customer Service,Completed,Critical
C0340,Initial Review,2026-05-19 19:29:10.308779,Customer Service,Completed,Critical
C0340,Technical Assessment,2026-05-19 22:03:10.476627,Technical,Completed,Critical
C0340,Quality Review,2026-05-20 12:52:55.342545,Quality,Completed,Critical
C0340,Decision,2026-05-20 16:43:04.822627,Quality,Completed,Critical
C0340,Customer Notification,2026-05-20 18:32:59.903319,Customer Service,Completed,Critical
C0340,Case Closed,2026-05-20 19:57:50.221050,Customer Service,Completed,Critical
C0341,Claim Received,2026-05-24 09:00:00.000000,Customer Service,Completed,Medium
C0341,Initial Review,2026-05-24 12:48:13.647754,Customer Service,Completed,Medium
C0341,Technical Assessment,2026-05-24 18:44:29.300436,Technical,Completed,Medium
C0341,Quality Review,2026-05-25 19:41:33.663026,Quality,Completed,Medium
C0341,Decision,2026-05-26 02:07:01.072421,Quality,Completed,Medium
C0341,Customer Notification,2026-05-26 05:43:49.291353,Customer Service,Completed,Medium
C0341,Case Closed,2026-05-26 10:29:46.414324,Customer Service,Completed,Medium
C0342,Claim Received,2026-05-09 18:00:00.000000,Customer Service,Completed,High
C0342,Initial Review,2026-05-09 20:29:30.179402,Customer Service,Completed,High
C0342,Technical Assessment,2026-05-10 03:52:02.030959,Technical,Completed,High
C0342,Quality Review,2026-05-10 23:05:42.261562,Quality,Completed,High
C0342,Decision,2026-05-11 02:57:06.692887,Quality,Completed,High
C0342,Customer Notification,2026-05-11 05:43:57.967602,Customer Service,Completed,High
C0342,Case Closed,2026-05-11 08:20:26.456312,Customer Service,Completed,High
C0343,Claim Received,2026-01-17 11:00:00.000000,Customer Service,Completed,High
C0343,Initial Review,2026-01-17 15:22:03.406271,Customer Service,Completed,High
C0343,Request Additional Information,2026-01-18 03:16:35.473690,Customer Service,Completed,High
C0343,Initial Review,2026-01-18 05:13:48.040393,Customer Service,Completed,High
C0343,Technical Assessment,2026-01-18 09:39:17.633991,Technical,Completed,High
C0343,Quality Review,2026-01-19 08:38:19.949493,Quality,Completed,High
C0343,Decision,2026-01-19 14:26:19.830944,Quality,Completed,High
C0343,Customer Notification,2026-01-19 16:44:39.497288,Customer Service,Completed,High
C0343,Case Closed,2026-01-19 21:25:21.371608,Customer Service,Completed,High
C0344,Claim Received,2026-04-24 18:00:00.000000,Customer Service,Completed,Medium
C0344,Initial Review,2026-04-24 19:06:26.681372,Customer Service,Completed,Medium
C0344,Technical Assessment,2026-04-24 23:24:57.326946,Technical,Completed,Medium
C0344,Quality Review,2026-04-26 07:27:16.792554,Quality,Completed,Medium
C0344,Decision,2026-04-26 11:28:11.743734,Quality,Completed,Medium
C0344,Customer Notification,2026-04-26 14:26:13.957152,Customer Service,Completed,Medium
C0344,Case Closed,2026-04-26 17:52:04.628201,Customer Service,Completed,Medium
C0345,Claim Received,2026-04-28 12:00:00.000000,Customer Service,Completed,Medium
C0345,Initial Review,2026-04-28 15:50:10.529896,Customer Service,Completed,Medium
C0345,Technical Assessment,2026-04-29 00:07:37.878132,Technical,Completed,Medium
C0345,Quality Review,2026-04-29 17:34:11.837584,Quality,Completed,Medium
C0345,Decision,2026-04-29 21:17:55.797511,Quality,Completed,Medium
C0345,Customer Notification,2026-04-29 22:44:37.851533,Customer Service,Completed,Medium
C0345,Case Closed,2026-04-30 04:31:29.700932,Customer Service,Completed,Medium
C0346,Claim Received,2026-02-16 10:00:00.000000,Customer Service,Completed,Medium
C0346,Initial Review,2026-02-16 15:11:47.970184,Customer Service,Completed,Medium
C0346,Technical Assessment,2026-02-17 04:31:32.310870,Technical,Completed,Medium
C0346,Quality Review,2026-02-19 09:39:17.370948,Quality,Completed,Medium
C0346,Decision,2026-02-19 13:33:16.489044,Quality,Completed,Medium
C0346,Customer Notification,2026-02-19 15:20:08.886774,Customer Service,Completed,Medium
C0346,Case Closed,2026-02-20 02:46:23.197865,Customer Service,Completed,Medium
C0347,Claim Received,2026-04-06 15:00:00.000000,Customer Service,Completed,Medium
C0347,Initial Review,2026-04-06 18:41:57.598733,Customer Service,Completed,Medium
C0347,Technical Assessment,2026-04-07 02:55:16.211117,Technical,Completed,Medium
C0347,Quality Review,2026-04-08 00:37:50.396535,Quality,Completed,Medium
C0347,Decision,2026-04-08 03:30:10.688486,Quality,Completed,Medium
C0347,Customer Notification,2026-04-08 09:23:05.749449,Customer Service,Completed,Medium
C0347,Case Closed,2026-04-08 14:04:38.659115,Customer Service,Completed,Medium
C0348,Claim Received,2026-05-02 12:00:00.000000,Customer Service,Completed,High
C0348,Initial Review,2026-05-02 16:40:42.320024,Customer Service,Completed,High
C0348,Technical Assessment,2026-05-03 07:00:43.050501,Technical,Completed,High
C0348,Quality Review,2026-05-04 07:57:49.755714,Quality,Completed,High
C0348,Decision,2026-05-04 13:59:26.963231,Quality,Completed,High
C0348,Customer Notification,2026-05-04 15:03:37.370213,Customer Service,Completed,High
C0348,Case Closed,2026-05-04 16:01:14.535367,Customer Service,Completed,High
C0349,Claim Received,2026-06-08 11:00:00.000000,Customer Service,Completed,Low
C0349,Initial Review,2026-06-08 14:52:33.010129,Customer Service,Completed,Low
C0349,Technical Assessment,2026-06-08 20:36:01.444444,Technical,Completed,Low
C0349,Quality Review,2026-06-10 03:48:11.616302,Quality,Completed,Low
C0349,Decision,2026-06-10 12:56:24.055091,Quality,Completed,Low
C0349,Customer Notification,2026-06-10 14:13:16.285548,Customer Service,Completed,Low
C0349,Case Closed,2026-06-10 18:05:38.180118,Customer Service,Completed,Low
C0350,Claim Received,2026-02-19 15:00:00.000000,Customer Service,Completed,Medium
C0350,Initial Review,2026-02-19 17:35:19.640619,Customer Service,Completed,Medium
C0350,Technical Assessment,2026-02-20 10:47:47.109690,Technical,Completed,Medium
C0350,Quality Review,2026-02-21 07:27:43.114384,Quality,Completed,Medium
C0350,Decision,2026-02-21 14:35:05.282295,Quality,Completed,Medium
C0350,Customer Notification,2026-02-21 16:42:11.858726,Customer Service,Completed,Medium
C0350,Case Closed,2026-02-21 19:27:36.249328,Customer Service,Completed,Medium
C0351,Claim Received,2026-04-24 14:00:00.000000,Customer Service,Completed,Low
C0351,Initial Review,2026-04-24 20:01:19.606898,Customer Service,Completed,Low
C0351,Technical Assessment,2026-04-25 14:21:26.696941,Technical,Completed,Low
C0351,Quality Review,2026-04-26 16:57:49.619276,Quality,Completed,Low
C0351,Technical Assessment,2026-04-27 00:06:30.672979,Technical,Completed,Low
C0351,Quality Review,2026-04-27 16:59:15.237356,Quality,Completed,Low
C0351,Decision,2026-04-27 22:48:17.209686,Quality,Completed,Low
C0351,Customer Notification,2026-04-28 03:33:24.042667,Customer Service,Completed,Low
C0351,Case Closed,2026-04-28 10:31:02.101109,Customer Service,Completed,Low
C0352,Claim Received,2026-03-11 14:00:00.000000,Customer Service,Completed,Medium
C0352,Initial Review,2026-03-11 15:52:28.074195,Customer Service,Completed,Medium
C0352,Technical Assessment,2026-03-12 03:49:31.056945,Technical,Completed,Medium
C0352,Quality Review,2026-03-12 20:36:26.910255,Quality,Completed,Medium
C0352,Decision,2026-03-13 00:20:39.314652,Quality,Completed,Medium
C0352,Customer Notification,2026-03-13 03:48:45.546221,Customer Service,Completed,Medium
C0352,Case Closed,2026-03-13 07:44:19.294799,Customer Service,Completed,Medium
C0353,Claim Received,2026-01-01 10:00:00.000000,Customer Service,Completed,Medium
C0353,Initial Review,2026-01-01 12:18:48.186424,Customer Service,Completed,Medium
C0353,Request Additional Information,2026-01-03 06:20:46.088471,Customer Service,Completed,Medium
C0353,Initial Review,2026-01-03 10:36:54.721971,Customer Service,Completed,Medium
C0353,Technical Assessment,2026-01-03 20:27:19.423288,Technical,Completed,Medium
C0353,Quality Review,2026-01-05 00:57:49.074558,Quality,Completed,Medium
C0353,Decision,2026-01-05 03:40:47.135290,Quality,Completed,Medium
C0353,Customer Notification,2026-01-05 07:39:45.931194,Customer Service,Completed,Medium
C0353,Case Closed,2026-01-05 12:23:26.111519,Customer Service,Completed,Medium
C0354,Claim Received,2026-06-10 18:00:00.000000,Customer Service,Completed,High
C0354,Initial Review,2026-06-10 20:42:14.986271,Customer Service,Completed,High
C0354,Technical Assessment,2026-06-11 01:14:36.600410,Technical,Completed,High
C0354,Quality Review,2026-06-11 21:53:18.826428,Quality,Completed,High
C0354,Decision,2026-06-12 00:16:12.826609,Quality,Completed,High
C0354,Customer Notification,2026-06-12 01:50:14.871412,Customer Service,Completed,High
C0354,Case Closed,2026-06-12 03:10:46.033884,Customer Service,Completed,High
C0355,Claim Received,2026-04-02 08:00:00.000000,Customer Service,Completed,Medium
C0355,Initial Review,2026-04-02 10:26:57.411557,Customer Service,Completed,Medium
C0355,Technical Assessment,2026-04-03 03:33:27.789352,Technical,Completed,Medium
C0355,Quality Review,2026-04-04 09:57:08.415967,Quality,Completed,Medium
C0355,Decision,2026-04-04 12:31:09.802858,Quality,Completed,Medium
C0355,Customer Notification,2026-04-04 15:09:01.896079,Customer Service,Completed,Medium
C0355,Case Closed,2026-04-04 20:17:04.692018,Customer Service,Completed,Medium
C0356,Claim Received,2026-06-26 13:00:00.000000,Customer Service,Completed,High
C0356,Initial Review,2026-06-26 14:11:00.001102,Customer Service,Completed,High
C0356,Technical Assessment,2026-06-28 03:26:48.161346,Technical,Completed,High
C0356,Quality Review,2026-06-28 22:59:44.123329,Quality,Completed,High
C0356,Decision,2026-06-29 02:55:23.178477,Quality,Completed,High
C0356,Customer Notification,2026-06-29 05:54:32.386611,Customer Service,Completed,High
C0356,Case Closed,2026-06-29 07:19:37.977383,Customer Service,Completed,High
C0357,Claim Received,2026-06-07 16:00:00.000000,Customer Service,Completed,High
C0357,Initial Review,2026-06-07 20:11:03.404395,Customer Service,Completed,High
C0357,Technical Assessment,2026-06-08 07:14:58.724690,Technical,Completed,High
C0357,Quality Review,2026-06-09 00:51:45.698003,Quality,Completed,High
C0357,Decision,2026-06-09 03:01:19.952450,Quality,Completed,High
C0357,Customer Notification,2026-06-09 03:51:50.110459,Customer Service,Completed,High
C0357,Case Closed,2026-06-09 07:25:41.240590,Customer Service,Completed,High
C0358,Claim Received,2026-05-14 13:00:00.000000,Customer Service,Completed,Critical
C0358,Initial Review,2026-05-14 13:55:49.864437,Customer Service,Completed,Critical
C0358,Technical Assessment,2026-05-14 21:08:30.261887,Technical,Completed,Critical
C0358,Quality Review,2026-05-15 04:41:10.727356,Quality,Completed,Critical
C0358,Decision,2026-05-15 07:45:01.636656,Quality,Completed,Critical
C0358,Customer Notification,2026-05-15 08:33:54.778091,Customer Service,Completed,Critical
C0358,Case Closed,2026-05-15 10:07:38.023745,Customer Service,Completed,Critical
C0359,Claim Received,2026-05-04 14:00:00.000000,Customer Service,Completed,Low
C0359,Initial Review,2026-05-04 15:27:18.365921,Customer Service,Completed,Low
C0359,Technical Assessment,2026-05-05 09:34:42.343307,Technical,Completed,Low
C0359,Quality Review,2026-05-06 01:41:06.963087,Quality,Completed,Low
C0359,Decision,2026-05-06 05:54:25.046341,Quality,Completed,Low
C0359,Customer Notification,2026-05-06 09:30:36.966390,Customer Service,Completed,Low
C0359,Case Closed,2026-05-06 15:24:16.175975,Customer Service,Completed,Low
C0360,Claim Received,2026-02-17 18:00:00.000000,Customer Service,Completed,Critical
C0360,Initial Review,2026-02-17 19:22:43.802998,Customer Service,Completed,Critical
C0360,Technical Assessment,2026-02-18 03:17:59.513364,Technical,Completed,Critical
C0360,Quality Review,2026-02-18 20:41:07.310704,Quality,Completed,Critical
C0360,Decision,2026-02-18 22:10:01.329933,Quality,Completed,Critical
C0360,Customer Notification,2026-02-18 23:45:35.522016,Customer Service,Completed,Critical
C0360,Case Closed,2026-02-19 01:41:07.640231,Customer Service,Completed,Critical
C0361,Claim Received,2026-02-25 11:00:00.000000,Customer Service,Completed,Low
C0361,Initial Review,2026-02-25 17:59:08.098056,Customer Service,Completed,Low
C0361,Technical Assessment,2026-02-27 22:23:17.100597,Technical,Completed,Low
C0361,Quality Review,2026-03-01 09:40:41.321464,Quality,Completed,Low
C0361,Decision,2026-03-01 18:42:20.089917,Quality,Completed,Low
C0361,Customer Notification,2026-03-01 21:36:52.402846,Customer Service,Completed,Low
C0361,Case Closed,2026-03-01 23:55:31.119670,Customer Service,Completed,Low
C0362,Claim Received,2026-04-08 14:00:00.000000,Customer Service,Completed,High
C0362,Initial Review,2026-04-08 15:39:25.545607,Customer Service,Completed,High
C0362,Technical Assessment,2026-04-08 20:07:15.475307,Technical,Completed,High
C0362,Quality Review,2026-04-09 08:05:39.771926,Quality,Completed,High
C0362,Decision,2026-04-09 10:20:48.337678,Quality,Completed,High
C0362,Customer Notification,2026-04-09 12:50:17.212785,Customer Service,Completed,High
C0362,Case Closed,2026-04-09 13:48:01.976094,Customer Service,Completed,High
C0363,Claim Received,2026-06-03 12:00:00.000000,Customer Service,Completed,Medium
C0363,Initial Review,2026-06-03 16:26:06.838035,Customer Service,Completed,Medium
C0363,Technical Assessment,2026-06-03 23:35:50.858893,Technical,Completed,Medium
C0363,Quality Review,2026-06-05 11:14:11.604049,Quality,Completed,Medium
C0363,Decision,2026-06-05 18:22:37.917038,Quality,Completed,Medium
C0363,Customer Notification,2026-06-05 21:47:04.230158,Customer Service,Completed,Medium
C0363,Case Closed,2026-06-06 06:17:46.065476,Customer Service,Completed,Medium
C0364,Claim Received,2026-04-12 15:00:00.000000,Customer Service,Completed,High
C0364,Initial Review,2026-04-12 17:53:26.338219,Customer Service,Completed,High
C0364,Request Additional Information,2026-04-13 06:55:26.844273,Customer Service,Completed,High
C0364,Initial Review,2026-04-13 10:30:15.378744,Customer Service,Completed,High
C0364,Technical Assessment,2026-04-13 22:00:29.923418,Technical,Completed,High
C0364,Quality Review,2026-04-14 10:50:52.071774,Quality,Completed,High
C0364,Decision,2026-04-14 13:24:12.284516,Quality,Completed,High
C0364,Customer Notification,2026-04-14 16:13:44.699405,Customer Service,Completed,High
C0364,Case Closed,2026-04-14 17:57:38.022204,Customer Service,Completed,High
C0365,Claim Received,2026-05-29 17:00:00.000000,Customer Service,Completed,High
C0365,Initial Review,2026-05-29 18:53:30.808184,Customer Service,Completed,High
C0365,Technical Assessment,2026-05-30 05:18:10.081286,Technical,Completed,High
C0365,Quality Review,2026-05-31 00:02:19.193987,Quality,Completed,High
C0365,Decision,2026-05-31 03:34:47.979381,Quality,Completed,High
C0365,Customer Notification,2026-05-31 05:02:57.594452,Customer Service,Completed,High
C0365,Case Closed,2026-05-31 06:16:53.322471,Customer Service,Completed,High
C0366,Claim Received,2026-02-04 08:00:00.000000,Customer Service,Completed,Medium
C0366,Initial Review,2026-02-04 09:29:52.861024,Customer Service,Completed,Medium
C0366,Technical Assessment,2026-02-04 14:27:11.586152,Technical,Completed,Medium
C0366,Quality Review,2026-02-06 01:46:58.654515,Quality,Completed,Medium
C0366,Decision,2026-02-06 07:51:29.468736,Quality,Completed,Medium
C0366,Customer Notification,2026-02-06 10:43:26.709760,Customer Service,Completed,Medium
C0366,Case Closed,2026-02-06 12:06:24.020423,Customer Service,Completed,Medium
C0367,Claim Received,2026-02-21 12:00:00.000000,Customer Service,Completed,High
C0367,Initial Review,2026-02-21 15:26:54.142560,Customer Service,Completed,High
C0367,Request Additional Information,2026-02-22 08:35:03.598145,Customer Service,Completed,High
C0367,Initial Review,2026-02-22 12:49:22.879438,Customer Service,Completed,High
C0367,Technical Assessment,2026-02-24 06:25:47.016102,Technical,Completed,High
C0367,Quality Review,2026-02-25 00:17:36.706859,Quality,Completed,High
C0367,Decision,2026-02-25 03:44:05.831129,Quality,Completed,High
C0367,Customer Notification,2026-02-25 05:26:17.379033,Customer Service,Completed,High
C0367,Case Closed,2026-02-25 06:22:10.560097,Customer Service,Completed,High
C0368,Claim Received,2026-06-30 10:00:00.000000,Customer Service,Completed,Medium
C0368,Initial Review,2026-06-30 13:27:26.632956,Customer Service,Completed,Medium
C0368,Technical Assessment,2026-07-01 03:28:39.081713,Technical,Completed,Medium
C0368,Quality Review,2026-07-01 18:06:09.685898,Quality,Completed,Medium
C0368,Technical Assessment,2026-07-02 07:20:37.646797,Technical,Completed,Medium
C0368,Quality Review,2026-07-03 09:04:36.610966,Quality,Completed,Medium
C0368,Decision,2026-07-03 16:12:10.602708,Quality,Completed,Medium
C0368,Customer Notification,2026-07-03 18:22:37.558760,Customer Service,Completed,Medium
C0368,Case Closed,2026-07-04 00:13:53.232412,Customer Service,Completed,Medium
C0369,Claim Received,2026-03-24 08:00:00.000000,Customer Service,Completed,Critical
C0369,Initial Review,2026-03-24 09:42:39.968638,Customer Service,Completed,Critical
C0369,Technical Assessment,2026-03-24 17:34:10.709268,Technical,Completed,Critical
C0369,Quality Review,2026-03-26 14:17:01.313846,Quality,Completed,Critical
C0369,Decision,2026-03-26 17:57:27.817063,Quality,Completed,Critical
C0369,Customer Notification,2026-03-26 18:36:13.507329,Customer Service,Completed,Critical
C0369,Case Closed,2026-03-26 19:59:49.802055,Customer Service,Completed,Critical
C0370,Claim Received,2026-06-15 12:00:00.000000,Customer Service,Completed,Medium
C0370,Initial Review,2026-06-15 15:57:45.570002,Customer Service,Completed,Medium
C0370,Request Additional Information,2026-06-16 06:19:14.400597,Customer Service,Completed,Medium
C0370,Initial Review,2026-06-16 14:23:04.490479,Customer Service,Completed,Medium
C0370,Technical Assessment,2026-06-16 22:57:00.779106,Technical,Completed,Medium
C0370,Quality Review,2026-06-18 07:40:15.819389,Quality,Completed,Medium
C0370,Decision,2026-06-18 15:04:46.272046,Quality,Completed,Medium
C0370,Customer Notification,2026-06-18 18:10:02.623590,Customer Service,Completed,Medium
C0370,Case Closed,2026-06-19 00:05:46.389657,Customer Service,Completed,Medium
C0371,Claim Received,2026-05-06 09:00:00.000000,Customer Service,Completed,Medium
C0371,Initial Review,2026-05-06 13:27:15.551361,Customer Service,Completed,Medium
C0371,Technical Assessment,2026-05-07 00:24:30.813759,Technical,Completed,Medium
C0371,Quality Review,2026-05-08 04:25:33.098519,Quality,Completed,Medium
C0371,Decision,2026-05-08 08:13:22.749907,Quality,Completed,Medium
C0371,Customer Notification,2026-05-08 09:49:41.743077,Customer Service,Completed,Medium
C0371,Case Closed,2026-05-08 15:41:55.673827,Customer Service,Completed,Medium
C0372,Claim Received,2026-03-09 08:00:00.000000,Customer Service,Completed,Medium
C0372,Initial Review,2026-03-09 10:29:11.764842,Customer Service,Completed,Medium
C0372,Technical Assessment,2026-03-10 01:45:03.757027,Technical,Completed,Medium
C0372,Quality Review,2026-03-11 12:44:29.864908,Quality,Completed,Medium
C0372,Technical Assessment,2026-03-12 00:50:10.804608,Technical,Completed,Medium
C0372,Quality Review,2026-03-12 19:23:49.534720,Quality,Completed,Medium
C0372,Decision,2026-03-13 00:35:00.509713,Quality,Completed,Medium
C0372,Customer Notification,2026-03-13 02:37:31.527774,Customer Service,Completed,Medium
C0372,Case Closed,2026-03-13 07:44:38.828870,Customer Service,Completed,Medium
C0373,Claim Received,2026-03-22 11:00:00.000000,Customer Service,Completed,High
C0373,Initial Review,2026-03-22 13:27:26.125210,Customer Service,Completed,High
C0373,Technical Assessment,2026-03-22 22:25:45.812660,Technical,Completed,High
C0373,Quality Review,2026-03-23 18:32:33.331884,Quality,Completed,High
C0373,Decision,2026-03-23 23:09:22.475108,Quality,Completed,High
C0373,Customer Notification,2026-03-24 00:24:14.171541,Customer Service,Completed,High
C0373,Case Closed,2026-03-24 03:50:49.781052,Customer Service,Completed,High
C0374,Claim Received,2026-06-13 16:00:00.000000,Customer Service,Completed,Medium
C0374,Initial Review,2026-06-13 21:02:40.802617,Customer Service,Completed,Medium
C0374,Technical Assessment,2026-06-14 13:44:25.328322,Technical,Completed,Medium
C0374,Quality Review,2026-06-15 19:10:44.870242,Quality,Completed,Medium
C0374,Technical Assessment,2026-06-16 01:59:17.530823,Technical,Completed,Medium
C0374,Quality Review,2026-06-16 19:45:25.839917,Quality,Completed,Medium
C0374,Decision,2026-06-17 02:21:01.289685,Quality,Completed,Medium
C0374,Customer Notification,2026-06-17 04:34:52.100520,Customer Service,Completed,Medium
C0374,Case Closed,2026-06-17 10:08:12.580874,Customer Service,Completed,Medium
C0375,Claim Received,2026-03-15 18:00:00.000000,Customer Service,Completed,Medium
C0375,Initial Review,2026-03-15 19:48:10.517582,Customer Service,Completed,Medium
C0375,Technical Assessment,2026-03-16 03:06:31.461055,Technical,Completed,Medium
C0375,Quality Review,2026-03-18 01:54:21.675697,Quality,Completed,Medium
C0375,Technical Assessment,2026-03-18 17:03:52.731611,Technical,Completed,Medium
C0375,Quality Review,2026-03-19 16:42:49.766864,Quality,Completed,Medium
C0375,Decision,2026-03-19 21:14:45.380047,Quality,Completed,Medium
C0375,Customer Notification,2026-03-19 22:51:06.877541,Customer Service,Completed,Medium
C0375,Case Closed,2026-03-19 23:59:51.431158,Customer Service,Completed,Medium
C0376,Claim Received,2026-06-14 08:00:00.000000,Customer Service,Completed,Medium
C0376,Initial Review,2026-06-14 13:49:08.164029,Customer Service,Completed,Medium
C0376,Technical Assessment,2026-06-14 18:05:51.564602,Technical,Completed,Medium
C0376,Quality Review,2026-06-15 08:06:43.076950,Quality,Completed,Medium
C0376,Decision,2026-06-15 15:18:53.987393,Quality,Completed,Medium
C0376,Customer Notification,2026-06-15 17:32:09.661390,Customer Service,Completed,Medium
C0376,Case Closed,2026-06-15 21:49:23.412248,Customer Service,Completed,Medium
C0377,Claim Received,2026-02-05 11:00:00.000000,Customer Service,Completed,High
C0377,Initial Review,2026-02-05 12:14:51.826040,Customer Service,Completed,High
C0377,Technical Assessment,2026-02-06 01:53:47.783279,Technical,Completed,High
C0377,Quality Review,2026-02-07 03:24:46.990273,Quality,Completed,High
C0377,Technical Assessment,2026-02-07 17:02:47.313083,Technical,Completed,High
C0377,Quality Review,2026-02-08 19:37:48.436367,Quality,Completed,High
C0377,Decision,2026-02-08 21:49:01.380049,Quality,Completed,High
C0377,Customer Notification,2026-02-08 23:24:26.410320,Customer Service,Completed,High
C0377,Case Closed,2026-02-09 01:46:01.699952,Customer Service,Completed,High
C0378,Claim Received,2026-02-06 09:00:00.000000,Customer Service,Completed,Medium
C0378,Initial Review,2026-02-06 10:52:32.776598,Customer Service,Completed,Medium
C0378,Technical Assessment,2026-02-06 21:01:42.337400,Technical,Completed,Medium
C0378,Quality Review,2026-02-07 23:10:33.490996,Quality,Completed,Medium
C0378,Decision,2026-02-08 03:25:27.118663,Quality,Completed,Medium
C0378,Customer Notification,2026-02-08 05:22:25.210085,Customer Service,Completed,Medium
C0378,Case Closed,2026-02-08 09:47:14.502141,Customer Service,Completed,Medium
C0379,Claim Received,2026-04-03 15:00:00.000000,Customer Service,Completed,Critical
C0379,Initial Review,2026-04-03 17:17:21.041062,Customer Service,Completed,Critical
C0379,Technical Assessment,2026-04-03 19:26:12.111165,Technical,Completed,Critical
C0379,Quality Review,2026-04-04 08:42:23.307625,Quality,Completed,Critical
C0379,Technical Assessment,2026-04-04 15:20:31.338173,Technical,Completed,Critical
C0379,Quality Review,2026-04-05 05:37:48.820241,Quality,Completed,Critical
C0379,Decision,2026-04-05 07:20:57.319196,Quality,Completed,Critical
C0379,Customer Notification,2026-04-05 08:18:47.369105,Customer Service,Completed,Critical
C0379,Case Closed,2026-04-05 09:43:13.064991,Customer Service,Completed,Critical
C0380,Claim Received,2026-04-24 14:00:00.000000,Customer Service,Completed,High
C0380,Initial Review,2026-04-24 14:49:53.271930,Customer Service,Completed,High
C0380,Technical Assessment,2026-04-25 04:25:10.370312,Technical,Completed,High
C0380,Quality Review,2026-04-25 19:47:47.759351,Quality,Completed,High
C0380,Decision,2026-04-26 01:01:42.981158,Quality,Completed,High
C0380,Customer Notification,2026-04-26 03:53:28.341769,Customer Service,Completed,High
C0380,Case Closed,2026-04-26 06:26:47.721977,Customer Service,Completed,High
C0381,Claim Received,2026-01-09 12:00:00.000000,Customer Service,Completed,Medium
C0381,Initial Review,2026-01-09 17:19:56.002589,Customer Service,Completed,Medium
C0381,Request Additional Information,2026-01-11 15:11:24.209045,Customer Service,Completed,Medium
C0381,Initial Review,2026-01-11 18:15:17.512779,Customer Service,Completed,Medium
C0381,Technical Assessment,2026-01-12 08:17:53.768081,Technical,Completed,Medium
C0381,Quality Review,2026-01-13 15:59:02.617304,Quality,Completed,Medium
C0381,Decision,2026-01-13 22:10:29.832555,Quality,Completed,Medium
C0381,Customer Notification,2026-01-14 00:13:49.881098,Customer Service,Completed,Medium
C0381,Case Closed,2026-01-14 05:17:51.585969,Customer Service,Completed,Medium
C0382,Claim Received,2026-01-14 18:00:00.000000,Customer Service,Completed,Low
C0382,Initial Review,2026-01-14 23:02:58.398247,Customer Service,Completed,Low
C0382,Technical Assessment,2026-01-15 17:08:19.246588,Technical,Completed,Low
C0382,Quality Review,2026-01-16 19:04:39.867194,Quality,Completed,Low
C0382,Decision,2026-01-16 23:44:11.536319,Quality,Completed,Low
C0382,Customer Notification,2026-01-17 01:30:16.915134,Customer Service,Completed,Low
C0382,Case Closed,2026-01-17 08:31:21.670210,Customer Service,Completed,Low
C0383,Claim Received,2026-06-25 14:00:00.000000,Customer Service,Completed,High
C0383,Initial Review,2026-06-25 17:58:14.049047,Customer Service,Completed,High
C0383,Request Additional Information,2026-06-26 17:20:50.982009,Customer Service,Completed,High
C0383,Initial Review,2026-06-26 19:11:24.772275,Customer Service,Completed,High
C0383,Technical Assessment,2026-06-27 07:39:00.082604,Technical,Completed,High
C0383,Quality Review,2026-06-27 21:03:51.718905,Quality,Completed,High
C0383,Decision,2026-06-27 23:32:14.765211,Quality,Completed,High
C0383,Customer Notification,2026-06-28 02:36:17.467029,Customer Service,Completed,High
C0383,Case Closed,2026-06-28 04:18:10.081751,Customer Service,Completed,High
C0384,Claim Received,2026-06-10 11:00:00.000000,Customer Service,Completed,Medium
C0384,Initial Review,2026-06-10 16:32:03.206049,Customer Service,Completed,Medium
C0384,Technical Assessment,2026-06-10 23:18:35.822664,Technical,Completed,Medium
C0384,Quality Review,2026-06-11 15:21:36.337294,Quality,Completed,Medium
C0384,Technical Assessment,2026-06-12 01:21:53.067047,Technical,Completed,Medium
C0384,Quality Review,2026-06-12 15:30:07.960547,Quality,Completed,Medium
C0384,Decision,2026-06-12 23:11:08.420330,Quality,Completed,Medium
C0384,Customer Notification,2026-06-13 02:20:29.121307,Customer Service,Completed,Medium
C0384,Case Closed,2026-06-13 07:56:28.924187,Customer Service,Completed,Medium
C0385,Claim Received,2026-02-22 11:00:00.000000,Customer Service,Completed,Low
C0385,Initial Review,2026-02-22 17:52:34.730257,Customer Service,Completed,Low
C0385,Request Additional Information,2026-02-23 19:46:34.596995,Customer Service,Completed,Low
C0385,Initial Review,2026-02-23 23:16:07.384922,Customer Service,Completed,Low
C0385,Technical Assessment,2026-02-24 07:32:22.912958,Technical,Completed,Low
C0385,Quality Review,2026-02-25 21:40:24.448916,Quality,Completed,Low
C0385,Decision,2026-02-26 01:26:12.742277,Quality,Completed,Low
C0385,Customer Notification,2026-02-26 13:35:43.724505,Customer Service,Completed,Low
C0385,Case Closed,2026-02-26 20:39:08.092824,Customer Service,Completed,Low
C0386,Claim Received,2026-05-30 18:00:00.000000,Customer Service,Completed,Medium
C0386,Initial Review,2026-05-30 22:14:10.240229,Customer Service,Completed,Medium
C0386,Technical Assessment,2026-05-31 08:48:01.873275,Technical,Completed,Medium
C0386,Quality Review,2026-06-01 20:11:09.962162,Quality,Completed,Medium
C0386,Decision,2026-06-01 23:27:33.863706,Quality,Completed,Medium
C0386,Customer Notification,2026-06-02 01:43:45.405978,Customer Service,Completed,Medium
C0386,Case Closed,2026-06-02 03:05:40.407106,Customer Service,Completed,Medium
C0387,Claim Received,2026-05-01 13:00:00.000000,Customer Service,Completed,Critical
C0387,Initial Review,2026-05-01 15:59:30.654931,Customer Service,Completed,Critical
C0387,Technical Assessment,2026-05-02 00:45:44.343008,Technical,Completed,Critical
C0387,Quality Review,2026-05-03 21:41:56.485521,Quality,Completed,Critical
C0387,Decision,2026-05-03 23:27:35.979856,Quality,Completed,Critical
C0387,Customer Notification,2026-05-04 00:24:49.519576,Customer Service,Completed,Critical
C0387,Case Closed,2026-05-04 01:50:27.630494,Customer Service,Completed,Critical
C0388,Claim Received,2026-03-08 10:00:00.000000,Customer Service,Completed,Medium
C0388,Initial Review,2026-03-08 13:31:07.440993,Customer Service,Completed,Medium
C0388,Technical Assessment,2026-03-09 05:48:33.437292,Technical,Completed,Medium
C0388,Quality Review,2026-03-10 01:25:29.659511,Quality,Completed,Medium
C0388,Decision,2026-03-10 04:16:32.447366,Quality,Completed,Medium
C0388,Customer Notification,2026-03-10 05:24:29.398710,Customer Service,Completed,Medium
C0388,Case Closed,2026-03-10 10:45:59.630775,Customer Service,Completed,Medium
C0389,Claim Received,2026-03-14 12:00:00.000000,Customer Service,Completed,Critical
C0389,Initial Review,2026-03-14 14:01:56.384136,Customer Service,Completed,Critical
C0389,Request Additional Information,2026-03-15 00:46:47.898681,Customer Service,Completed,Critical
C0389,Initial Review,2026-03-15 03:30:41.944969,Customer Service,Completed,Critical
C0389,Technical Assessment,2026-03-15 12:28:24.984629,Technical,Completed,Critical
C0389,Quality Review,2026-03-15 20:17:19.621663,Quality,Completed,Critical
C0389,Decision,2026-03-15 23:15:39.752022,Quality,Completed,Critical
C0389,Customer Notification,2026-03-15 23:50:27.151839,Customer Service,Completed,Critical
C0389,Case Closed,2026-03-16 03:03:53.386569,Customer Service,Completed,Critical
C0390,Claim Received,2026-04-22 09:00:00.000000,Customer Service,Completed,High
C0390,Initial Review,2026-04-22 13:46:50.905104,Customer Service,Completed,High
C0390,Technical Assessment,2026-04-22 17:26:15.626792,Technical,Completed,High
C0390,Quality Review,2026-04-23 16:39:03.721105,Quality,Completed,High
C0390,Decision,2026-04-23 20:37:02.563249,Quality,Completed,High
C0390,Customer Notification,2026-04-23 23:29:52.400404,Customer Service,Completed,High
C0390,Case Closed,2026-04-24 00:40:19.921850,Customer Service,Completed,High
C0391,Claim Received,2026-05-11 12:00:00.000000,Customer Service,Completed,Medium
C0391,Initial Review,2026-05-11 15:48:58.453007,Customer Service,Completed,Medium
C0391,Technical Assessment,2026-05-11 22:47:23.219303,Technical,Completed,Medium
C0391,Quality Review,2026-05-12 10:53:19.682001,Quality,Completed,Medium
C0391,Decision,2026-05-12 13:58:19.969100,Quality,Completed,Medium
C0391,Customer Notification,2026-05-12 15:42:38.469407,Customer Service,Completed,Medium
C0391,Case Closed,2026-05-12 17:10:55.963437,Customer Service,Completed,Medium
C0392,Claim Received,2026-02-01 14:00:00.000000,Customer Service,Completed,Critical
C0392,Initial Review,2026-02-01 15:26:02.024786,Customer Service,Completed,Critical
C0392,Technical Assessment,2026-02-01 18:10:34.986801,Technical,Completed,Critical
C0392,Quality Review,2026-02-02 00:31:22.365296,Quality,Completed,Critical
C0392,Decision,2026-02-02 03:38:45.597116,Quality,Completed,Critical
C0392,Customer Notification,2026-02-02 05:05:18.723510,Customer Service,Completed,Critical
C0392,Case Closed,2026-02-02 07:14:00.780238,Customer Service,Completed,Critical
C0393,Claim Received,2026-04-26 13:00:00.000000,Customer Service,Completed,Medium
C0393,Initial Review,2026-04-26 18:44:13.531149,Customer Service,Completed,Medium
C0393,Technical Assessment,2026-04-27 11:26:00.200833,Technical,Completed,Medium
C0393,Quality Review,2026-04-28 02:32:13.465973,Quality,Completed,Medium
C0393,Decision,2026-04-28 09:20:47.117972,Quality,Completed,Medium
C0393,Customer Notification,2026-04-28 12:44:27.105259,Customer Service,Completed,Medium
C0393,Case Closed,2026-04-28 16:28:35.917252,Customer Service,Completed,Medium
C0394,Claim Received,2026-03-03 14:00:00.000000,Customer Service,Completed,Medium
C0394,Initial Review,2026-03-03 15:26:45.389538,Customer Service,Completed,Medium
C0394,Technical Assessment,2026-03-03 21:43:37.600005,Technical,Completed,Medium
C0394,Quality Review,2026-03-04 16:33:56.060815,Quality,Completed,Medium
C0394,Decision,2026-03-04 22:29:23.849670,Quality,Completed,Medium
C0394,Customer Notification,2026-03-05 00:57:44.976724,Customer Service,Completed,Medium
C0394,Case Closed,2026-03-05 05:59:39.334251,Customer Service,Completed,Medium
C0395,Claim Received,2026-06-20 09:00:00.000000,Customer Service,Completed,Low
C0395,Initial Review,2026-06-20 15:11:32.342085,Customer Service,Completed,Low
C0395,Request Additional Information,2026-06-22 02:44:38.516617,Customer Service,Completed,Low
C0395,Initial Review,2026-06-22 06:48:09.613848,Customer Service,Completed,Low
C0395,Technical Assessment,2026-06-22 18:42:36.922553,Technical,Completed,Low
C0395,Quality Review,2026-06-24 08:28:00.817758,Quality,Completed,Low
C0395,Decision,2026-06-24 13:59:32.843269,Quality,Completed,Low
C0395,Customer Notification,2026-06-24 15:20:16.920910,Customer Service,Completed,Low
C0395,Case Closed,2026-06-24 19:19:09.058223,Customer Service,Completed,Low
C0396,Claim Received,2026-05-07 16:00:00.000000,Customer Service,Completed,Medium
C0396,Initial Review,2026-05-07 20:08:52.072464,Customer Service,Completed,Medium
C0396,Request Additional Information,2026-05-08 18:36:47.184436,Customer Service,Completed,Medium
C0396,Initial Review,2026-05-09 00:08:56.923235,Customer Service,Completed,Medium
C0396,Technical Assessment,2026-05-09 06:13:46.692783,Technical,Completed,Medium
C0396,Quality Review,2026-05-10 15:53:57.565436,Quality,Completed,Medium
C0396,Decision,2026-05-10 21:02:16.353868,Quality,Completed,Medium
C0396,Customer Notification,2026-05-10 22:10:51.819231,Customer Service,Completed,Medium
C0396,Case Closed,2026-05-10 23:24:23.527497,Customer Service,Completed,Medium
C0397,Claim Received,2026-06-19 17:00:00.000000,Customer Service,Completed,Low
C0397,Initial Review,2026-06-19 23:04:37.014768,Customer Service,Completed,Low
C0397,Technical Assessment,2026-06-20 13:42:52.160438,Technical,Completed,Low
C0397,Quality Review,2026-06-21 04:34:58.898607,Quality,Completed,Low
C0397,Decision,2026-06-21 10:18:56.720831,Quality,Completed,Low
C0397,Customer Notification,2026-06-21 23:01:09.054761,Customer Service,Completed,Low
C0397,Case Closed,2026-06-22 02:43:00.088492,Customer Service,Completed,Low
C0398,Claim Received,2026-06-21 15:00:00.000000,Customer Service,Completed,High
C0398,Initial Review,2026-06-21 18:17:42.869676,Customer Service,Completed,High
C0398,Technical Assessment,2026-06-22 08:19:21.005027,Technical,Completed,High
C0398,Quality Review,2026-06-22 21:30:59.697667,Quality,Completed,High
C0398,Decision,2026-06-23 02:42:08.364304,Quality,Completed,High
C0398,Customer Notification,2026-06-23 05:35:39.124771,Customer Service,Completed,High
C0398,Case Closed,2026-06-23 14:24:24.168100,Customer Service,Completed,High
C0399,Claim Received,2026-05-03 15:00:00.000000,Customer Service,Completed,Medium
C0399,Initial Review,2026-05-03 19:27:32.512140,Customer Service,Completed,Medium
C0399,Technical Assessment,2026-05-04 12:58:49.024041,Technical,Completed,Medium
C0399,Quality Review,2026-05-05 12:39:41.847517,Quality,Completed,Medium
C0399,Decision,2026-05-05 20:30:18.560388,Quality,Completed,Medium
C0399,Customer Notification,2026-05-05 23:31:35.634332,Customer Service,Completed,Medium
C0399,Case Closed,2026-05-06 02:30:05.584610,Customer Service,Completed,Medium
C0400,Claim Received,2026-01-29 08:00:00.000000,Customer Service,Completed,Low
C0400,Initial Review,2026-01-29 13:22:34.300746,Customer Service,Completed,Low
C0400,Technical Assessment,2026-01-29 18:37:36.089895,Technical,Completed,Low
C0400,Quality Review,2026-01-30 13:12:25.676359,Quality,Completed,Low
C0400,Decision,2026-01-30 21:40:12.641638,Quality,Completed,Low
C0400,Customer Notification,2026-01-31 00:48:32.671292,Customer Service,Completed,Low
C0400,Case Closed,2026-01-31 06:37:38.648054,Customer Service,Completed,Low
C0401,Claim Received,2026-02-09 15:00:00.000000,Customer Service,Completed,Low
C0401,Initial Review,2026-02-09 21:58:59.524408,Customer Service,Completed,Low
C0401,Technical Assessment,2026-02-10 17:13:40.013428,Technical,Completed,Low
C0401,Quality Review,2026-02-11 13:25:34.780816,Quality,Completed,Low
C0401,Decision,2026-02-11 21:49:47.875586,Quality,Completed,Low
C0401,Customer Notification,2026-02-11 23:03:29.926267,Customer Service,Completed,Low
C0401,Case Closed,2026-02-12 04:32:12.731063,Customer Service,Completed,Low
C0402,Claim Received,2026-06-02 16:00:00.000000,Customer Service,Completed,High
C0402,Initial Review,2026-06-03 06:23:17.939087,Customer Service,Completed,High
C0402,Technical Assessment,2026-06-03 14:03:53.051695,Technical,Completed,High
C0402,Quality Review,2026-06-04 13:34:38.384175,Quality,Completed,High
C0402,Technical Assessment,2026-06-05 02:54:50.933268,Technical,Completed,High
C0402,Quality Review,2026-06-05 16:58:00.261200,Quality,Completed,High
C0402,Decision,2026-06-05 18:39:28.920908,Quality,Completed,High
C0402,Customer Notification,2026-06-05 20:47:09.050028,Customer Service,Completed,High
C0402,Case Closed,2026-06-06 00:10:44.574143,Customer Service,Completed,High
C0403,Claim Received,2026-06-15 13:00:00.000000,Customer Service,Completed,Medium
C0403,Initial Review,2026-06-15 16:14:29.857080,Customer Service,Completed,Medium
C0403,Technical Assessment,2026-06-15 22:30:01.062276,Technical,Completed,Medium
C0403,Quality Review,2026-06-16 21:45:43.436035,Quality,Completed,Medium
C0403,Decision,2026-06-17 02:48:28.372452,Quality,Completed,Medium
C0403,Customer Notification,2026-06-17 05:51:46.092563,Customer Service,Completed,Medium
C0403,Case Closed,2026-06-17 11:07:48.260809,Customer Service,Completed,Medium
C0404,Claim Received,2026-04-10 14:00:00.000000,Customer Service,Completed,High
C0404,Initial Review,2026-04-10 18:07:56.362739,Customer Service,Completed,High
C0404,Technical Assessment,2026-04-11 05:33:34.815110,Technical,Completed,High
C0404,Quality Review,2026-04-12 06:30:53.884786,Quality,Completed,High
C0404,Decision,2026-04-12 11:05:59.321085,Quality,Completed,High
C0404,Customer Notification,2026-04-12 13:41:52.878253,Customer Service,Completed,High
C0404,Case Closed,2026-04-12 15:00:51.868631,Customer Service,Completed,High
C0405,Claim Received,2026-04-17 15:00:00.000000,Customer Service,Completed,Low
C0405,Initial Review,2026-04-17 18:01:18.880897,Customer Service,Completed,Low
C0405,Technical Assessment,2026-04-18 10:47:35.512444,Technical,Completed,Low
C0405,Quality Review,2026-04-20 02:33:47.857616,Quality,Completed,Low
C0405,Decision,2026-04-20 06:06:18.911272,Quality,Completed,Low
C0405,Customer Notification,2026-04-20 19:21:55.417731,Customer Service,Completed,Low
C0405,Case Closed,2026-04-20 20:56:50.594394,Customer Service,Completed,Low
C0406,Claim Received,2026-02-27 15:00:00.000000,Customer Service,Completed,Low
C0406,Initial Review,2026-02-27 17:44:48.958246,Customer Service,Completed,Low
C0406,Technical Assessment,2026-03-01 02:03:03.881037,Technical,Completed,Low
C0406,Quality Review,2026-03-02 17:43:45.231975,Quality,Completed,Low
C0406,Decision,2026-03-02 21:13:03.775424,Quality,Completed,Low
C0406,Customer Notification,2026-03-03 00:16:23.196682,Customer Service,Completed,Low
C0406,Case Closed,2026-03-03 05:42:41.542896,Customer Service,Completed,Low
C0407,Claim Received,2026-01-29 09:00:00.000000,Customer Service,Completed,Medium
C0407,Initial Review,2026-01-29 13:54:29.743119,Customer Service,Completed,Medium
C0407,Technical Assessment,2026-01-30 05:55:32.468596,Technical,Completed,Medium
C0407,Quality Review,2026-01-31 07:25:30.124158,Quality,Completed,Medium
C0407,Decision,2026-01-31 10:25:38.324201,Quality,Completed,Medium
C0407,Customer Notification,2026-01-31 12:02:36.495466,Customer Service,Completed,Medium
C0407,Case Closed,2026-01-31 16:41:06.782471,Customer Service,Completed,Medium
C0408,Claim Received,2026-01-26 10:00:00.000000,Customer Service,Completed,Medium
C0408,Initial Review,2026-01-26 14:14:07.673477,Customer Service,Completed,Medium
C0408,Request Additional Information,2026-01-27 07:11:42.984835,Customer Service,Completed,Medium
C0408,Initial Review,2026-01-27 10:23:26.937131,Customer Service,Completed,Medium
C0408,Technical Assessment,2026-01-28 01:09:26.208588,Technical,Completed,Medium
C0408,Quality Review,2026-01-29 08:34:36.355225,Quality,Completed,Medium
C0408,Decision,2026-01-29 13:36:24.846155,Quality,Completed,Medium
C0408,Customer Notification,2026-01-29 15:43:27.158815,Customer Service,Completed,Medium
C0408,Case Closed,2026-01-29 18:31:38.740131,Customer Service,Completed,Medium
C0409,Claim Received,2026-04-18 11:00:00.000000,Customer Service,Completed,High
C0409,Initial Review,2026-04-18 12:21:07.118390,Customer Service,Completed,High
C0409,Technical Assessment,2026-04-19 01:50:01.687118,Technical,Completed,High
C0409,Quality Review,2026-04-20 05:42:32.905323,Quality,Completed,High
C0409,Decision,2026-04-20 10:35:01.297804,Quality,Completed,High
C0409,Customer Notification,2026-04-20 12:26:45.177680,Customer Service,Completed,High
C0409,Case Closed,2026-04-20 16:06:58.988275,Customer Service,Completed,High
C0410,Claim Received,2026-04-13 10:00:00.000000,Customer Service,Completed,Medium
C0410,Initial Review,2026-04-13 13:10:13.301020,Customer Service,Completed,Medium
C0410,Technical Assessment,2026-04-13 17:41:22.825198,Technical,Completed,Medium
C0410,Quality Review,2026-04-14 09:18:45.086640,Quality,Completed,Medium
C0410,Decision,2026-04-14 17:10:44.118922,Quality,Completed,Medium
C0410,Customer Notification,2026-04-14 20:34:34.083190,Customer Service,Completed,Medium
C0410,Case Closed,2026-04-15 02:26:21.983840,Customer Service,Completed,Medium
C0411,Claim Received,2026-03-19 13:00:00.000000,Customer Service,Completed,High
C0411,Initial Review,2026-03-20 02:18:38.772858,Customer Service,Completed,High
C0411,Technical Assessment,2026-03-20 08:38:39.532487,Technical,Completed,High
C0411,Quality Review,2026-03-21 11:55:01.077382,Quality,Completed,High
C0411,Technical Assessment,2026-03-21 20:06:51.419906,Technical,Completed,High
C0411,Quality Review,2026-03-22 16:10:02.096020,Quality,Completed,High
C0411,Decision,2026-03-22 20:53:49.296890,Quality,Completed,High
C0411,Customer Notification,2026-03-22 23:49:38.807996,Customer Service,Completed,High
C0411,Case Closed,2026-03-23 02:14:43.690157,Customer Service,Completed,High
C0412,Claim Received,2026-03-27 14:00:00.000000,Customer Service,Completed,Low
C0412,Initial Review,2026-03-27 19:33:02.131538,Customer Service,Completed,Low
C0412,Technical Assessment,2026-03-28 02:28:02.953008,Technical,Completed,Low
C0412,Quality Review,2026-03-29 01:02:40.593478,Quality,Completed,Low
C0412,Decision,2026-03-29 07:25:02.882745,Quality,Completed,Low
C0412,Customer Notification,2026-03-29 11:20:34.203108,Customer Service,Completed,Low
C0412,Case Closed,2026-03-29 12:42:36.653574,Customer Service,Completed,Low
C0413,Claim Received,2026-03-19 14:00:00.000000,Customer Service,Completed,Medium
C0413,Initial Review,2026-03-19 19:56:05.184604,Customer Service,Completed,Medium
C0413,Technical Assessment,2026-03-20 00:46:26.449831,Technical,Completed,Medium
C0413,Quality Review,2026-03-21 03:49:18.345423,Quality,Completed,Medium
C0413,Decision,2026-03-21 06:06:29.375478,Quality,Completed,Medium
C0413,Customer Notification,2026-03-21 07:28:56.673376,Customer Service,Completed,Medium
C0413,Case Closed,2026-03-21 12:10:00.129900,Customer Service,Completed,Medium
C0414,Claim Received,2026-05-29 17:00:00.000000,Customer Service,Completed,High
C0414,Initial Review,2026-05-29 20:39:30.918542,Customer Service,Completed,High
C0414,Technical Assessment,2026-05-30 07:18:44.706930,Technical,Completed,High
C0414,Quality Review,2026-05-30 21:24:07.582419,Quality,Completed,High
C0414,Technical Assessment,2026-05-31 08:04:17.892537,Technical,Completed,High
C0414,Quality Review,2026-06-01 04:40:07.460163,Quality,Completed,High
C0414,Technical Assessment,2026-06-01 12:05:54.942185,Technical,Completed,High
C0414,Quality Review,2026-06-01 23:43:08.226999,Quality,Completed,High
C0414,Decision,2026-06-02 02:14:35.581932,Quality,Completed,High
C0414,Customer Notification,2026-06-02 04:08:00.816797,Customer Service,Completed,High
C0414,Case Closed,2026-06-02 06:38:10.783503,Customer Service,Completed,High
C0415,Claim Received,2026-02-03 15:00:00.000000,Customer Service,Completed,Medium
C0415,Initial Review,2026-02-03 17:04:26.119236,Customer Service,Completed,Medium
C0415,Technical Assessment,2026-02-04 06:32:57.970351,Technical,Completed,Medium
C0415,Quality Review,2026-02-05 07:57:52.844519,Quality,Completed,Medium
C0415,Decision,2026-02-05 15:11:48.364042,Quality,Completed,Medium
C0415,Customer Notification,2026-02-05 18:06:22.144455,Customer Service,Completed,Medium
C0415,Case Closed,2026-02-05 22:33:04.465963,Customer Service,Completed,Medium
C0416,Claim Received,2026-02-11 10:00:00.000000,Customer Service,Completed,Medium
C0416,Initial Review,2026-02-11 13:31:44.146036,Customer Service,Completed,Medium
C0416,Request Additional Information,2026-02-12 18:00:23.724952,Customer Service,Completed,Medium
C0416,Initial Review,2026-02-12 21:34:21.063685,Customer Service,Completed,Medium
C0416,Technical Assessment,2026-02-13 11:17:42.387226,Technical,Completed,Medium
C0416,Quality Review,2026-02-14 00:04:39.665686,Quality,Completed,Medium
C0416,Decision,2026-02-14 05:25:54.642214,Quality,Completed,Medium
C0416,Customer Notification,2026-02-14 06:47:17.315651,Customer Service,Completed,Medium
C0416,Case Closed,2026-02-14 08:20:23.366586,Customer Service,Completed,Medium
C0417,Claim Received,2026-01-31 13:00:00.000000,Customer Service,Completed,Medium
C0417,Initial Review,2026-01-31 15:31:28.642662,Customer Service,Completed,Medium
C0417,Technical Assessment,2026-02-01 15:52:18.614462,Technical,Completed,Medium
C0417,Quality Review,2026-02-02 07:18:02.529897,Quality,Completed,Medium
C0417,Decision,2026-02-02 11:49:52.480412,Quality,Completed,Medium
C0417,Customer Notification,2026-02-02 13:44:48.251221,Customer Service,Completed,Medium
C0417,Case Closed,2026-02-02 15:39:43.639612,Customer Service,Completed,Medium
C0418,Claim Received,2026-01-18 08:00:00.000000,Customer Service,Completed,Medium
C0418,Initial Review,2026-01-18 11:05:16.352778,Customer Service,Completed,Medium
C0418,Technical Assessment,2026-01-18 23:00:30.857172,Technical,Completed,Medium
C0418,Quality Review,2026-01-20 05:45:39.440913,Quality,Completed,Medium
C0418,Decision,2026-01-20 12:04:52.164413,Quality,Completed,Medium
C0418,Customer Notification,2026-01-20 15:22:01.237713,Customer Service,Completed,Medium
C0418,Case Closed,2026-01-20 18:40:18.088675,Customer Service,Completed,Medium
C0419,Claim Received,2026-03-25 09:00:00.000000,Customer Service,Completed,High
C0419,Initial Review,2026-03-25 12:59:57.287345,Customer Service,Completed,High
C0419,Technical Assessment,2026-03-25 20:47:13.501494,Technical,Completed,High
C0419,Quality Review,2026-03-26 13:58:43.351064,Quality,Completed,High
C0419,Decision,2026-03-26 20:10:38.964687,Quality,Completed,High
C0419,Customer Notification,2026-03-26 22:44:37.251231,Customer Service,Completed,High
C0419,Case Closed,2026-03-27 03:00:26.982687,Customer Service,Completed,High
C0420,Claim Received,2026-03-21 16:00:00.000000,Customer Service,Completed,High
C0420,Initial Review,2026-03-21 19:22:50.299357,Customer Service,Completed,High
C0420,Technical Assessment,2026-03-21 23:32:03.629264,Technical,Completed,High
C0420,Quality Review,2026-03-22 19:32:15.218077,Quality,Completed,High
C0420,Decision,2026-03-23 01:43:57.237780,Quality,Completed,High
C0420,Customer Notification,2026-03-23 04:20:02.063856,Customer Service,Completed,High
C0420,Case Closed,2026-03-23 05:12:30.826469,Customer Service,Completed,High
C0421,Claim Received,2026-03-12 11:00:00.000000,Customer Service,Completed,Critical
C0421,Initial Review,2026-03-12 12:06:47.580250,Customer Service,Completed,Critical
C0421,Technical Assessment,2026-03-12 20:19:36.507134,Technical,Completed,Critical
C0421,Quality Review,2026-03-13 12:00:35.495376,Quality,Completed,Critical
C0421,Decision,2026-03-13 18:37:33.746210,Quality,Completed,Critical
C0421,Customer Notification,2026-03-14 00:00:17.730449,Customer Service,Completed,Critical
C0421,Case Closed,2026-03-14 01:35:50.887227,Customer Service,Completed,Critical
C0422,Claim Received,2026-03-07 09:00:00.000000,Customer Service,Completed,Medium
C0422,Initial Review,2026-03-07 10:34:23.603235,Customer Service,Completed,Medium
C0422,Technical Assessment,2026-03-07 16:55:38.665265,Technical,Completed,Medium
C0422,Quality Review,2026-03-08 11:03:38.576252,Quality,Completed,Medium
C0422,Technical Assessment,2026-03-08 19:21:21.004857,Technical,Completed,Medium
C0422,Quality Review,2026-03-09 11:24:59.111403,Quality,Completed,Medium
C0422,Decision,2026-03-09 23:16:17.948516,Quality,Completed,Medium
C0422,Customer Notification,2026-03-10 00:26:49.767764,Customer Service,Completed,Medium
C0422,Case Closed,2026-03-10 03:02:50.514113,Customer Service,Completed,Medium
C0423,Claim Received,2026-01-31 08:00:00.000000,Customer Service,Completed,Medium
C0423,Initial Review,2026-01-31 10:00:46.070244,Customer Service,Completed,Medium
C0423,Technical Assessment,2026-01-31 22:13:01.935717,Technical,Completed,Medium
C0423,Quality Review,2026-02-02 04:16:28.429872,Quality,Completed,Medium
C0423,Decision,2026-02-02 06:57:54.187505,Quality,Completed,Medium
C0423,Customer Notification,2026-02-02 09:21:34.281664,Customer Service,Completed,Medium
C0423,Case Closed,2026-02-02 12:46:49.368843,Customer Service,Completed,Medium
C0424,Claim Received,2026-03-10 16:00:00.000000,Customer Service,Completed,High
C0424,Initial Review,2026-03-10 20:39:14.035505,Customer Service,Completed,High
C0424,Technical Assessment,2026-03-11 02:36:45.500492,Technical,Completed,High
C0424,Quality Review,2026-03-12 03:17:19.505073,Quality,Completed,High
C0424,Decision,2026-03-12 06:50:28.074595,Quality,Completed,High
C0424,Customer Notification,2026-03-12 09:10:01.377907,Customer Service,Completed,High
C0424,Case Closed,2026-03-12 13:50:19.303690,Customer Service,Completed,High
C0425,Claim Received,2026-05-18 14:00:00.000000,Customer Service,Completed,High
C0425,Initial Review,2026-05-18 18:38:43.470373,Customer Service,Completed,High
C0425,Technical Assessment,2026-05-18 22:18:48.527031,Technical,Completed,High
C0425,Quality Review,2026-05-20 02:22:00.757301,Quality,Completed,High
C0425,Technical Assessment,2026-05-20 12:52:52.090095,Technical,Completed,High
C0425,Quality Review,2026-05-20 23:38:11.388233,Quality,Completed,High
C0425,Technical Assessment,2026-05-21 05:53:50.962754,Technical,Completed,High
C0425,Quality Review,2026-05-22 04:33:12.410494,Quality,Completed,High
C0425,Decision,2026-05-22 10:11:49.750759,Quality,Completed,High
C0425,Customer Notification,2026-05-22 13:00:53.262197,Customer Service,Completed,High
C0425,Case Closed,2026-05-22 14:27:37.656991,Customer Service,Completed,High
C0426,Claim Received,2026-06-28 09:00:00.000000,Customer Service,Completed,Low
C0426,Initial Review,2026-06-28 15:10:58.759129,Customer Service,Completed,Low
C0426,Technical Assessment,2026-06-29 12:45:47.468521,Technical,Completed,Low
C0426,Quality Review,2026-06-30 09:14:08.414799,Quality,Completed,Low
C0426,Decision,2026-06-30 17:24:37.720662,Quality,Completed,Low
C0426,Customer Notification,2026-06-30 22:00:50.214382,Customer Service,Completed,Low
C0426,Case Closed,2026-07-01 05:05:30.445897,Customer Service,Completed,Low
C0427,Claim Received,2026-03-24 13:00:00.000000,Customer Service,Completed,High
C0427,Initial Review,2026-03-24 14:38:32.984068,Customer Service,Completed,High
C0427,Technical Assessment,2026-03-24 21:31:16.380140,Technical,Completed,High
C0427,Quality Review,2026-03-25 09:41:19.503623,Quality,Completed,High
C0427,Decision,2026-03-25 23:15:19.008764,Quality,Completed,High
C0427,Customer Notification,2026-03-26 00:04:41.767980,Customer Service,Completed,High
C0427,Case Closed,2026-03-26 03:06:05.153405,Customer Service,Completed,High
C0428,Claim Received,2026-01-21 18:00:00.000000,Customer Service,Completed,Medium
C0428,Initial Review,2026-01-21 22:15:22.796480,Customer Service,Completed,Medium
C0428,Technical Assessment,2026-01-22 14:45:08.435012,Technical,Completed,Medium
C0428,Quality Review,2026-01-23 13:26:11.707969,Quality,Completed,Medium
C0428,Decision,2026-01-23 21:16:07.750965,Quality,Completed,Medium
C0428,Customer Notification,2026-01-24 00:04:21.908406,Customer Service,Completed,Medium
C0428,Case Closed,2026-01-24 05:16:06.532676,Customer Service,Completed,Medium
C0429,Claim Received,2026-04-05 11:00:00.000000,Customer Service,Completed,Low
C0429,Initial Review,2026-04-05 14:52:02.877386,Customer Service,Completed,Low
C0429,Technical Assessment,2026-04-05 19:59:59.272767,Technical,Completed,Low
C0429,Quality Review,2026-04-07 12:56:09.888912,Quality,Completed,Low
C0429,Technical Assessment,2026-04-07 19:14:51.063999,Technical,Completed,Low
C0429,Quality Review,2026-04-08 18:22:44.614247,Quality,Completed,Low
C0429,Technical Assessment,2026-04-09 03:06:52.534687,Technical,Completed,Low
C0429,Quality Review,2026-04-10 03:58:08.289539,Quality,Completed,Low
C0429,Decision,2026-04-10 12:52:53.126275,Quality,Completed,Low
C0429,Customer Notification,2026-04-10 14:50:02.885000,Customer Service,Completed,Low
C0429,Case Closed,2026-04-10 20:57:39.151966,Customer Service,Completed,Low
C0430,Claim Received,2026-05-07 10:00:00.000000,Customer Service,Completed,Medium
C0430,Initial Review,2026-05-07 13:45:32.133373,Customer Service,Completed,Medium
C0430,Technical Assessment,2026-05-08 01:40:43.768583,Technical,Completed,Medium
C0430,Quality Review,2026-05-09 03:14:31.884779,Quality,Completed,Medium
C0430,Technical Assessment,2026-05-09 09:02:15.503081,Technical,Completed,Medium
C0430,Quality Review,2026-05-10 03:16:07.058214,Quality,Completed,Medium
C0430,Decision,2026-05-10 06:38:11.105999,Quality,Completed,Medium
C0430,Customer Notification,2026-05-10 09:58:59.435252,Customer Service,Completed,Medium
C0430,Case Closed,2026-05-10 14:22:23.052157,Customer Service,Completed,Medium
C0431,Claim Received,2026-03-06 18:00:00.000000,Customer Service,Completed,Medium
C0431,Initial Review,2026-03-06 21:48:02.087591,Customer Service,Completed,Medium
C0431,Request Additional Information,2026-03-08 19:33:52.679401,Customer Service,Completed,Medium
C0431,Initial Review,2026-03-09 01:16:48.015429,Customer Service,Completed,Medium
C0431,Technical Assessment,2026-03-09 18:25:21.485628,Technical,Completed,Medium
C0431,Quality Review,2026-03-11 06:18:18.685206,Quality,Completed,Medium
C0431,Decision,2026-03-11 12:23:10.432275,Quality,Completed,Medium
C0431,Customer Notification,2026-03-11 14:28:14.328181,Customer Service,Completed,Medium
C0431,Case Closed,2026-03-11 19:53:22.772131,Customer Service,Completed,Medium
C0432,Claim Received,2026-04-25 13:00:00.000000,Customer Service,Completed,Medium
C0432,Initial Review,2026-04-25 14:01:32.867114,Customer Service,Completed,Medium
C0432,Technical Assessment,2026-04-25 19:10:16.035746,Technical,Completed,Medium
C0432,Quality Review,2026-04-26 07:46:48.171264,Quality,Completed,Medium
C0432,Decision,2026-04-26 15:38:55.036464,Quality,Completed,Medium
C0432,Customer Notification,2026-04-26 16:52:18.992427,Customer Service,Completed,Medium
C0432,Case Closed,2026-04-26 18:41:39.660782,Customer Service,Completed,Medium
C0433,Claim Received,2026-05-03 14:00:00.000000,Customer Service,Completed,Low
C0433,Initial Review,2026-05-03 20:02:54.076002,Customer Service,Completed,Low
C0433,Technical Assessment,2026-05-04 11:22:12.525115,Technical,Completed,Low
C0433,Quality Review,2026-05-05 08:58:54.979053,Quality,Completed,Low
C0433,Decision,2026-05-05 13:05:53.249843,Quality,Completed,Low
C0433,Customer Notification,2026-05-05 14:29:38.699711,Customer Service,Completed,Low
C0433,Case Closed,2026-05-05 20:27:31.499892,Customer Service,Completed,Low
C0434,Claim Received,2026-01-25 18:00:00.000000,Customer Service,Completed,Medium
C0434,Initial Review,2026-01-25 21:13:56.211434,Customer Service,Completed,Medium
C0434,Request Additional Information,2026-01-27 20:18:54.726443,Customer Service,Completed,Medium
C0434,Initial Review,2026-01-27 23:12:07.838838,Customer Service,Completed,Medium
C0434,Technical Assessment,2026-01-28 12:54:33.367656,Technical,Completed,Medium
C0434,Quality Review,2026-01-29 02:23:50.360635,Quality,Completed,Medium
C0434,Decision,2026-01-29 04:43:33.799366,Quality,Completed,Medium
C0434,Customer Notification,2026-01-29 07:01:17.660455,Customer Service,Completed,Medium
C0434,Case Closed,2026-01-29 08:18:01.879719,Customer Service,Completed,Medium
C0435,Claim Received,2026-06-08 14:00:00.000000,Customer Service,Completed,Medium
C0435,Initial Review,2026-06-08 16:09:56.015712,Customer Service,Completed,Medium
C0435,Technical Assessment,2026-06-10 07:52:26.289285,Technical,Completed,Medium
C0435,Quality Review,2026-06-11 05:05:16.979429,Quality,Completed,Medium
C0435,Technical Assessment,2026-06-11 21:24:25.863070,Technical,Completed,Medium
C0435,Quality Review,2026-06-12 17:33:28.726500,Quality,Completed,Medium
C0435,Decision,2026-06-13 00:15:19.995871,Quality,Completed,Medium
C0435,Customer Notification,2026-06-13 02:14:24.487495,Customer Service,Completed,Medium
C0435,Case Closed,2026-06-13 03:45:12.901262,Customer Service,Completed,Medium
C0436,Claim Received,2026-02-19 17:00:00.000000,Customer Service,Completed,High
C0436,Initial Review,2026-02-19 18:18:14.135417,Customer Service,Completed,High
C0436,Technical Assessment,2026-02-20 01:29:03.509204,Technical,Completed,High
C0436,Quality Review,2026-02-20 23:00:16.722495,Quality,Completed,High
C0436,Decision,2026-02-21 05:47:13.675570,Quality,Completed,High
C0436,Customer Notification,2026-02-21 06:53:36.837259,Customer Service,Completed,High
C0436,Case Closed,2026-02-21 09:44:45.847911,Customer Service,Completed,High
C0437,Claim Received,2026-05-19 10:00:00.000000,Customer Service,Completed,Medium
C0437,Initial Review,2026-05-19 11:44:13.363127,Customer Service,Completed,Medium
C0437,Technical Assessment,2026-05-19 20:32:15.539034,Technical,Completed,Medium
C0437,Quality Review,2026-05-20 08:43:53.810213,Quality,Completed,Medium
C0437,Decision,2026-05-20 14:48:05.098299,Quality,Completed,Medium
C0437,Customer Notification,2026-05-20 17:19:21.863267,Customer Service,Completed,Medium
C0437,Case Closed,2026-05-20 22:36:58.502967,Customer Service,Completed,Medium
C0438,Claim Received,2026-02-21 09:00:00.000000,Customer Service,Completed,Medium
C0438,Initial Review,2026-02-21 11:42:27.934626,Customer Service,Completed,Medium
C0438,Technical Assessment,2026-02-22 01:26:04.926096,Technical,Completed,Medium
C0438,Quality Review,2026-02-23 03:49:44.389103,Quality,Completed,Medium
C0438,Decision,2026-02-23 09:17:58.061279,Quality,Completed,Medium
C0438,Customer Notification,2026-02-23 12:08:51.975162,Customer Service,Completed,Medium
C0438,Case Closed,2026-02-23 13:57:33.014921,Customer Service,Completed,Medium
C0439,Claim Received,2026-02-26 08:00:00.000000,Customer Service,Completed,Low
C0439,Initial Review,2026-02-26 13:01:57.368288,Customer Service,Completed,Low
C0439,Request Additional Information,2026-02-27 23:35:13.164819,Customer Service,Completed,Low
C0439,Initial Review,2026-02-28 03:40:17.282904,Customer Service,Completed,Low
C0439,Technical Assessment,2026-02-28 22:09:27.476320,Technical,Completed,Low
C0439,Quality Review,2026-03-01 23:23:02.012116,Quality,Completed,Low
C0439,Decision,2026-03-03 00:25:38.329084,Quality,Completed,Low
C0439,Customer Notification,2026-03-03 01:39:46.530592,Customer Service,Completed,Low
C0439,Case Closed,2026-03-03 06:11:27.869284,Customer Service,Completed,Low
C0440,Claim Received,2026-04-03 08:00:00.000000,Customer Service,Completed,Medium
C0440,Initial Review,2026-04-03 13:52:35.566956,Customer Service,Completed,Medium
C0440,Technical Assessment,2026-04-03 21:51:14.251510,Technical,Completed,Medium
C0440,Quality Review,2026-04-04 16:08:30.952365,Quality,Completed,Medium
C0440,Decision,2026-04-04 23:13:37.690735,Quality,Completed,Medium
C0440,Customer Notification,2026-04-05 00:48:54.356383,Customer Service,Completed,Medium
C0440,Case Closed,2026-04-05 03:07:26.551291,Customer Service,Completed,Medium
C0441,Claim Received,2026-06-17 09:00:00.000000,Customer Service,Completed,Low
C0441,Initial Review,2026-06-17 12:13:49.078832,Customer Service,Completed,Low
C0441,Technical Assessment,2026-06-18 00:41:40.277311,Technical,Completed,Low
C0441,Quality Review,2026-06-19 01:49:05.552070,Quality,Completed,Low
C0441,Technical Assessment,2026-06-19 15:28:14.081356,Technical,Completed,Low
C0441,Quality Review,2026-06-20 23:49:07.849613,Quality,Completed,Low
C0441,Decision,2026-06-21 07:20:15.469939,Quality,Completed,Low
C0441,Customer Notification,2026-06-21 11:42:55.561604,Customer Service,Completed,Low
C0441,Case Closed,2026-06-21 14:03:11.809946,Customer Service,Completed,Low
C0442,Claim Received,2026-04-20 18:00:00.000000,Customer Service,Completed,Medium
C0442,Initial Review,2026-04-21 00:40:05.680502,Customer Service,Completed,Medium
C0442,Request Additional Information,2026-04-22 10:50:42.910309,Customer Service,Completed,Medium
C0442,Initial Review,2026-04-22 14:31:21.340467,Customer Service,Completed,Medium
C0442,Technical Assessment,2026-04-22 23:06:36.442934,Technical,Completed,Medium
C0442,Quality Review,2026-04-24 06:12:17.312827,Quality,Completed,Medium
C0442,Decision,2026-04-24 13:18:49.769816,Quality,Completed,Medium
C0442,Customer Notification,2026-04-24 16:58:16.780124,Customer Service,Completed,Medium
C0442,Case Closed,2026-04-24 18:22:42.118757,Customer Service,Completed,Medium
C0443,Claim Received,2026-05-11 14:00:00.000000,Customer Service,Completed,Low
C0443,Initial Review,2026-05-11 19:42:28.253620,Customer Service,Completed,Low
C0443,Request Additional Information,2026-05-13 08:06:12.586219,Customer Service,Completed,Low
C0443,Initial Review,2026-05-13 12:05:20.759414,Customer Service,Completed,Low
C0443,Technical Assessment,2026-05-13 23:10:12.944480,Technical,Completed,Low
C0443,Quality Review,2026-05-15 10:10:51.523280,Quality,Completed,Low
C0443,Decision,2026-05-15 14:30:46.778364,Quality,Completed,Low
C0443,Customer Notification,2026-05-15 19:01:45.338863,Customer Service,Completed,Low
C0443,Case Closed,2026-05-15 20:26:55.995803,Customer Service,Completed,Low
C0444,Claim Received,2026-04-12 11:00:00.000000,Customer Service,Completed,High
C0444,Initial Review,2026-04-12 13:01:26.386123,Customer Service,Completed,High
C0444,Technical Assessment,2026-04-12 22:37:24.040117,Technical,Completed,High
C0444,Quality Review,2026-04-13 15:24:22.340514,Quality,Completed,High
C0444,Decision,2026-04-13 17:39:03.568366,Quality,Completed,High
C0444,Customer Notification,2026-04-13 19:31:04.094291,Customer Service,Completed,High
C0444,Case Closed,2026-04-13 22:39:13.150327,Customer Service,Completed,High
C0445,Claim Received,2026-04-30 14:00:00.000000,Customer Service,Completed,Medium
C0445,Initial Review,2026-04-30 17:02:41.149956,Customer Service,Completed,Medium
C0445,Technical Assessment,2026-05-01 01:28:58.979414,Technical,Completed,Medium
C0445,Quality Review,2026-05-01 17:47:33.458573,Quality,Completed,Medium
C0445,Decision,2026-05-01 23:39:53.123390,Quality,Completed,Medium
C0445,Customer Notification,2026-05-02 00:54:43.243309,Customer Service,Completed,Medium
C0445,Case Closed,2026-05-02 04:28:33.481120,Customer Service,Completed,Medium
C0446,Claim Received,2026-01-26 09:00:00.000000,Customer Service,Completed,Critical
C0446,Initial Review,2026-01-26 11:02:06.414287,Customer Service,Completed,Critical
C0446,Request Additional Information,2026-01-26 20:38:26.281763,Customer Service,Completed,Critical
C0446,Initial Review,2026-01-26 21:57:49.453396,Customer Service,Completed,Critical
C0446,Technical Assessment,2026-01-27 05:40:21.685845,Technical,Completed,Critical
C0446,Quality Review,2026-01-27 14:57:58.554686,Quality,Completed,Critical
C0446,Decision,2026-01-27 18:57:36.908305,Quality,Completed,Critical
C0446,Customer Notification,2026-01-27 20:35:19.778431,Customer Service,Completed,Critical
C0446,Case Closed,2026-01-28 04:55:54.106745,Customer Service,Completed,Critical
C0447,Claim Received,2026-04-14 14:00:00.000000,Customer Service,Completed,High
C0447,Initial Review,2026-04-14 18:05:14.802952,Customer Service,Completed,High
C0447,Technical Assessment,2026-04-14 21:25:14.236797,Technical,Completed,High
C0447,Quality Review,2026-04-16 02:00:52.898993,Quality,Completed,High
C0447,Decision,2026-04-16 07:46:08.153561,Quality,Completed,High
C0447,Customer Notification,2026-04-16 10:18:17.775651,Customer Service,Completed,High
C0447,Case Closed,2026-04-16 12:02:23.389584,Customer Service,Completed,High
C0448,Claim Received,2026-04-29 13:00:00.000000,Customer Service,Completed,Medium
C0448,Initial Review,2026-04-29 17:57:34.467991,Customer Service,Completed,Medium
C0448,Technical Assessment,2026-04-30 00:35:21.934214,Technical,Completed,Medium
C0448,Quality Review,2026-05-01 05:20:24.059865,Quality,Completed,Medium
C0448,Decision,2026-05-01 10:02:23.453673,Quality,Completed,Medium
C0448,Customer Notification,2026-05-01 12:09:50.215480,Customer Service,Completed,Medium
C0448,Case Closed,2026-05-01 13:48:20.437014,Customer Service,Completed,Medium
C0449,Claim Received,2026-04-01 13:00:00.000000,Customer Service,Completed,High
C0449,Initial Review,2026-04-01 14:42:07.065220,Customer Service,Completed,High
C0449,Technical Assessment,2026-04-02 02:19:52.952945,Technical,Completed,High
C0449,Quality Review,2026-04-03 01:11:21.599042,Quality,Completed,High
C0449,Decision,2026-04-03 05:36:24.182921,Quality,Completed,High
C0449,Customer Notification,2026-04-03 06:29:02.468624,Customer Service,Completed,High
C0449,Case Closed,2026-04-03 11:11:34.772629,Customer Service,Completed,High
C0450,Claim Received,2026-06-05 17:00:00.000000,Customer Service,Completed,High
C0450,Initial Review,2026-06-05 21:16:04.004480,Customer Service,Completed,High
C0450,Technical Assessment,2026-06-06 02:45:17.534700,Technical,Completed,High
C0450,Quality Review,2026-06-06 22:37:01.523642,Quality,Completed,High
C0450,Decision,2026-06-07 00:44:18.794435,Quality,Completed,High
C0450,Customer Notification,2026-06-07 02:37:20.059656,Customer Service,Completed,High
C0450,Case Closed,2026-06-07 03:47:42.737351,Customer Service,Completed,High
C0451,Claim Received,2026-06-26 17:00:00.000000,Customer Service,Completed,Low
C0451,Initial Review,2026-06-26 21:07:54.047768,Customer Service,Completed,Low
C0451,Technical Assessment,2026-06-27 03:05:56.865600,Technical,Completed,Low
C0451,Quality Review,2026-06-28 01:40:23.076506,Quality,Completed,Low
C0451,Decision,2026-06-28 08:49:19.128138,Quality,Completed,Low
C0451,Customer Notification,2026-06-28 10:13:43.721359,Customer Service,Completed,Low
C0451,Case Closed,2026-06-28 12:27:35.156843,Customer Service,Completed,Low
C0452,Claim Received,2026-01-29 10:00:00.000000,Customer Service,Completed,Medium
C0452,Initial Review,2026-01-29 13:40:56.154346,Customer Service,Completed,Medium
C0452,Technical Assessment,2026-01-29 18:38:41.809080,Technical,Completed,Medium
C0452,Quality Review,2026-01-31 03:25:18.245356,Quality,Completed,Medium
C0452,Decision,2026-01-31 06:39:20.868663,Quality,Completed,Medium
C0452,Customer Notification,2026-01-31 09:47:05.322095,Customer Service,Completed,Medium
C0452,Case Closed,2026-01-31 13:48:12.092171,Customer Service,Completed,Medium
C0453,Claim Received,2026-06-25 15:00:00.000000,Customer Service,Completed,Medium
C0453,Initial Review,2026-06-25 22:07:53.812786,Customer Service,Completed,Medium
C0453,Technical Assessment,2026-06-26 04:07:45.488986,Technical,Completed,Medium
C0453,Quality Review,2026-06-27 01:42:39.558403,Quality,Completed,Medium
C0453,Decision,2026-06-27 06:51:58.058907,Quality,Completed,Medium
C0453,Customer Notification,2026-06-27 10:30:13.844335,Customer Service,Completed,Medium
C0453,Case Closed,2026-06-27 14:23:04.233876,Customer Service,Completed,Medium
C0454,Claim Received,2026-04-27 13:00:00.000000,Customer Service,Completed,High
C0454,Initial Review,2026-04-27 16:36:04.558172,Customer Service,Completed,High
C0454,Technical Assessment,2026-04-27 23:07:57.690862,Technical,Completed,High
C0454,Quality Review,2026-04-29 00:17:03.837807,Quality,Completed,High
C0454,Decision,2026-04-29 03:04:48.887455,Quality,Completed,High
C0454,Customer Notification,2026-04-29 05:38:24.115208,Customer Service,Completed,High
C0454,Case Closed,2026-04-29 10:05:00.111783,Customer Service,Completed,High
C0455,Claim Received,2026-01-12 11:00:00.000000,Customer Service,Completed,Medium
C0455,Initial Review,2026-01-12 16:25:39.752725,Customer Service,Completed,Medium
C0455,Technical Assessment,2026-01-13 08:47:00.566667,Technical,Completed,Medium
C0455,Quality Review,2026-01-14 12:46:59.726331,Quality,Completed,Medium
C0455,Decision,2026-01-14 19:08:32.941829,Quality,Completed,Medium
C0455,Customer Notification,2026-01-14 22:52:07.295716,Customer Service,Completed,Medium
C0455,Case Closed,2026-01-15 03:40:40.790106,Customer Service,Completed,Medium
C0456,Claim Received,2026-05-10 13:00:00.000000,Customer Service,Completed,High
C0456,Initial Review,2026-05-10 15:26:25.383373,Customer Service,Completed,High
C0456,Technical Assessment,2026-05-11 08:00:29.112042,Technical,Completed,High
C0456,Quality Review,2026-05-11 18:07:15.851868,Quality,Completed,High
C0456,Decision,2026-05-11 22:57:50.601177,Quality,Completed,High
C0456,Customer Notification,2026-05-12 00:35:19.803836,Customer Service,Completed,High
C0456,Case Closed,2026-05-12 05:19:18.038677,Customer Service,Completed,High
C0457,Claim Received,2026-02-04 13:00:00.000000,Customer Service,Completed,High
C0457,Initial Review,2026-02-04 16:28:52.256235,Customer Service,Completed,High
C0457,Technical Assessment,2026-02-05 00:50:54.170394,Technical,Completed,High
C0457,Quality Review,2026-02-05 23:03:47.572828,Quality,Completed,High
C0457,Decision,2026-02-06 02:45:51.437544,Quality,Completed,High
C0457,Customer Notification,2026-02-06 04:14:03.223446,Customer Service,Completed,High
C0457,Case Closed,2026-02-06 08:23:17.563696,Customer Service,Completed,High
C0458,Claim Received,2026-04-11 10:00:00.000000,Customer Service,Completed,Low
C0458,Initial Review,2026-04-11 11:39:55.842477,Customer Service,Completed,Low
C0458,Technical Assessment,2026-04-12 03:50:43.974891,Technical,Completed,Low
C0458,Quality Review,2026-04-13 04:33:30.433978,Quality,Completed,Low
C0458,Decision,2026-04-13 07:12:23.244371,Quality,Completed,Low
C0458,Customer Notification,2026-04-13 09:11:04.762205,Customer Service,Completed,Low
C0458,Case Closed,2026-04-13 15:24:13.186854,Customer Service,Completed,Low
C0459,Claim Received,2026-01-27 14:00:00.000000,Customer Service,Completed,High
C0459,Initial Review,2026-01-27 17:33:40.992663,Customer Service,Completed,High
C0459,Technical Assessment,2026-01-28 23:15:39.911844,Technical,Completed,High
C0459,Quality Review,2026-01-29 16:06:25.490967,Quality,Completed,High
C0459,Decision,2026-01-29 18:54:20.303194,Quality,Completed,High
C0459,Customer Notification,2026-01-29 22:44:43.932307,Customer Service,Completed,High
C0459,Case Closed,2026-01-30 01:28:51.120445,Customer Service,Completed,High
C0460,Claim Received,2026-01-17 11:00:00.000000,Customer Service,Completed,High
C0460,Initial Review,2026-01-17 15:38:05.931675,Customer Service,Completed,High
C0460,Request Additional Information,2026-01-19 01:17:38.657069,Customer Service,Completed,High
C0460,Initial Review,2026-01-19 12:22:55.953737,Customer Service,Completed,High
C0460,Technical Assessment,2026-01-19 21:19:19.957795,Technical,Completed,High
C0460,Quality Review,2026-01-20 13:07:03.570088,Quality,Completed,High
C0460,Decision,2026-01-20 17:42:57.925631,Quality,Completed,High
C0460,Customer Notification,2026-01-20 19:27:51.277911,Customer Service,Completed,High
C0460,Case Closed,2026-01-20 21:11:37.955094,Customer Service,Completed,High
C0461,Claim Received,2026-06-17 13:00:00.000000,Customer Service,Completed,Low
C0461,Initial Review,2026-06-17 14:16:18.797774,Customer Service,Completed,Low
C0461,Technical Assessment,2026-06-17 22:46:10.215572,Technical,Completed,Low
C0461,Quality Review,2026-06-18 21:11:20.702038,Quality,Completed,Low
C0461,Decision,2026-06-18 23:54:19.599434,Quality,Completed,Low
C0461,Customer Notification,2026-06-19 02:35:07.414427,Customer Service,Completed,Low
C0461,Case Closed,2026-06-19 06:46:58.256558,Customer Service,Completed,Low
C0462,Claim Received,2026-05-26 10:00:00.000000,Customer Service,Completed,High
C0462,Initial Review,2026-05-26 11:48:27.938207,Customer Service,Completed,High
C0462,Request Additional Information,2026-05-27 06:44:56.991080,Customer Service,Completed,High
C0462,Initial Review,2026-05-27 09:06:12.333431,Customer Service,Completed,High
C0462,Technical Assessment,2026-05-27 20:56:35.439876,Technical,Completed,High
C0462,Quality Review,2026-05-28 09:54:34.321772,Quality,Completed,High
C0462,Decision,2026-05-28 14:48:36.483459,Quality,Completed,High
C0462,Customer Notification,2026-05-28 17:12:33.925349,Customer Service,Completed,High
C0462,Case Closed,2026-05-28 18:04:48.068044,Customer Service,Completed,High
C0463,Claim Received,2026-03-01 16:00:00.000000,Customer Service,Completed,Medium
C0463,Initial Review,2026-03-01 19:56:14.433853,Customer Service,Completed,Medium
C0463,Technical Assessment,2026-03-02 03:11:37.771440,Technical,Completed,Medium
C0463,Quality Review,2026-03-03 12:42:59.513878,Quality,Completed,Medium
C0463,Decision,2026-03-03 19:08:38.440811,Quality,Completed,Medium
C0463,Customer Notification,2026-03-03 22:00:11.916079,Customer Service,Completed,Medium
C0463,Case Closed,2026-03-04 00:52:33.341392,Customer Service,Completed,Medium
C0464,Claim Received,2026-01-10 11:00:00.000000,Customer Service,Completed,Medium
C0464,Initial Review,2026-01-10 16:37:01.364512,Customer Service,Completed,Medium
C0464,Technical Assessment,2026-01-11 09:51:33.539979,Technical,Completed,Medium
C0464,Quality Review,2026-01-12 05:44:52.343180,Quality,Completed,Medium
C0464,Decision,2026-01-12 11:36:34.147927,Quality,Completed,Medium
C0464,Customer Notification,2026-01-12 14:10:19.574811,Customer Service,Completed,Medium
C0464,Case Closed,2026-01-12 18:24:44.410462,Customer Service,Completed,Medium
C0465,Claim Received,2026-03-26 13:00:00.000000,Customer Service,Completed,High
C0465,Initial Review,2026-03-26 14:46:08.385366,Customer Service,Completed,High
C0465,Technical Assessment,2026-03-27 04:07:23.789933,Technical,Completed,High
C0465,Quality Review,2026-03-27 18:29:28.915926,Quality,Completed,High
C0465,Decision,2026-03-27 23:32:41.914283,Quality,Completed,High
C0465,Customer Notification,2026-03-28 01:15:37.952637,Customer Service,Completed,High
C0465,Case Closed,2026-03-28 08:58:07.943091,Customer Service,Completed,High
C0466,Claim Received,2026-02-19 08:00:00.000000,Customer Service,Completed,Low
C0466,Initial Review,2026-02-19 13:00:22.326320,Customer Service,Completed,Low
C0466,Technical Assessment,2026-02-19 21:14:13.552692,Technical,Completed,Low
C0466,Quality Review,2026-02-21 04:42:17.498610,Quality,Completed,Low
C0466,Technical Assessment,2026-02-22 01:09:33.530115,Technical,Completed,Low
C0466,Quality Review,2026-02-22 17:48:37.626886,Quality,Completed,Low
C0466,Decision,2026-02-22 22:27:10.747063,Quality,Completed,Low
C0466,Customer Notification,2026-02-23 00:32:04.974522,Customer Service,Completed,Low
C0466,Case Closed,2026-02-23 03:13:42.714221,Customer Service,Completed,Low
C0467,Claim Received,2026-03-11 15:00:00.000000,Customer Service,Completed,Medium
C0467,Initial Review,2026-03-11 16:24:00.287494,Customer Service,Completed,Medium
C0467,Technical Assessment,2026-03-12 01:58:31.808942,Technical,Completed,Medium
C0467,Quality Review,2026-03-13 00:34:06.701463,Quality,Completed,Medium
C0467,Decision,2026-03-13 06:58:41.148521,Quality,Completed,Medium
C0467,Customer Notification,2026-03-13 10:26:12.869646,Customer Service,Completed,Medium
C0467,Case Closed,2026-03-13 11:32:09.469034,Customer Service,Completed,Medium
C0468,Claim Received,2026-03-18 17:00:00.000000,Customer Service,Completed,High
C0468,Initial Review,2026-03-18 19:56:55.646598,Customer Service,Completed,High
C0468,Technical Assessment,2026-03-19 01:06:59.843095,Technical,Completed,High
C0468,Quality Review,2026-03-19 16:35:20.007303,Quality,Completed,High
C0468,Technical Assessment,2026-03-20 02:05:05.576814,Technical,Completed,High
C0468,Quality Review,2026-03-20 18:04:58.720557,Quality,Completed,High
C0468,Decision,2026-03-20 20:37:20.688698,Quality,Completed,High
C0468,Customer Notification,2026-03-20 21:25:56.808656,Customer Service,Completed,High
C0468,Case Closed,2026-03-21 01:09:14.117100,Customer Service,Completed,High
C0469,Claim Received,2026-04-12 13:00:00.000000,Customer Service,Completed,Medium
C0469,Initial Review,2026-04-12 15:55:12.673628,Customer Service,Completed,Medium
C0469,Technical Assessment,2026-04-13 09:44:43.785582,Technical,Completed,Medium
C0469,Quality Review,2026-04-14 18:59:07.749378,Quality,Completed,Medium
C0469,Decision,2026-04-14 21:43:56.463563,Quality,Completed,Medium
C0469,Customer Notification,2026-04-14 23:13:09.977302,Customer Service,Completed,Medium
C0469,Case Closed,2026-04-15 05:00:17.721081,Customer Service,Completed,Medium
C0470,Claim Received,2026-05-06 18:00:00.000000,Customer Service,Completed,Medium
C0470,Initial Review,2026-05-06 22:26:32.809113,Customer Service,Completed,Medium
C0470,Request Additional Information,2026-05-08 09:52:30.270091,Customer Service,Completed,Medium
C0470,Initial Review,2026-05-08 14:33:12.225792,Customer Service,Completed,Medium
C0470,Technical Assessment,2026-05-08 19:02:11.407424,Technical,Completed,Medium
C0470,Quality Review,2026-05-09 22:10:45.721887,Quality,Completed,Medium
C0470,Decision,2026-05-10 04:21:51.104612,Quality,Completed,Medium
C0470,Customer Notification,2026-05-10 06:08:53.476155,Customer Service,Completed,Medium
C0470,Case Closed,2026-05-10 10:33:12.672873,Customer Service,Completed,Medium
C0471,Claim Received,2026-02-11 08:00:00.000000,Customer Service,Completed,Critical
C0471,Initial Review,2026-02-11 08:47:30.575792,Customer Service,Completed,Critical
C0471,Technical Assessment,2026-02-11 15:46:23.134367,Technical,Completed,Critical
C0471,Quality Review,2026-02-12 06:14:45.348511,Quality,Completed,Critical
C0471,Decision,2026-02-12 07:29:13.110332,Quality,Completed,Critical
C0471,Customer Notification,2026-02-12 09:18:03.543633,Customer Service,Completed,Critical
C0471,Case Closed,2026-02-12 10:52:05.386890,Customer Service,Completed,Critical
C0472,Claim Received,2026-04-08 17:00:00.000000,Customer Service,Completed,Medium
C0472,Initial Review,2026-04-08 19:32:23.619597,Customer Service,Completed,Medium
C0472,Technical Assessment,2026-04-09 11:48:34.203294,Technical,Completed,Medium
C0472,Quality Review,2026-04-10 01:56:32.868454,Quality,Completed,Medium
C0472,Decision,2026-04-10 08:36:09.396535,Quality,Completed,Medium
C0472,Customer Notification,2026-04-10 10:01:50.702137,Customer Service,Completed,Medium
C0472,Case Closed,2026-04-10 15:40:51.005724,Customer Service,Completed,Medium
C0473,Claim Received,2026-05-06 08:00:00.000000,Customer Service,Completed,Critical
C0473,Initial Review,2026-05-06 08:44:31.835952,Customer Service,Completed,Critical
C0473,Technical Assessment,2026-05-06 13:40:01.394012,Technical,Completed,Critical
C0473,Quality Review,2026-05-06 23:07:37.693291,Quality,Completed,Critical
C0473,Decision,2026-05-07 00:39:22.827305,Quality,Completed,Critical
C0473,Customer Notification,2026-05-07 01:21:28.220441,Customer Service,Completed,Critical
C0473,Case Closed,2026-05-07 03:06:51.744215,Customer Service,Completed,Critical
C0474,Claim Received,2026-02-21 08:00:00.000000,Customer Service,Completed,Medium
C0474,Initial Review,2026-02-21 12:44:58.483235,Customer Service,Completed,Medium
C0474,Technical Assessment,2026-02-21 19:26:09.478794,Technical,Completed,Medium
C0474,Quality Review,2026-02-23 04:21:17.062055,Quality,Completed,Medium
C0474,Decision,2026-02-23 11:49:57.244390,Quality,Completed,Medium
C0474,Customer Notification,2026-02-23 14:44:30.727701,Customer Service,Completed,Medium
C0474,Case Closed,2026-02-23 16:10:13.454850,Customer Service,Completed,Medium
C0475,Claim Received,2026-03-02 15:00:00.000000,Customer Service,Completed,Low
C0475,Initial Review,2026-03-02 19:06:40.198021,Customer Service,Completed,Low
C0475,Technical Assessment,2026-03-03 00:04:15.155751,Technical,Completed,Low
C0475,Quality Review,2026-03-04 17:58:51.715596,Quality,Completed,Low
C0475,Decision,2026-03-05 18:13:40.464967,Quality,Completed,Low
C0475,Customer Notification,2026-03-05 20:11:15.910892,Customer Service,Completed,Low
C0475,Case Closed,2026-03-05 23:38:30.292243,Customer Service,Completed,Low
C0476,Claim Received,2026-05-05 15:00:00.000000,Customer Service,Completed,Medium
C0476,Initial Review,2026-05-05 19:47:04.409482,Customer Service,Completed,Medium
C0476,Technical Assessment,2026-05-06 04:29:46.539625,Technical,Completed,Medium
C0476,Quality Review,2026-05-07 00:43:48.431390,Quality,Completed,Medium
C0476,Technical Assessment,2026-05-07 08:05:04.121679,Technical,Completed,Medium
C0476,Quality Review,2026-05-08 05:38:52.046389,Quality,Completed,Medium
C0476,Technical Assessment,2026-05-08 23:18:07.421449,Technical,Completed,Medium
C0476,Quality Review,2026-05-12 21:21:12.658645,Quality,Completed,Medium
C0476,Decision,2026-05-13 04:34:36.355277,Quality,Completed,Medium
C0476,Customer Notification,2026-05-13 08:04:58.903795,Customer Service,Completed,Medium
C0476,Case Closed,2026-05-13 09:12:41.151486,Customer Service,Completed,Medium
C0477,Claim Received,2026-03-05 13:00:00.000000,Customer Service,Completed,Critical
C0477,Initial Review,2026-03-05 14:37:47.262698,Customer Service,Completed,Critical
C0477,Technical Assessment,2026-03-05 22:43:07.560011,Technical,Completed,Critical
C0477,Quality Review,2026-03-07 16:29:13.161982,Quality,Completed,Critical
C0477,Decision,2026-03-07 19:24:04.353166,Quality,Completed,Critical
C0477,Customer Notification,2026-03-07 20:23:04.144454,Customer Service,Completed,Critical
C0477,Case Closed,2026-03-07 23:04:05.054880,Customer Service,Completed,Critical
C0478,Claim Received,2026-03-01 17:00:00.000000,Customer Service,Completed,High
C0478,Initial Review,2026-03-01 19:44:17.320476,Customer Service,Completed,High
C0478,Request Additional Information,2026-03-03 04:12:15.132486,Customer Service,Completed,High
C0478,Initial Review,2026-03-03 08:45:37.952928,Customer Service,Completed,High
C0478,Technical Assessment,2026-03-03 17:17:35.188632,Technical,Completed,High
C0478,Quality Review,2026-03-04 16:19:24.610180,Quality,Completed,High
C0478,Decision,2026-03-04 19:46:14.965810,Quality,Completed,High
C0478,Customer Notification,2026-03-04 22:16:46.144461,Customer Service,Completed,High
C0478,Case Closed,2026-03-05 02:35:03.914157,Customer Service,Completed,High
C0479,Claim Received,2026-05-08 09:00:00.000000,Customer Service,Completed,Low
C0479,Initial Review,2026-05-08 12:00:29.123388,Customer Service,Completed,Low
C0479,Request Additional Information,2026-05-10 02:06:50.203991,Customer Service,Completed,Low
C0479,Initial Review,2026-05-10 04:19:20.145581,Customer Service,Completed,Low
C0479,Technical Assessment,2026-05-10 11:03:56.389838,Technical,Completed,Low
C0479,Quality Review,2026-05-11 08:24:13.069132,Quality,Completed,Low
C0479,Decision,2026-05-11 16:13:37.374470,Quality,Completed,Low
C0479,Customer Notification,2026-05-11 17:44:56.410801,Customer Service,Completed,Low
C0479,Case Closed,2026-05-11 23:14:36.938172,Customer Service,Completed,Low
C0480,Claim Received,2026-03-13 11:00:00.000000,Customer Service,Completed,Critical
C0480,Initial Review,2026-03-13 13:17:52.574847,Customer Service,Completed,Critical
C0480,Technical Assessment,2026-03-13 21:57:30.472612,Technical,Completed,Critical
C0480,Quality Review,2026-03-14 11:56:39.051705,Quality,Completed,Critical
C0480,Technical Assessment,2026-03-14 18:22:44.466109,Technical,Completed,Critical
C0480,Quality Review,2026-03-15 09:55:31.814180,Quality,Completed,Critical
C0480,Decision,2026-03-15 11:35:48.921321,Quality,Completed,Critical
C0480,Customer Notification,2026-03-15 13:28:57.697826,Customer Service,Completed,Critical
C0480,Case Closed,2026-03-15 14:50:26.729846,Customer Service,Completed,Critical
C0481,Claim Received,2026-06-17 18:00:00.000000,Customer Service,Completed,High
C0481,Initial Review,2026-06-17 21:56:25.179108,Customer Service,Completed,High
C0481,Request Additional Information,2026-06-18 20:07:29.425491,Customer Service,Completed,High
C0481,Initial Review,2026-06-18 21:57:40.378350,Customer Service,Completed,High
C0481,Technical Assessment,2026-06-19 02:24:31.321651,Technical,Completed,High
C0481,Quality Review,2026-06-19 23:22:44.219339,Quality,Completed,High
C0481,Decision,2026-06-20 05:30:02.111991,Quality,Completed,High
C0481,Customer Notification,2026-06-20 06:36:22.998901,Customer Service,Completed,High
C0481,Case Closed,2026-06-20 08:55:37.808455,Customer Service,Completed,High
C0482,Claim Received,2026-02-18 14:00:00.000000,Customer Service,Completed,Medium
C0482,Initial Review,2026-02-18 19:53:57.290967,Customer Service,Completed,Medium
C0482,Technical Assessment,2026-02-19 05:00:34.492626,Technical,Completed,Medium
C0482,Quality Review,2026-02-20 12:07:37.734776,Quality,Completed,Medium
C0482,Decision,2026-02-20 17:44:12.675772,Quality,Completed,Medium
C0482,Customer Notification,2026-02-20 19:55:22.049517,Customer Service,Completed,Medium
C0482,Case Closed,2026-02-20 23:13:32.899379,Customer Service,Completed,Medium
C0483,Claim Received,2026-05-08 18:00:00.000000,Customer Service,Completed,High
C0483,Initial Review,2026-05-08 20:37:23.297240,Customer Service,Completed,High
C0483,Technical Assessment,2026-05-09 01:27:24.803807,Technical,Completed,High
C0483,Quality Review,2026-05-10 02:26:30.089916,Quality,Completed,High
C0483,Technical Assessment,2026-05-10 12:20:56.943946,Technical,Completed,High
C0483,Quality Review,2026-05-11 16:57:48.906886,Quality,Completed,High
C0483,Decision,2026-05-11 23:20:54.450771,Quality,Completed,High
C0483,Customer Notification,2026-05-12 01:17:46.813704,Customer Service,Completed,High
C0483,Case Closed,2026-05-12 04:04:35.181267,Customer Service,Completed,High
C0484,Claim Received,2026-03-27 10:00:00.000000,Customer Service,Completed,Critical
C0484,Initial Review,2026-03-27 12:34:10.962249,Customer Service,Completed,Critical
C0484,Technical Assessment,2026-03-27 19:41:53.946435,Technical,Completed,Critical
C0484,Quality Review,2026-03-28 10:06:11.546705,Quality,Completed,Critical
C0484,Decision,2026-03-28 13:41:58.211178,Quality,Completed,Critical
C0484,Customer Notification,2026-03-28 14:55:50.736297,Customer Service,Completed,Critical
C0484,Case Closed,2026-03-28 17:53:30.242176,Customer Service,Completed,Critical
C0485,Claim Received,2026-05-21 14:00:00.000000,Customer Service,Completed,Critical
C0485,Initial Review,2026-05-21 15:20:36.691329,Customer Service,Completed,Critical
C0485,Technical Assessment,2026-05-22 00:16:32.611688,Technical,Completed,Critical
C0485,Quality Review,2026-05-22 10:58:06.537378,Quality,Completed,Critical
C0485,Technical Assessment,2026-05-22 14:56:59.142102,Technical,Completed,Critical
C0485,Quality Review,2026-05-22 23:17:27.124133,Quality,Completed,Critical
C0485,Decision,2026-05-23 01:28:19.866634,Quality,Completed,Critical
C0485,Customer Notification,2026-05-23 03:06:02.105626,Customer Service,Completed,Critical
C0485,Case Closed,2026-05-23 05:36:47.751704,Customer Service,Completed,Critical
C0486,Claim Received,2026-02-11 17:00:00.000000,Customer Service,Completed,Medium
C0486,Initial Review,2026-02-11 18:41:16.097271,Customer Service,Completed,Medium
C0486,Request Additional Information,2026-02-12 17:10:00.268655,Customer Service,Completed,Medium
C0486,Initial Review,2026-02-12 19:15:26.725170,Customer Service,Completed,Medium
C0486,Technical Assessment,2026-02-14 14:08:26.942329,Technical,Completed,Medium
C0486,Quality Review,2026-02-15 19:33:49.671347,Quality,Completed,Medium
C0486,Decision,2026-02-16 01:38:01.335957,Quality,Completed,Medium
C0486,Customer Notification,2026-02-16 03:04:35.474917,Customer Service,Completed,Medium
C0486,Case Closed,2026-02-16 06:12:43.474078,Customer Service,Completed,Medium
C0487,Claim Received,2026-05-02 10:00:00.000000,Customer Service,Completed,Low
C0487,Initial Review,2026-05-02 16:52:13.365045,Customer Service,Completed,Low
C0487,Technical Assessment,2026-05-03 06:19:46.884668,Technical,Completed,Low
C0487,Quality Review,2026-05-04 09:13:25.491517,Quality,Completed,Low
C0487,Technical Assessment,2026-05-05 02:09:45.340768,Technical,Completed,Low
C0487,Quality Review,2026-05-05 19:59:02.788302,Quality,Completed,Low
C0487,Decision,2026-05-06 00:33:48.502982,Quality,Completed,Low
C0487,Customer Notification,2026-05-06 02:23:03.934541,Customer Service,Completed,Low
C0487,Case Closed,2026-05-06 08:14:22.290425,Customer Service,Completed,Low
C0488,Claim Received,2026-04-29 18:00:00.000000,Customer Service,Completed,Low
C0488,Initial Review,2026-04-29 21:29:33.379860,Customer Service,Completed,Low
C0488,Request Additional Information,2026-05-04 02:22:47.765044,Customer Service,Completed,Low
C0488,Initial Review,2026-05-04 04:16:46.921942,Customer Service,Completed,Low
C0488,Technical Assessment,2026-05-04 19:51:19.358075,Technical,Completed,Low
C0488,Quality Review,2026-05-05 16:44:00.623027,Quality,Completed,Low
C0488,Decision,2026-05-06 02:14:32.717807,Quality,Completed,Low
C0488,Customer Notification,2026-05-06 05:56:23.404852,Customer Service,Completed,Low
C0488,Case Closed,2026-05-06 10:41:49.591384,Customer Service,Completed,Low
C0489,Claim Received,2026-03-18 17:00:00.000000,Customer Service,Completed,High
C0489,Initial Review,2026-03-18 18:18:03.404700,Customer Service,Completed,High
C0489,Technical Assessment,2026-03-19 05:29:42.536357,Technical,Completed,High
C0489,Quality Review,2026-03-20 01:24:55.301307,Quality,Completed,High
C0489,Technical Assessment,2026-03-20 12:27:49.215102,Technical,Completed,High
C0489,Quality Review,2026-03-21 13:45:32.246823,Quality,Completed,High
C0489,Technical Assessment,2026-03-21 22:53:45.381311,Technical,Completed,High
C0489,Quality Review,2026-03-23 00:34:08.770418,Quality,Completed,High
C0489,Decision,2026-03-23 06:05:58.111435,Quality,Completed,High
C0489,Customer Notification,2026-03-23 08:42:28.422419,Customer Service,Completed,High
C0489,Case Closed,2026-03-23 12:08:32.008707,Customer Service,Completed,High
C0490,Claim Received,2026-01-02 16:00:00.000000,Customer Service,Completed,High
C0490,Initial Review,2026-01-02 18:35:20.153446,Customer Service,Completed,High
C0490,Technical Assessment,2026-01-02 22:13:38.405695,Technical,Completed,High
C0490,Quality Review,2026-01-03 20:21:28.917081,Quality,Completed,High
C0490,Technical Assessment,2026-01-04 02:26:01.499811,Technical,Completed,High
C0490,Quality Review,2026-01-04 13:39:29.765677,Quality,Completed,High
C0490,Decision,2026-01-04 16:41:29.192175,Quality,Completed,High
C0490,Customer Notification,2026-01-04 17:54:11.843810,Customer Service,Completed,High
C0490,Case Closed,2026-01-04 21:20:09.338705,Customer Service,Completed,High
C0491,Claim Received,2026-03-17 18:00:00.000000,Customer Service,Completed,Critical
C0491,Initial Review,2026-03-17 19:50:06.921586,Customer Service,Completed,Critical
C0491,Technical Assessment,2026-03-18 01:16:06.080778,Technical,Completed,Critical
C0491,Quality Review,2026-03-18 18:11:51.913145,Quality,Completed,Critical
C0491,Decision,2026-03-18 21:00:58.572187,Quality,Completed,Critical
C0491,Customer Notification,2026-03-18 22:32:53.395856,Customer Service,Completed,Critical
C0491,Case Closed,2026-03-19 00:23:01.255777,Customer Service,Completed,Critical
C0492,Claim Received,2026-02-25 10:00:00.000000,Customer Service,Completed,High
C0492,Initial Review,2026-02-25 13:12:30.879173,Customer Service,Completed,High
C0492,Technical Assessment,2026-02-25 20:25:48.386514,Technical,Completed,High
C0492,Quality Review,2026-02-26 17:58:42.643285,Quality,Completed,High
C0492,Decision,2026-02-26 20:48:08.479457,Quality,Completed,High
C0492,Customer Notification,2026-02-26 23:46:16.101283,Customer Service,Completed,High
C0492,Case Closed,2026-02-27 00:54:14.959979,Customer Service,Completed,High
C0493,Claim Received,2026-05-18 11:00:00.000000,Customer Service,Completed,High
C0493,Initial Review,2026-05-18 12:04:56.035863,Customer Service,Completed,High
C0493,Technical Assessment,2026-05-19 02:25:48.921590,Technical,Completed,High
C0493,Quality Review,2026-05-19 15:43:43.328887,Quality,Completed,High
C0493,Decision,2026-05-19 20:29:01.784843,Quality,Completed,High
C0493,Customer Notification,2026-05-19 22:44:08.506984,Customer Service,Completed,High
C0493,Case Closed,2026-05-20 00:08:58.783288,Customer Service,Completed,High
C0494,Claim Received,2026-06-04 11:00:00.000000,Customer Service,Completed,Low
C0494,Initial Review,2026-06-04 12:39:54.531295,Customer Service,Completed,Low
C0494,Technical Assessment,2026-06-04 19:18:46.734507,Technical,Completed,Low
C0494,Quality Review,2026-06-05 11:36:45.400867,Quality,Completed,Low
C0494,Decision,2026-06-05 16:37:29.681910,Quality,Completed,Low
C0494,Customer Notification,2026-06-05 18:48:31.040821,Customer Service,Completed,Low
C0494,Case Closed,2026-06-06 02:28:20.643195,Customer Service,Completed,Low
C0495,Claim Received,2026-04-07 09:00:00.000000,Customer Service,Completed,Critical
C0495,Initial Review,2026-04-07 11:27:24.602568,Customer Service,Completed,Critical
C0495,Technical Assessment,2026-04-07 17:08:31.789537,Technical,Completed,Critical
C0495,Quality Review,2026-04-08 06:12:29.118092,Quality,Completed,Critical
C0495,Decision,2026-04-08 07:29:40.956111,Quality,Completed,Critical
C0495,Customer Notification,2026-04-08 08:51:10.609715,Customer Service,Completed,Critical
C0495,Case Closed,2026-04-08 10:01:50.095417,Customer Service,Completed,Critical
C0496,Claim Received,2026-04-10 10:00:00.000000,Customer Service,Completed,Medium
C0496,Initial Review,2026-04-10 12:43:33.111986,Customer Service,Completed,Medium
C0496,Technical Assessment,2026-04-11 06:16:40.326287,Technical,Completed,Medium
C0496,Quality Review,2026-04-12 08:32:55.233228,Quality,Completed,Medium
C0496,Decision,2026-04-12 13:24:35.449593,Quality,Completed,Medium
C0496,Customer Notification,2026-04-12 14:26:18.022256,Customer Service,Completed,Medium
C0496,Case Closed,2026-04-12 16:12:56.865341,Customer Service,Completed,Medium
C0497,Claim Received,2026-01-14 18:00:00.000000,Customer Service,Completed,High
C0497,Initial Review,2026-01-14 22:41:52.797794,Customer Service,Completed,High
C0497,Technical Assessment,2026-01-15 04:41:16.978620,Technical,Completed,High
C0497,Quality Review,2026-01-16 03:51:30.079651,Quality,Completed,High
C0497,Decision,2026-01-16 10:11:32.415293,Quality,Completed,High
C0497,Customer Notification,2026-01-16 12:11:51.675975,Customer Service,Completed,High
C0497,Case Closed,2026-01-16 14:42:31.493166,Customer Service,Completed,High
C0498,Claim Received,2026-03-20 18:00:00.000000,Customer Service,Completed,High
C0498,Initial Review,2026-03-20 22:13:54.069230,Customer Service,Completed,High
C0498,Technical Assessment,2026-03-21 05:59:04.745340,Technical,Completed,High
C0498,Quality Review,2026-03-21 17:18:55.263150,Quality,Completed,High
C0498,Technical Assessment,2026-03-22 04:41:26.969322,Technical,Completed,High
C0498,Quality Review,2026-03-22 17:27:39.588561,Quality,Completed,High
C0498,Decision,2026-03-22 22:37:45.703977,Quality,Completed,High
C0498,Customer Notification,2026-03-23 00:36:43.932584,Customer Service,Completed,High
C0498,Case Closed,2026-03-23 05:15:39.127755,Customer Service,Completed,High
C0499,Claim Received,2026-05-03 15:00:00.000000,Customer Service,Completed,High
C0499,Initial Review,2026-05-03 17:51:36.165413,Customer Service,Completed,High
C0499,Technical Assessment,2026-05-04 07:00:23.572537,Technical,Completed,High
C0499,Quality Review,2026-05-05 00:23:29.759277,Quality,Completed,High
C0499,Decision,2026-05-05 06:21:49.876366,Quality,Completed,High
C0499,Customer Notification,2026-05-05 08:52:40.219397,Customer Service,Completed,High
C0499,Case Closed,2026-05-05 12:40:35.437914,Customer Service,Completed,High
C0500,Claim Received,2026-05-16 18:00:00.000000,Customer Service,Completed,Critical
C0500,Initial Review,2026-05-16 20:01:22.742476,Customer Service,Completed,Critical
C0500,Request Additional Information,2026-05-17 19:23:11.892943,Customer Service,Completed,Critical
C0500,Initial Review,2026-05-17 22:05:29.268033,Customer Service,Completed,Critical
C0500,Technical Assessment,2026-05-18 01:40:00.996197,Technical,Completed,Critical
C0500,Quality Review,2026-05-18 17:44:23.462194,Quality,Completed,Critical
C0500,Decision,2026-05-18 21:35:50.285098,Quality,Completed,Critical
C0500,Customer Notification,2026-05-18 22:39:57.396834,Customer Service,Completed,Critical
C0500,Case Closed,2026-05-18 23:26:56.498417,Customer Service,Completed,Critical
C0501,Claim Received,2026-01-31 12:00:00.000000,Customer Service,Completed,Medium
C0501,Initial Review,2026-01-31 14:29:45.203873,Customer Service,Completed,Medium
C0501,Technical Assessment,2026-01-31 21:28:43.727482,Technical,Completed,Medium
C0501,Quality Review,2026-02-01 23:07:51.671494,Quality,Completed,Medium
C0501,Decision,2026-02-02 02:57:35.779162,Quality,Completed,Medium
C0501,Customer Notification,2026-02-02 05:53:19.894425,Customer Service,Completed,Medium
C0501,Case Closed,2026-02-02 07:03:57.618712,Customer Service,Completed,Medium
C0502,Claim Received,2026-04-02 08:00:00.000000,Customer Service,Completed,Medium
C0502,Initial Review,2026-04-02 12:04:39.544472,Customer Service,Completed,Medium
C0502,Technical Assessment,2026-04-03 14:56:28.127423,Technical,Completed,Medium
C0502,Quality Review,2026-04-05 00:18:21.085723,Quality,Completed,Medium
C0502,Decision,2026-04-05 04:25:58.983918,Quality,Completed,Medium
C0502,Customer Notification,2026-04-05 06:54:33.082006,Customer Service,Completed,Medium
C0502,Case Closed,2026-04-05 10:28:50.816798,Customer Service,Completed,Medium
C0503,Claim Received,2026-02-09 18:00:00.000000,Customer Service,Completed,Medium
C0503,Initial Review,2026-02-09 20:15:02.425552,Customer Service,Completed,Medium
C0503,Technical Assessment,2026-02-10 05:29:27.622715,Technical,Completed,Medium
C0503,Quality Review,2026-02-11 14:54:13.131250,Quality,Completed,Medium
C0503,Decision,2026-02-11 18:31:13.935422,Quality,Completed,Medium
C0503,Customer Notification,2026-02-11 21:29:21.755584,Customer Service,Completed,Medium
C0503,Case Closed,2026-02-11 23:11:19.494808,Customer Service,Completed,Medium
C0504,Claim Received,2026-02-20 09:00:00.000000,Customer Service,Completed,High
C0504,Initial Review,2026-02-20 13:40:29.297374,Customer Service,Completed,High
C0504,Technical Assessment,2026-02-20 21:17:37.392307,Technical,Completed,High
C0504,Quality Review,2026-02-22 00:11:34.360955,Quality,Completed,High
C0504,Decision,2026-02-22 02:44:52.941404,Quality,Completed,High
C0504,Customer Notification,2026-02-22 05:08:40.640020,Customer Service,Completed,High
C0504,Case Closed,2026-02-22 07:37:44.412667,Customer Service,Completed,High
C0505,Claim Received,2026-03-25 14:00:00.000000,Customer Service,Completed,High
C0505,Initial Review,2026-03-25 16:48:26.763589,Customer Service,Completed,High
C0505,Request Additional Information,2026-03-27 02:41:15.526472,Customer Service,Completed,High
C0505,Initial Review,2026-03-27 03:55:35.678562,Customer Service,Completed,High
C0505,Technical Assessment,2026-03-27 07:21:48.535536,Technical,Completed,High
C0505,Quality Review,2026-03-28 02:33:48.599916,Quality,Completed,High
C0505,Decision,2026-03-28 05:17:55.405195,Quality,Completed,High
C0505,Customer Notification,2026-03-28 06:55:11.503419,Customer Service,Completed,High
C0505,Case Closed,2026-03-28 10:40:10.517826,Customer Service,Completed,High
C0506,Claim Received,2026-04-20 11:00:00.000000,Customer Service,Completed,Medium
C0506,Initial Review,2026-04-20 15:05:17.036885,Customer Service,Completed,Medium
C0506,Technical Assessment,2026-04-20 21:42:14.792749,Technical,Completed,Medium
C0506,Quality Review,2026-04-21 12:27:52.519970,Quality,Completed,Medium
C0506,Decision,2026-04-21 18:40:13.164501,Quality,Completed,Medium
C0506,Customer Notification,2026-04-21 20:57:28.080918,Customer Service,Completed,Medium
C0506,Case Closed,2026-04-22 01:52:16.985497,Customer Service,Completed,Medium
C0507,Claim Received,2026-02-18 17:00:00.000000,Customer Service,Completed,Medium
C0507,Initial Review,2026-02-18 21:08:40.342358,Customer Service,Completed,Medium
C0507,Request Additional Information,2026-02-19 13:28:52.112484,Customer Service,Completed,Medium
C0507,Initial Review,2026-02-19 15:51:01.621988,Customer Service,Completed,Medium
C0507,Technical Assessment,2026-02-20 09:59:28.442652,Technical,Completed,Medium
C0507,Quality Review,2026-02-21 02:46:57.640480,Quality,Completed,Medium
C0507,Decision,2026-02-21 07:03:53.257702,Quality,Completed,Medium
C0507,Customer Notification,2026-02-21 10:09:54.973406,Customer Service,Completed,Medium
C0507,Case Closed,2026-02-21 12:16:26.927659,Customer Service,Completed,Medium
C0508,Claim Received,2026-01-14 12:00:00.000000,Customer Service,Completed,Medium
C0508,Initial Review,2026-01-14 13:33:00.989090,Customer Service,Completed,Medium
C0508,Technical Assessment,2026-01-15 06:45:08.125947,Technical,Completed,Medium
C0508,Quality Review,2026-01-16 00:40:46.216167,Quality,Completed,Medium
C0508,Decision,2026-01-16 09:57:03.721406,Quality,Completed,Medium
C0508,Customer Notification,2026-01-16 12:55:56.373585,Customer Service,Completed,Medium
C0508,Case Closed,2026-01-16 15:21:32.079045,Customer Service,Completed,Medium
C0509,Claim Received,2026-03-06 15:00:00.000000,Customer Service,Completed,Medium
C0509,Initial Review,2026-03-06 17:49:04.462368,Customer Service,Completed,Medium
C0509,Technical Assessment,2026-03-07 09:53:13.810177,Technical,Completed,Medium
C0509,Quality Review,2026-03-08 11:07:46.584964,Quality,Completed,Medium
C0509,Decision,2026-03-08 15:07:00.758408,Quality,Completed,Medium
C0509,Customer Notification,2026-03-08 17:12:03.716014,Customer Service,Completed,Medium
C0509,Case Closed,2026-03-08 20:50:43.233159,Customer Service,Completed,Medium
C0510,Claim Received,2026-04-09 09:00:00.000000,Customer Service,Completed,Medium
C0510,Initial Review,2026-04-09 14:26:09.488397,Customer Service,Completed,Medium
C0510,Request Additional Information,2026-04-11 05:10:08.820200,Customer Service,Completed,Medium
C0510,Initial Review,2026-04-11 09:06:06.926410,Customer Service,Completed,Medium
C0510,Technical Assessment,2026-04-11 22:15:46.426450,Technical,Completed,Medium
C0510,Quality Review,2026-04-13 03:10:29.055106,Quality,Completed,Medium
C0510,Decision,2026-04-13 05:37:26.454491,Quality,Completed,Medium
C0510,Customer Notification,2026-04-13 07:39:09.752554,Customer Service,Completed,Medium
C0510,Case Closed,2026-04-13 13:36:03.355625,Customer Service,Completed,Medium
C0511,Claim Received,2026-02-19 14:00:00.000000,Customer Service,Completed,Low
C0511,Initial Review,2026-02-19 18:30:10.706731,Customer Service,Completed,Low
C0511,Request Additional Information,2026-02-21 22:47:33.464001,Customer Service,Completed,Low
C0511,Initial Review,2026-02-22 05:26:00.664709,Customer Service,Completed,Low
C0511,Technical Assessment,2026-02-23 01:16:05.004638,Technical,Completed,Low
C0511,Quality Review,2026-02-24 12:19:37.351311,Quality,Completed,Low
C0511,Decision,2026-02-24 15:12:52.355524,Quality,Completed,Low
C0511,Customer Notification,2026-02-24 19:46:02.422483,Customer Service,Completed,Low
C0511,Case Closed,2026-02-24 21:05:54.920289,Customer Service,Completed,Low
C0512,Claim Received,2026-01-12 17:00:00.000000,Customer Service,Completed,Low
C0512,Initial Review,2026-01-12 18:33:53.137242,Customer Service,Completed,Low
C0512,Request Additional Information,2026-01-13 17:10:51.628625,Customer Service,Completed,Low
C0512,Initial Review,2026-01-13 21:21:04.188079,Customer Service,Completed,Low
C0512,Technical Assessment,2026-01-14 10:46:39.923959,Technical,Completed,Low
C0512,Quality Review,2026-01-15 13:47:05.319694,Quality,Completed,Low
C0512,Decision,2026-01-15 20:14:05.283152,Quality,Completed,Low
C0512,Customer Notification,2026-01-15 23:37:14.833348,Customer Service,Completed,Low
C0512,Case Closed,2026-01-16 00:50:32.605151,Customer Service,Completed,Low
C0513,Claim Received,2026-05-12 15:00:00.000000,Customer Service,Completed,Low
C0513,Initial Review,2026-05-12 19:13:22.463718,Customer Service,Completed,Low
C0513,Technical Assessment,2026-05-13 04:22:16.781391,Technical,Completed,Low
C0513,Quality Review,2026-05-14 03:18:23.768442,Quality,Completed,Low
C0513,Decision,2026-05-14 06:33:50.928459,Quality,Completed,Low
C0513,Customer Notification,2026-05-14 09:41:05.941113,Customer Service,Completed,Low
C0513,Case Closed,2026-05-14 14:43:21.632524,Customer Service,Completed,Low
C0514,Claim Received,2026-01-14 18:00:00.000000,Customer Service,Completed,Low
C0514,Initial Review,2026-01-15 01:04:48.511091,Customer Service,Completed,Low
C0514,Technical Assessment,2026-01-15 09:24:27.640971,Technical,Completed,Low
C0514,Quality Review,2026-01-16 18:29:19.206457,Quality,Completed,Low
C0514,Decision,2026-01-17 03:53:19.113295,Quality,Completed,Low
C0514,Customer Notification,2026-01-17 08:29:44.817938,Customer Service,Completed,Low
C0514,Case Closed,2026-01-17 11:16:48.042642,Customer Service,Completed,Low
C0515,Claim Received,2026-01-15 18:00:00.000000,Customer Service,Completed,Medium
C0515,Initial Review,2026-01-15 23:04:46.598809,Customer Service,Completed,Medium
C0515,Technical Assessment,2026-01-16 06:08:58.290282,Technical,Completed,Medium
C0515,Quality Review,2026-01-16 22:23:28.214944,Quality,Completed,Medium
C0515,Technical Assessment,2026-01-17 09:54:52.605158,Technical,Completed,Medium
C0515,Quality Review,2026-01-18 16:35:27.874951,Quality,Completed,Medium
C0515,Decision,2026-01-18 19:13:47.037974,Quality,Completed,Medium
C0515,Customer Notification,2026-01-18 21:22:32.432532,Customer Service,Completed,Medium
C0515,Case Closed,2026-01-19 02:43:32.896724,Customer Service,Completed,Medium
C0516,Claim Received,2026-02-26 13:00:00.000000,Customer Service,Completed,High
C0516,Initial Review,2026-02-26 14:52:30.626436,Customer Service,Completed,High
C0516,Technical Assessment,2026-02-27 03:07:18.419424,Technical,Completed,High
C0516,Quality Review,2026-02-27 15:42:36.358325,Quality,Completed,High
C0516,Decision,2026-02-27 20:47:46.582547,Quality,Completed,High
C0516,Customer Notification,2026-02-27 23:45:41.315306,Customer Service,Completed,High
C0516,Case Closed,2026-02-28 01:17:15.110338,Customer Service,Completed,High
C0517,Claim Received,2026-05-06 10:00:00.000000,Customer Service,Completed,Medium
C0517,Initial Review,2026-05-06 22:42:48.470672,Customer Service,Completed,Medium
C0517,Technical Assessment,2026-05-07 04:59:39.570569,Technical,Completed,Medium
C0517,Quality Review,2026-05-08 02:27:18.220313,Quality,Completed,Medium
C0517,Technical Assessment,2026-05-08 07:25:38.707945,Technical,Completed,Medium
C0517,Quality Review,2026-05-09 01:18:48.639249,Quality,Completed,Medium
C0517,Decision,2026-05-09 09:08:08.965294,Quality,Completed,Medium
C0517,Customer Notification,2026-05-09 11:42:58.173634,Customer Service,Completed,Medium
C0517,Case Closed,2026-05-09 16:45:22.042714,Customer Service,Completed,Medium
C0518,Claim Received,2026-01-04 18:00:00.000000,Customer Service,Completed,Low
C0518,Initial Review,2026-01-05 00:48:29.039082,Customer Service,Completed,Low
C0518,Technical Assessment,2026-01-05 18:32:45.753116,Technical,Completed,Low
C0518,Quality Review,2026-01-07 11:58:39.634359,Quality,Completed,Low
C0518,Decision,2026-01-08 12:17:36.692135,Quality,Completed,Low
C0518,Customer Notification,2026-01-08 16:20:36.614769,Customer Service,Completed,Low
C0518,Case Closed,2026-01-08 22:27:10.930544,Customer Service,Completed,Low
C0519,Claim Received,2026-05-25 15:00:00.000000,Customer Service,Completed,Low
C0519,Initial Review,2026-05-25 21:05:34.042326,Customer Service,Completed,Low
C0519,Technical Assessment,2026-05-26 09:56:18.421361,Technical,Completed,Low
C0519,Quality Review,2026-05-27 15:59:31.242511,Quality,Completed,Low
C0519,Decision,2026-05-28 10:56:02.582063,Quality,Completed,Low
C0519,Customer Notification,2026-05-28 12:17:39.637048,Customer Service,Completed,Low
C0519,Case Closed,2026-05-28 14:06:35.064583,Customer Service,Completed,Low
C0520,Claim Received,2026-02-27 08:00:00.000000,Customer Service,Completed,Low
C0520,Initial Review,2026-02-27 10:33:36.183047,Customer Service,Completed,Low
C0520,Technical Assessment,2026-02-27 21:17:44.366519,Technical,Completed,Low
C0520,Quality Review,2026-03-01 14:14:25.280856,Quality,Completed,Low
C0520,Decision,2026-03-01 21:35:06.263049,Quality,Completed,Low
C0520,Customer Notification,2026-03-02 02:01:51.188938,Customer Service,Completed,Low
C0520,Case Closed,2026-03-02 09:10:31.778893,Customer Service,Completed,Low
C0521,Claim Received,2026-01-20 17:00:00.000000,Customer Service,Completed,Medium
C0521,Initial Review,2026-01-20 19:40:07.046224,Customer Service,Completed,Medium
C0521,Technical Assessment,2026-01-21 12:36:52.038441,Technical,Completed,Medium
C0521,Quality Review,2026-01-22 01:39:17.204917,Quality,Completed,Medium
C0521,Technical Assessment,2026-01-22 11:39:20.076475,Technical,Completed,Medium
C0521,Quality Review,2026-01-23 04:00:30.054601,Quality,Completed,Medium
C0521,Technical Assessment,2026-01-23 20:30:43.179222,Technical,Completed,Medium
C0521,Quality Review,2026-01-24 23:30:22.293923,Quality,Completed,Medium
C0521,Decision,2026-01-25 06:45:30.980756,Quality,Completed,Medium
C0521,Customer Notification,2026-01-25 09:15:22.889202,Customer Service,Completed,Medium
C0521,Case Closed,2026-01-25 11:35:00.106744,Customer Service,Completed,Medium
C0522,Claim Received,2026-02-08 18:00:00.000000,Customer Service,Completed,High
C0522,Initial Review,2026-02-08 19:23:10.882865,Customer Service,Completed,High
C0522,Request Additional Information,2026-02-09 17:51:04.261184,Customer Service,Completed,High
C0522,Initial Review,2026-02-09 22:33:23.546340,Customer Service,Completed,High
C0522,Technical Assessment,2026-02-10 03:01:26.320204,Technical,Completed,High
C0522,Quality Review,2026-02-11 02:34:36.358418,Quality,Completed,High
C0522,Decision,2026-02-11 05:43:38.721379,Quality,Completed,High
C0522,Customer Notification,2026-02-11 08:22:10.227353,Customer Service,Completed,High
C0522,Case Closed,2026-02-11 11:08:46.800613,Customer Service,Completed,High
C0523,Claim Received,2026-06-12 13:00:00.000000,Customer Service,Completed,Medium
C0523,Initial Review,2026-06-12 14:41:27.982992,Customer Service,Completed,Medium
C0523,Technical Assessment,2026-06-13 07:35:36.870123,Technical,Completed,Medium
C0523,Quality Review,2026-06-14 08:46:39.782263,Quality,Completed,Medium
C0523,Technical Assessment,2026-06-14 19:40:26.893129,Technical,Completed,Medium
C0523,Quality Review,2026-06-15 13:11:48.787226,Quality,Completed,Medium
C0523,Technical Assessment,2026-06-16 03:12:20.808293,Technical,Completed,Medium
C0523,Quality Review,2026-06-17 09:50:38.405289,Quality,Completed,Medium
C0523,Decision,2026-06-17 13:09:36.019456,Quality,Completed,Medium
C0523,Customer Notification,2026-06-17 15:14:42.481309,Customer Service,Completed,Medium
C0523,Case Closed,2026-06-17 20:29:53.193276,Customer Service,Completed,Medium
C0524,Claim Received,2026-01-29 08:00:00.000000,Customer Service,Completed,Low
C0524,Initial Review,2026-01-29 14:40:05.417643,Customer Service,Completed,Low
C0524,Technical Assessment,2026-01-30 09:44:12.842846,Technical,Completed,Low
C0524,Quality Review,2026-01-31 04:09:00.575837,Quality,Completed,Low
C0524,Decision,2026-01-31 12:33:50.316388,Quality,Completed,Low
C0524,Customer Notification,2026-01-31 17:07:00.505684,Customer Service,Completed,Low
C0524,Case Closed,2026-01-31 19:34:52.432847,Customer Service,Completed,Low
C0525,Claim Received,2026-06-28 10:00:00.000000,Customer Service,Completed,Low
C0525,Initial Review,2026-06-28 20:23:39.458753,Customer Service,Completed,Low
C0525,Request Additional Information,2026-07-01 04:28:42.758462,Customer Service,Completed,Low
C0525,Initial Review,2026-07-01 09:53:13.036553,Customer Service,Completed,Low
C0525,Technical Assessment,2026-07-01 15:55:34.664034,Technical,Completed,Low
C0525,Quality Review,2026-07-06 14:20:07.823027,Quality,Completed,Low
C0525,Decision,2026-07-06 19:21:54.953165,Quality,Completed,Low
C0525,Customer Notification,2026-07-06 20:50:33.719408,Customer Service,Completed,Low
C0525,Case Closed,2026-07-07 02:55:29.882600,Customer Service,Completed,Low
C0526,Claim Received,2026-05-16 12:00:00.000000,Customer Service,Completed,High
C0526,Initial Review,2026-05-16 14:40:50.656809,Customer Service,Completed,High
C0526,Technical Assessment,2026-05-16 22:51:11.673832,Technical,Completed,High
C0526,Quality Review,2026-05-17 08:42:24.708915,Quality,Completed,High
C0526,Decision,2026-05-17 10:35:41.522717,Quality,Completed,High
C0526,Customer Notification,2026-05-17 12:50:41.582611,Customer Service,Completed,High
C0526,Case Closed,2026-05-17 14:17:10.605158,Customer Service,Completed,High
C0527,Claim Received,2026-04-27 16:00:00.000000,Customer Service,Completed,Critical
C0527,Initial Review,2026-04-27 18:16:42.660895,Customer Service,Completed,Critical
C0527,Technical Assessment,2026-04-28 00:16:58.702262,Technical,Completed,Critical
C0527,Quality Review,2026-04-28 09:00:38.704012,Quality,Completed,Critical
C0527,Decision,2026-04-28 10:49:34.442180,Quality,Completed,Critical
C0527,Customer Notification,2026-04-28 11:53:33.267693,Customer Service,Completed,Critical
C0527,Case Closed,2026-04-28 14:15:01.480340,Customer Service,Completed,Critical
C0528,Claim Received,2026-05-24 17:00:00.000000,Customer Service,Completed,Medium
C0528,Initial Review,2026-05-24 22:12:30.833811,Customer Service,Completed,Medium
C0528,Technical Assessment,2026-05-25 08:46:00.013034,Technical,Completed,Medium
C0528,Quality Review,2026-05-26 12:10:19.381118,Quality,Completed,Medium
C0528,Decision,2026-05-26 15:09:39.587284,Quality,Completed,Medium
C0528,Customer Notification,2026-05-26 18:06:03.376998,Customer Service,Completed,Medium
C0528,Case Closed,2026-05-26 19:38:34.592875,Customer Service,Completed,Medium
C0529,Claim Received,2026-01-08 11:00:00.000000,Customer Service,Completed,High
C0529,Initial Review,2026-01-08 12:55:43.779813,Customer Service,Completed,High
C0529,Technical Assessment,2026-01-08 16:51:37.448633,Technical,Completed,High
C0529,Quality Review,2026-01-09 16:59:08.210591,Quality,Completed,High
C0529,Decision,2026-01-09 21:14:01.437589,Quality,Completed,High
C0529,Customer Notification,2026-01-09 22:06:41.086669,Customer Service,Completed,High
C0529,Case Closed,2026-01-10 02:49:05.035981,Customer Service,Completed,High
C0530,Claim Received,2026-01-12 08:00:00.000000,Customer Service,Completed,High
C0530,Initial Review,2026-01-12 10:03:29.956208,Customer Service,Completed,High
C0530,Technical Assessment,2026-01-12 13:21:11.818633,Technical,Completed,High
C0530,Quality Review,2026-01-13 04:22:31.457303,Quality,Completed,High
C0530,Decision,2026-01-13 06:54:39.047752,Quality,Completed,High
C0530,Customer Notification,2026-01-13 09:27:08.993151,Customer Service,Completed,High
C0530,Case Closed,2026-01-13 13:03:47.251223,Customer Service,Completed,High
C0531,Claim Received,2026-01-26 16:00:00.000000,Customer Service,Completed,High
C0531,Initial Review,2026-01-26 20:01:47.918398,Customer Service,Completed,High
C0531,Technical Assessment,2026-01-27 05:48:22.834933,Technical,Completed,High
C0531,Quality Review,2026-01-28 02:39:51.913959,Quality,Completed,High
C0531,Decision,2026-01-28 05:39:25.176862,Quality,Completed,High
C0531,Customer Notification,2026-01-28 07:34:06.414629,Customer Service,Completed,High
C0531,Case Closed,2026-01-28 08:44:29.803086,Customer Service,Completed,High
C0532,Claim Received,2026-06-17 10:00:00.000000,Customer Service,Completed,High
C0532,Initial Review,2026-06-17 13:52:31.090298,Customer Service,Completed,High
C0532,Technical Assessment,2026-06-18 03:52:06.158222,Technical,Completed,High
C0532,Quality Review,2026-06-19 03:27:35.328839,Quality,Completed,High
C0532,Technical Assessment,2026-06-19 17:04:42.089681,Technical,Completed,High
C0532,Quality Review,2026-06-20 17:45:25.610142,Quality,Completed,High
C0532,Decision,2026-06-20 21:05:11.876769,Quality,Completed,High
C0532,Customer Notification,2026-06-20 22:55:14.865260,Customer Service,Completed,High
C0532,Case Closed,2026-06-21 02:49:02.985272,Customer Service,Completed,High
C0533,Claim Received,2026-01-20 10:00:00.000000,Customer Service,Completed,Medium
C0533,Initial Review,2026-01-20 13:50:04.215506,Customer Service,Completed,Medium
C0533,Technical Assessment,2026-01-21 05:55:32.009230,Technical,Completed,Medium
C0533,Quality Review,2026-01-22 12:19:01.825197,Quality,Completed,Medium
C0533,Decision,2026-01-22 19:31:20.552601,Quality,Completed,Medium
C0533,Customer Notification,2026-01-22 23:12:28.008922,Customer Service,Completed,Medium
C0533,Case Closed,2026-01-23 02:28:54.550357,Customer Service,Completed,Medium
C0534,Claim Received,2026-05-28 13:00:00.000000,Customer Service,Completed,Low
C0534,Initial Review,2026-05-28 16:19:12.759097,Customer Service,Completed,Low
C0534,Technical Assessment,2026-05-29 09:03:33.175426,Technical,Completed,Low
C0534,Quality Review,2026-05-31 03:51:36.513747,Quality,Completed,Low
C0534,Decision,2026-05-31 11:45:17.267650,Quality,Completed,Low
C0534,Customer Notification,2026-05-31 16:16:54.391257,Customer Service,Completed,Low
C0534,Case Closed,2026-05-31 23:18:42.693198,Customer Service,Completed,Low
C0535,Claim Received,2026-04-15 17:00:00.000000,Customer Service,Completed,Medium
C0535,Initial Review,2026-04-15 22:35:08.522095,Customer Service,Completed,Medium
C0535,Technical Assessment,2026-04-16 07:43:11.828296,Technical,Completed,Medium
C0535,Quality Review,2026-04-17 18:34:08.512730,Quality,Completed,Medium
C0535,Decision,2026-04-18 00:39:44.052102,Quality,Completed,Medium
C0535,Customer Notification,2026-04-18 02:27:02.588376,Customer Service,Completed,Medium
C0535,Case Closed,2026-04-18 06:51:48.588932,Customer Service,Completed,Medium
C0536,Claim Received,2026-03-04 16:00:00.000000,Customer Service,Completed,High
C0536,Initial Review,2026-03-04 16:49:54.378421,Customer Service,Completed,High
C0536,Technical Assessment,2026-03-04 23:17:13.813820,Technical,Completed,High
C0536,Quality Review,2026-03-05 16:33:12.076474,Quality,Completed,High
C0536,Decision,2026-03-05 20:01:00.569896,Quality,Completed,High
C0536,Customer Notification,2026-03-05 21:02:28.436854,Customer Service,Completed,High
C0536,Case Closed,2026-03-06 00:24:40.213404,Customer Service,Completed,High
C0537,Claim Received,2026-01-28 14:00:00.000000,Customer Service,Completed,Low
C0537,Initial Review,2026-01-28 19:48:33.479649,Customer Service,Completed,Low
C0537,Technical Assessment,2026-01-29 06:07:54.503784,Technical,Completed,Low
C0537,Quality Review,2026-01-31 01:13:45.219688,Quality,Completed,Low
C0537,Decision,2026-01-31 08:41:08.598222,Quality,Completed,Low
C0537,Customer Notification,2026-01-31 15:17:31.820662,Customer Service,Completed,Low
C0537,Case Closed,2026-01-31 17:25:35.828800,Customer Service,Completed,Low
C0538,Claim Received,2026-01-09 17:00:00.000000,Customer Service,Completed,Medium
C0538,Initial Review,2026-01-09 21:52:15.699424,Customer Service,Completed,Medium
C0538,Technical Assessment,2026-01-10 13:11:25.791947,Technical,Completed,Medium
C0538,Quality Review,2026-01-12 00:40:33.447119,Quality,Completed,Medium
C0538,Decision,2026-01-12 10:28:58.186238,Quality,Completed,Medium
C0538,Customer Notification,2026-01-12 13:45:31.243282,Customer Service,Completed,Medium
C0538,Case Closed,2026-01-12 16:01:08.526475,Customer Service,Completed,Medium
C0539,Claim Received,2026-01-21 12:00:00.000000,Customer Service,Completed,Medium
C0539,Initial Review,2026-01-21 17:22:07.966017,Customer Service,Completed,Medium
C0539,Technical Assessment,2026-01-22 03:14:41.947792,Technical,Completed,Medium
C0539,Quality Review,2026-01-23 12:40:43.488634,Quality,Completed,Medium
C0539,Decision,2026-01-23 15:00:04.321942,Quality,Completed,Medium
C0539,Customer Notification,2026-01-23 17:17:12.492320,Customer Service,Completed,Medium
C0539,Case Closed,2026-01-23 19:46:16.782003,Customer Service,Completed,Medium
C0540,Claim Received,2026-05-18 10:00:00.000000,Customer Service,Completed,Medium
C0540,Initial Review,2026-05-18 15:49:40.617012,Customer Service,Completed,Medium
C0540,Technical Assessment,2026-05-19 08:36:15.547033,Technical,Completed,Medium
C0540,Quality Review,2026-05-20 16:21:24.103286,Quality,Completed,Medium
C0540,Technical Assessment,2026-05-21 08:52:10.579487,Technical,Completed,Medium
C0540,Quality Review,2026-05-22 14:12:53.905675,Quality,Completed,Medium
C0540,Decision,2026-05-22 17:04:57.638050,Quality,Completed,Medium
C0540,Customer Notification,2026-05-22 20:33:11.479324,Customer Service,Completed,Medium
C0540,Case Closed,2026-05-23 01:40:45.708113,Customer Service,Completed,Medium
C0541,Claim Received,2026-02-07 15:00:00.000000,Customer Service,Completed,High
C0541,Initial Review,2026-02-07 19:15:25.939420,Customer Service,Completed,High
C0541,Technical Assessment,2026-02-08 09:19:15.376769,Technical,Completed,High
C0541,Quality Review,2026-02-10 20:06:46.007310,Quality,Completed,High
C0541,Decision,2026-02-10 23:52:31.666268,Quality,Completed,High
C0541,Customer Notification,2026-02-11 00:58:37.862920,Customer Service,Completed,High
C0541,Case Closed,2026-02-11 05:39:18.051085,Customer Service,Completed,High
C0542,Claim Received,2026-04-18 16:00:00.000000,Customer Service,Completed,Critical
C0542,Initial Review,2026-04-18 18:26:09.459560,Customer Service,Completed,Critical
C0542,Technical Assessment,2026-04-18 21:56:56.119146,Technical,Completed,Critical
C0542,Quality Review,2026-04-19 06:14:34.188044,Quality,Completed,Critical
C0542,Decision,2026-04-19 10:06:29.316163,Quality,Completed,Critical
C0542,Customer Notification,2026-04-19 11:09:13.806212,Customer Service,Completed,Critical
C0542,Case Closed,2026-04-19 12:25:16.495009,Customer Service,Completed,Critical
C0543,Claim Received,2026-04-27 14:00:00.000000,Customer Service,Completed,Medium
C0543,Initial Review,2026-04-27 17:03:06.962595,Customer Service,Completed,Medium
C0543,Technical Assessment,2026-04-28 04:38:47.300210,Technical,Completed,Medium
C0543,Quality Review,2026-04-29 11:00:30.310699,Quality,Completed,Medium
C0543,Decision,2026-04-29 14:03:47.888887,Quality,Completed,Medium
C0543,Customer Notification,2026-04-29 15:35:38.356622,Customer Service,Completed,Medium
C0543,Case Closed,2026-04-29 19:18:28.088440,Customer Service,Completed,Medium
C0544,Claim Received,2026-04-22 18:00:00.000000,Customer Service,Completed,High
C0544,Initial Review,2026-04-22 19:55:58.776423,Customer Service,Completed,High
C0544,Technical Assessment,2026-04-23 09:29:40.243689,Technical,Completed,High
C0544,Quality Review,2026-04-24 14:12:19.749540,Quality,Completed,High
C0544,Technical Assessment,2026-04-24 18:34:05.450975,Technical,Completed,High
C0544,Quality Review,2026-04-25 16:00:01.367860,Quality,Completed,High
C0544,Decision,2026-04-25 19:58:59.245035,Quality,Completed,High
C0544,Customer Notification,2026-04-25 23:00:30.502812,Customer Service,Completed,High
C0544,Case Closed,2026-04-26 01:35:05.591145,Customer Service,Completed,High
C0545,Claim Received,2026-04-18 11:00:00.000000,Customer Service,Completed,Medium
C0545,Initial Review,2026-04-18 13:06:51.828676,Customer Service,Completed,Medium
C0545,Technical Assessment,2026-04-18 22:26:58.252163,Technical,Completed,Medium
C0545,Quality Review,2026-04-19 21:43:09.466712,Quality,Completed,Medium
C0545,Decision,2026-04-20 05:31:29.974516,Quality,Completed,Medium
C0545,Customer Notification,2026-04-20 07:45:49.669732,Customer Service,Completed,Medium
C0545,Case Closed,2026-04-20 12:16:58.698954,Customer Service,Completed,Medium
C0546,Claim Received,2026-02-27 16:00:00.000000,Customer Service,Completed,Medium
C0546,Initial Review,2026-02-27 18:25:04.879609,Customer Service,Completed,Medium
C0546,Technical Assessment,2026-02-28 02:07:15.632765,Technical,Completed,Medium
C0546,Quality Review,2026-03-01 09:12:15.574056,Quality,Completed,Medium
C0546,Decision,2026-03-01 12:39:13.149941,Quality,Completed,Medium
C0546,Customer Notification,2026-03-01 19:23:04.785725,Customer Service,Completed,Medium
C0546,Case Closed,2026-03-01 21:09:05.541996,Customer Service,Completed,Medium
C0547,Claim Received,2026-06-03 13:00:00.000000,Customer Service,Completed,High
C0547,Initial Review,2026-06-03 15:08:25.295109,Customer Service,Completed,High
C0547,Request Additional Information,2026-06-05 05:20:01.818774,Customer Service,Completed,High
C0547,Initial Review,2026-06-05 10:01:40.079426,Customer Service,Completed,High
C0547,Technical Assessment,2026-06-05 20:26:43.672746,Technical,Completed,High
C0547,Quality Review,2026-06-06 21:25:51.716134,Quality,Completed,High
C0547,Decision,2026-06-06 23:38:58.597759,Quality,Completed,High
C0547,Customer Notification,2026-06-07 02:47:42.950442,Customer Service,Completed,High
C0547,Case Closed,2026-06-07 07:12:43.018204,Customer Service,Completed,High
C0548,Claim Received,2026-02-02 16:00:00.000000,Customer Service,Completed,Low
C0548,Initial Review,2026-02-02 17:54:36.850928,Customer Service,Completed,Low
C0548,Technical Assessment,2026-02-03 05:17:45.747437,Technical,Completed,Low
C0548,Quality Review,2026-02-04 22:05:45.612197,Quality,Completed,Low
C0548,Decision,2026-02-05 01:38:28.270333,Quality,Completed,Low
C0548,Customer Notification,2026-02-05 06:14:54.002390,Customer Service,Completed,Low
C0548,Case Closed,2026-02-05 07:31:03.225843,Customer Service,Completed,Low
C0549,Claim Received,2026-05-20 09:00:00.000000,Customer Service,Completed,Medium
C0549,Initial Review,2026-05-20 20:34:36.867076,Customer Service,Completed,Medium
C0549,Technical Assessment,2026-05-21 10:51:18.992931,Technical,Completed,Medium
C0549,Quality Review,2026-05-22 14:04:56.609180,Quality,Completed,Medium
C0549,Decision,2026-05-22 17:12:06.200880,Quality,Completed,Medium
C0549,Customer Notification,2026-05-22 18:52:01.157296,Customer Service,Completed,Medium
C0549,Case Closed,2026-05-23 00:04:09.379571,Customer Service,Completed,Medium
C0550,Claim Received,2026-03-08 18:00:00.000000,Customer Service,Completed,Medium
C0550,Initial Review,2026-03-08 19:15:31.479595,Customer Service,Completed,Medium
C0550,Request Additional Information,2026-03-10 22:47:09.072729,Customer Service,Completed,Medium
C0550,Initial Review,2026-03-11 04:42:35.433843,Customer Service,Completed,Medium
C0550,Technical Assessment,2026-03-11 10:15:46.382406,Technical,Completed,Medium
C0550,Quality Review,2026-03-12 01:12:26.307921,Quality,Completed,Medium
C0550,Decision,2026-03-12 04:46:45.392880,Quality,Completed,Medium
C0550,Customer Notification,2026-03-12 06:00:41.112306,Customer Service,Completed,Medium
C0550,Case Closed,2026-03-12 11:34:30.056634,Customer Service,Completed,Medium
C0551,Claim Received,2026-04-16 09:00:00.000000,Customer Service,Completed,High
C0551,Initial Review,2026-04-16 11:44:45.849047,Customer Service,Completed,High
C0551,Technical Assessment,2026-04-16 17:18:04.982673,Technical,Completed,High
C0551,Quality Review,2026-04-17 19:59:01.981221,Quality,Completed,High
C0551,Decision,2026-04-17 23:44:53.162208,Quality,Completed,High
C0551,Customer Notification,2026-04-18 01:15:54.405259,Customer Service,Completed,High
C0551,Case Closed,2026-04-18 04:42:13.601325,Customer Service,Completed,High
C0552,Claim Received,2026-03-29 13:00:00.000000,Customer Service,Completed,Low
C0552,Initial Review,2026-03-29 17:06:12.477442,Customer Service,Completed,Low
C0552,Technical Assessment,2026-03-30 07:05:03.755473,Technical,Completed,Low
C0552,Quality Review,2026-03-31 18:50:42.882705,Quality,Completed,Low
C0552,Technical Assessment,2026-04-01 18:57:52.726616,Technical,Completed,Low
C0552,Quality Review,2026-04-02 10:01:41.324609,Quality,Completed,Low
C0552,Decision,2026-04-02 13:31:30.133359,Quality,Completed,Low
C0552,Customer Notification,2026-04-02 15:08:17.791762,Customer Service,Completed,Low
C0552,Case Closed,2026-04-02 18:18:12.649889,Customer Service,Completed,Low
C0553,Claim Received,2026-03-10 12:00:00.000000,Customer Service,Completed,Critical
C0553,Initial Review,2026-03-10 13:42:14.173849,Customer Service,Completed,Critical
C0553,Request Additional Information,2026-03-11 01:58:40.432853,Customer Service,Completed,Critical
C0553,Initial Review,2026-03-11 03:12:49.320750,Customer Service,Completed,Critical
C0553,Technical Assessment,2026-03-11 08:41:03.523726,Technical,Completed,Critical
C0553,Quality Review,2026-03-11 19:29:01.024676,Quality,Completed,Critical
C0553,Decision,2026-03-11 21:00:08.987443,Quality,Completed,Critical
C0553,Customer Notification,2026-03-11 22:50:00.487855,Customer Service,Completed,Critical
C0553,Case Closed,2026-03-12 00:18:55.921177,Customer Service,Completed,Critical
C0554,Claim Received,2026-02-22 15:00:00.000000,Customer Service,Completed,Medium
C0554,Initial Review,2026-02-22 18:10:02.490085,Customer Service,Completed,Medium
C0554,Request Additional Information,2026-02-24 03:38:06.830091,Customer Service,Completed,Medium
C0554,Initial Review,2026-02-24 06:13:44.306464,Customer Service,Completed,Medium
C0554,Technical Assessment,2026-02-24 15:35:29.817200,Technical,Completed,Medium
C0554,Quality Review,2026-02-25 12:03:41.716907,Quality,Completed,Medium
C0554,Decision,2026-02-25 18:58:39.497407,Quality,Completed,Medium
C0554,Customer Notification,2026-02-25 22:38:45.554016,Customer Service,Completed,Medium
C0554,Case Closed,2026-02-26 00:54:40.699910,Customer Service,Completed,Medium
C0555,Claim Received,2026-05-16 13:00:00.000000,Customer Service,Completed,High
C0555,Initial Review,2026-05-16 15:23:35.616020,Customer Service,Completed,High
C0555,Technical Assessment,2026-05-17 03:39:16.127644,Technical,Completed,High
C0555,Quality Review,2026-05-17 16:49:26.564954,Quality,Completed,High
C0555,Decision,2026-05-17 19:27:24.947316,Quality,Completed,High
C0555,Customer Notification,2026-05-17 20:36:18.090116,Customer Service,Completed,High
C0555,Case Closed,2026-05-17 21:26:36.805310,Customer Service,Completed,High
C0556,Claim Received,2026-05-26 13:00:00.000000,Customer Service,Completed,Medium
C0556,Initial Review,2026-05-26 18:29:37.391530,Customer Service,Completed,Medium
C0556,Request Additional Information,2026-05-27 20:22:29.969996,Customer Service,Completed,Medium
C0556,Initial Review,2026-05-28 00:00:40.692503,Customer Service,Completed,Medium
C0556,Technical Assessment,2026-05-28 07:54:14.335316,Technical,Completed,Medium
C0556,Quality Review,2026-05-29 17:06:16.650003,Quality,Completed,Medium
C0556,Decision,2026-05-29 19:33:12.852635,Quality,Completed,Medium
C0556,Customer Notification,2026-05-29 21:49:07.754156,Customer Service,Completed,Medium
C0556,Case Closed,2026-05-30 00:24:27.853461,Customer Service,Completed,Medium
C0557,Claim Received,2026-05-08 08:00:00.000000,Customer Service,Completed,High
C0557,Initial Review,2026-05-08 12:45:39.739917,Customer Service,Completed,High
C0557,Technical Assessment,2026-05-08 17:21:03.156739,Technical,Completed,High
C0557,Quality Review,2026-05-09 09:13:36.740131,Quality,Completed,High
C0557,Decision,2026-05-09 13:35:37.170904,Quality,Completed,High
C0557,Customer Notification,2026-05-09 15:56:18.450402,Customer Service,Completed,High
C0557,Case Closed,2026-05-09 20:41:24.999027,Customer Service,Completed,High
C0558,Claim Received,2026-04-14 08:00:00.000000,Customer Service,Completed,High
C0558,Initial Review,2026-04-14 12:22:59.945161,Customer Service,Completed,High
C0558,Technical Assessment,2026-04-14 16:01:17.273420,Technical,Completed,High
C0558,Quality Review,2026-04-15 02:57:17.941825,Quality,Completed,High
C0558,Decision,2026-04-15 08:24:25.371340,Quality,Completed,High
C0558,Customer Notification,2026-04-15 09:51:58.550779,Customer Service,Completed,High
C0558,Case Closed,2026-04-15 12:16:03.509312,Customer Service,Completed,High
C0559,Claim Received,2026-04-11 12:00:00.000000,Customer Service,Completed,Medium
C0559,Initial Review,2026-04-11 16:28:56.224900,Customer Service,Completed,Medium
C0559,Technical Assessment,2026-04-12 08:21:49.309465,Technical,Completed,Medium
C0559,Quality Review,2026-04-12 23:16:39.388052,Quality,Completed,Medium
C0559,Decision,2026-04-13 16:24:04.297752,Quality,Completed,Medium
C0559,Customer Notification,2026-04-13 19:49:54.127083,Customer Service,Completed,Medium
C0559,Case Closed,2026-04-13 21:21:26.569577,Customer Service,Completed,Medium
C0560,Claim Received,2026-02-13 09:00:00.000000,Customer Service,Completed,Medium
C0560,Initial Review,2026-02-13 10:57:20.874480,Customer Service,Completed,Medium
C0560,Request Additional Information,2026-02-14 12:14:07.661948,Customer Service,Completed,Medium
C0560,Initial Review,2026-02-14 18:10:59.832484,Customer Service,Completed,Medium
C0560,Technical Assessment,2026-02-15 10:20:07.782056,Technical,Completed,Medium
C0560,Quality Review,2026-02-16 17:10:26.946717,Quality,Completed,Medium
C0560,Decision,2026-02-17 00:51:25.275710,Quality,Completed,Medium
C0560,Customer Notification,2026-02-17 02:50:42.028632,Customer Service,Completed,Medium
C0560,Case Closed,2026-02-17 07:54:26.768106,Customer Service,Completed,Medium
C0561,Claim Received,2026-04-28 09:00:00.000000,Customer Service,Completed,Low
C0561,Initial Review,2026-04-28 10:57:27.836070,Customer Service,Completed,Low
C0561,Technical Assessment,2026-04-29 04:24:31.382407,Technical,Completed,Low
C0561,Quality Review,2026-04-30 22:37:29.286198,Quality,Completed,Low
C0561,Decision,2026-05-01 04:14:29.817068,Quality,Completed,Low
C0561,Customer Notification,2026-05-01 07:20:27.369575,Customer Service,Completed,Low
C0561,Case Closed,2026-05-01 12:30:30.779446,Customer Service,Completed,Low
C0562,Claim Received,2026-02-27 09:00:00.000000,Customer Service,Completed,High
C0562,Initial Review,2026-02-27 10:51:18.893284,Customer Service,Completed,High
C0562,Technical Assessment,2026-02-27 14:58:57.158413,Technical,Completed,High
C0562,Quality Review,2026-02-28 17:20:30.094005,Quality,Completed,High
C0562,Decision,2026-02-28 22:28:15.529863,Quality,Completed,High
C0562,Customer Notification,2026-02-28 23:27:29.594399,Customer Service,Completed,High
C0562,Case Closed,2026-03-01 02:34:53.125709,Customer Service,Completed,High
C0563,Claim Received,2026-02-18 15:00:00.000000,Customer Service,Completed,High
C0563,Initial Review,2026-02-18 16:13:05.299938,Customer Service,Completed,High
C0563,Technical Assessment,2026-02-19 02:01:55.191314,Technical,Completed,High
C0563,Quality Review,2026-02-20 04:06:51.865937,Quality,Completed,High
C0563,Decision,2026-02-20 07:12:40.209362,Quality,Completed,High
C0563,Customer Notification,2026-02-20 08:22:50.760075,Customer Service,Completed,High
C0563,Case Closed,2026-02-20 12:50:14.163886,Customer Service,Completed,High
C0564,Claim Received,2026-06-08 16:00:00.000000,Customer Service,Completed,Critical
C0564,Initial Review,2026-06-08 17:00:27.186547,Customer Service,Completed,Critical
C0564,Technical Assessment,2026-06-08 19:29:16.897166,Technical,Completed,Critical
C0564,Quality Review,2026-06-09 09:43:23.588361,Quality,Completed,Critical
C0564,Decision,2026-06-09 12:27:17.805011,Quality,Completed,Critical
C0564,Customer Notification,2026-06-09 13:38:46.957266,Customer Service,Completed,Critical
C0564,Case Closed,2026-06-09 15:58:22.335060,Customer Service,Completed,Critical
C0565,Claim Received,2026-05-02 18:00:00.000000,Customer Service,Completed,Medium
C0565,Initial Review,2026-05-02 21:39:15.937366,Customer Service,Completed,Medium
C0565,Technical Assessment,2026-05-03 03:18:39.577546,Technical,Completed,Medium
C0565,Quality Review,2026-05-03 23:49:02.056023,Quality,Completed,Medium
C0565,Decision,2026-05-04 04:11:55.700849,Quality,Completed,Medium
C0565,Customer Notification,2026-05-04 06:12:00.087499,Customer Service,Completed,Medium
C0565,Case Closed,2026-05-04 14:44:48.243965,Customer Service,Completed,Medium
C0566,Claim Received,2026-02-19 12:00:00.000000,Customer Service,Completed,Critical
C0566,Initial Review,2026-02-19 12:58:25.046703,Customer Service,Completed,Critical
C0566,Technical Assessment,2026-02-19 16:54:18.374339,Technical,Completed,Critical
C0566,Quality Review,2026-02-20 05:07:42.691822,Quality,Completed,Critical
C0566,Decision,2026-02-20 06:16:41.303477,Quality,Completed,Critical
C0566,Customer Notification,2026-02-20 06:56:41.150564,Customer Service,Completed,Critical
C0566,Case Closed,2026-02-20 09:40:56.676711,Customer Service,Completed,Critical
C0567,Claim Received,2026-03-12 11:00:00.000000,Customer Service,Completed,Medium
C0567,Initial Review,2026-03-12 16:24:46.805215,Customer Service,Completed,Medium
C0567,Technical Assessment,2026-03-13 02:04:36.598931,Technical,Completed,Medium
C0567,Quality Review,2026-03-13 19:21:14.947854,Quality,Completed,Medium
C0567,Decision,2026-03-14 01:30:15.317634,Quality,Completed,Medium
C0567,Customer Notification,2026-03-14 03:01:02.432120,Customer Service,Completed,Medium
C0567,Case Closed,2026-03-14 07:12:06.617948,Customer Service,Completed,Medium
C0568,Claim Received,2026-02-17 16:00:00.000000,Customer Service,Completed,Low
C0568,Initial Review,2026-02-17 22:38:48.100718,Customer Service,Completed,Low
C0568,Technical Assessment,2026-02-18 15:51:48.309303,Technical,Completed,Low
C0568,Quality Review,2026-02-20 02:04:33.505525,Quality,Completed,Low
C0568,Decision,2026-02-20 09:22:56.494730,Quality,Completed,Low
C0568,Customer Notification,2026-02-20 11:46:41.227630,Customer Service,Completed,Low
C0568,Case Closed,2026-02-20 18:45:05.677037,Customer Service,Completed,Low
C0569,Claim Received,2026-03-09 09:00:00.000000,Customer Service,Completed,Low
C0569,Initial Review,2026-03-09 11:13:27.662425,Customer Service,Completed,Low
C0569,Technical Assessment,2026-03-09 16:11:16.367188,Technical,Completed,Low
C0569,Quality Review,2026-03-13 04:19:36.500270,Quality,Completed,Low
C0569,Decision,2026-03-13 13:00:50.324781,Quality,Completed,Low
C0569,Customer Notification,2026-03-13 17:06:06.787863,Customer Service,Completed,Low
C0569,Case Closed,2026-03-13 22:22:55.787085,Customer Service,Completed,Low
C0570,Claim Received,2026-02-07 09:00:00.000000,Customer Service,Completed,Medium
C0570,Initial Review,2026-02-07 10:29:59.864348,Customer Service,Completed,Medium
C0570,Technical Assessment,2026-02-07 19:11:58.002861,Technical,Completed,Medium
C0570,Quality Review,2026-02-08 15:37:05.485216,Quality,Completed,Medium
C0570,Decision,2026-02-08 21:35:55.109280,Quality,Completed,Medium
C0570,Customer Notification,2026-02-08 23:58:29.617511,Customer Service,Completed,Medium
C0570,Case Closed,2026-02-09 02:28:50.030102,Customer Service,Completed,Medium
C0571,Claim Received,2026-06-02 15:00:00.000000,Customer Service,Completed,High
C0571,Initial Review,2026-06-02 16:15:03.759370,Customer Service,Completed,High
C0571,Technical Assessment,2026-06-04 02:19:08.711419,Technical,Completed,High
C0571,Quality Review,2026-06-05 06:42:32.131106,Quality,Completed,High
C0571,Decision,2026-06-05 11:28:25.991364,Quality,Completed,High
C0571,Customer Notification,2026-06-05 13:28:07.261844,Customer Service,Completed,High
C0571,Case Closed,2026-06-05 17:13:57.840828,Customer Service,Completed,High
C0572,Claim Received,2026-02-19 14:00:00.000000,Customer Service,Completed,High
C0572,Initial Review,2026-02-19 17:21:17.766041,Customer Service,Completed,High
C0572,Technical Assessment,2026-02-20 06:22:44.213568,Technical,Completed,High
C0572,Quality Review,2026-02-21 09:14:38.395518,Quality,Completed,High
C0572,Decision,2026-02-21 15:26:37.925364,Quality,Completed,High
C0572,Customer Notification,2026-02-21 16:52:50.198002,Customer Service,Completed,High
C0572,Case Closed,2026-02-21 21:13:57.324603,Customer Service,Completed,High
C0573,Claim Received,2026-03-21 11:00:00.000000,Customer Service,Completed,Critical
C0573,Initial Review,2026-03-21 11:36:09.899796,Customer Service,Completed,Critical
C0573,Technical Assessment,2026-03-21 16:00:20.415762,Technical,Completed,Critical
C0573,Quality Review,2026-03-22 03:12:25.871481,Quality,Completed,Critical
C0573,Decision,2026-03-22 07:06:41.924265,Quality,Completed,Critical
C0573,Customer Notification,2026-03-22 08:02:39.330346,Customer Service,Completed,Critical
C0573,Case Closed,2026-03-22 09:47:29.673517,Customer Service,Completed,Critical
C0574,Claim Received,2026-03-16 17:00:00.000000,Customer Service,Completed,Medium
C0574,Initial Review,2026-03-16 20:47:26.535283,Customer Service,Completed,Medium
C0574,Technical Assessment,2026-03-17 07:36:22.505090,Technical,Completed,Medium
C0574,Quality Review,2026-03-18 02:40:46.894520,Quality,Completed,Medium
C0574,Decision,2026-03-18 05:59:01.121045,Quality,Completed,Medium
C0574,Customer Notification,2026-03-18 07:21:14.227317,Customer Service,Completed,Medium
C0574,Case Closed,2026-03-18 08:22:45.851769,Customer Service,Completed,Medium
C0575,Claim Received,2026-02-05 13:00:00.000000,Customer Service,Completed,Low
C0575,Initial Review,2026-02-05 19:28:20.397276,Customer Service,Completed,Low
C0575,Technical Assessment,2026-02-06 08:42:20.948215,Technical,Completed,Low
C0575,Quality Review,2026-02-07 15:15:19.416429,Quality,Completed,Low
C0575,Technical Assessment,2026-02-08 08:02:13.576989,Technical,Completed,Low
C0575,Quality Review,2026-02-09 19:32:56.525959,Quality,Completed,Low
C0575,Decision,2026-02-10 04:33:37.820943,Quality,Completed,Low
C0575,Customer Notification,2026-02-10 05:52:34.312441,Customer Service,Completed,Low
C0575,Case Closed,2026-02-10 08:34:06.848146,Customer Service,Completed,Low
C0576,Claim Received,2026-01-26 12:00:00.000000,Customer Service,Completed,Medium
C0576,Initial Review,2026-01-26 17:36:03.494320,Customer Service,Completed,Medium
C0576,Technical Assessment,2026-01-27 00:01:37.913568,Technical,Completed,Medium
C0576,Quality Review,2026-01-28 09:02:58.473387,Quality,Completed,Medium
C0576,Decision,2026-01-28 11:53:04.682739,Quality,Completed,Medium
C0576,Customer Notification,2026-01-28 13:38:04.903549,Customer Service,Completed,Medium
C0576,Case Closed,2026-01-28 15:37:56.320708,Customer Service,Completed,Medium
C0577,Claim Received,2026-04-29 16:00:00.000000,Customer Service,Completed,Critical
C0577,Initial Review,2026-04-29 16:57:30.349553,Customer Service,Completed,Critical
C0577,Technical Assessment,2026-04-30 00:47:43.428685,Technical,Completed,Critical
C0577,Quality Review,2026-04-30 13:06:51.313005,Quality,Completed,Critical
C0577,Decision,2026-04-30 15:37:32.516880,Quality,Completed,Critical
C0577,Customer Notification,2026-04-30 16:39:43.335434,Customer Service,Completed,Critical
C0577,Case Closed,2026-04-30 18:19:42.308462,Customer Service,Completed,Critical
C0578,Claim Received,2026-01-07 14:00:00.000000,Customer Service,Completed,Critical
C0578,Initial Review,2026-01-07 14:43:15.860885,Customer Service,Completed,Critical
C0578,Technical Assessment,2026-01-07 23:04:08.450218,Technical,Completed,Critical
C0578,Quality Review,2026-01-08 12:01:58.378695,Quality,Completed,Critical
C0578,Decision,2026-01-08 14:53:43.987911,Quality,Completed,Critical
C0578,Customer Notification,2026-01-08 16:42:44.136181,Customer Service,Completed,Critical
C0578,Case Closed,2026-01-08 19:19:30.102261,Customer Service,Completed,Critical
C0579,Claim Received,2026-05-13 15:00:00.000000,Customer Service,Completed,Medium
C0579,Initial Review,2026-05-13 20:11:45.564691,Customer Service,Completed,Medium
C0579,Request Additional Information,2026-05-14 17:55:20.224575,Customer Service,Completed,Medium
C0579,Initial Review,2026-05-14 19:27:27.105069,Customer Service,Completed,Medium
C0579,Technical Assessment,2026-05-15 10:57:52.887805,Technical,Completed,Medium
C0579,Quality Review,2026-05-16 15:32:20.114571,Quality,Completed,Medium
C0579,Decision,2026-05-16 18:16:03.276483,Quality,Completed,Medium
C0579,Customer Notification,2026-05-16 20:48:00.141891,Customer Service,Completed,Medium
C0579,Case Closed,2026-05-17 01:18:28.449872,Customer Service,Completed,Medium
C0580,Claim Received,2026-02-04 11:00:00.000000,Customer Service,Completed,Critical
C0580,Initial Review,2026-02-04 13:44:15.471071,Customer Service,Completed,Critical
C0580,Technical Assessment,2026-02-04 16:49:15.813547,Technical,Completed,Critical
C0580,Quality Review,2026-02-05 07:27:02.749762,Quality,Completed,Critical
C0580,Decision,2026-02-05 10:52:03.411681,Quality,Completed,Critical
C0580,Customer Notification,2026-02-05 11:40:07.191001,Customer Service,Completed,Critical
C0580,Case Closed,2026-02-05 12:33:04.389767,Customer Service,Completed,Critical
C0581,Claim Received,2026-01-27 15:00:00.000000,Customer Service,Completed,Medium
C0581,Initial Review,2026-01-27 16:07:23.814911,Customer Service,Completed,Medium
C0581,Technical Assessment,2026-01-28 01:35:35.795133,Technical,Completed,Medium
C0581,Quality Review,2026-01-28 20:47:29.207845,Quality,Completed,Medium
C0581,Decision,2026-01-28 23:53:44.557004,Quality,Completed,Medium
C0581,Customer Notification,2026-01-29 03:26:20.022496,Customer Service,Completed,Medium
C0581,Case Closed,2026-01-29 07:30:09.703525,Customer Service,Completed,Medium
C0582,Claim Received,2026-02-07 18:00:00.000000,Customer Service,Completed,Low
C0582,Initial Review,2026-02-07 19:19:47.810166,Customer Service,Completed,Low
C0582,Request Additional Information,2026-02-09 17:53:47.767397,Customer Service,Completed,Low
C0582,Initial Review,2026-02-09 22:09:56.491333,Customer Service,Completed,Low
C0582,Technical Assessment,2026-02-10 06:19:53.722270,Technical,Completed,Low
C0582,Quality Review,2026-02-11 05:04:03.798078,Quality,Completed,Low
C0582,Decision,2026-02-11 11:42:24.555760,Quality,Completed,Low
C0582,Customer Notification,2026-02-11 13:53:50.906037,Customer Service,Completed,Low
C0582,Case Closed,2026-02-11 19:53:47.778266,Customer Service,Completed,Low
C0583,Claim Received,2026-03-14 15:00:00.000000,Customer Service,Completed,Low
C0583,Initial Review,2026-03-14 16:55:14.732346,Customer Service,Completed,Low
C0583,Request Additional Information,2026-03-19 15:21:30.576127,Customer Service,Completed,Low
C0583,Initial Review,2026-03-19 20:27:39.698378,Customer Service,Completed,Low
C0583,Technical Assessment,2026-03-20 08:43:41.811513,Technical,Completed,Low
C0583,Quality Review,2026-03-21 09:20:39.893712,Quality,Completed,Low
C0583,Decision,2026-03-21 18:05:52.328680,Quality,Completed,Low
C0583,Customer Notification,2026-03-21 19:19:50.524682,Customer Service,Completed,Low
C0583,Case Closed,2026-03-21 23:32:04.313681,Customer Service,Completed,Low
C0584,Claim Received,2026-05-15 14:00:00.000000,Customer Service,Completed,Critical
C0584,Initial Review,2026-05-15 15:46:57.406395,Customer Service,Completed,Critical
C0584,Technical Assessment,2026-05-15 18:50:32.754800,Technical,Completed,Critical
C0584,Quality Review,2026-05-16 07:36:00.738181,Quality,Completed,Critical
C0584,Decision,2026-05-16 11:10:34.308302,Quality,Completed,Critical
C0584,Customer Notification,2026-05-16 12:51:13.097371,Customer Service,Completed,Critical
C0584,Case Closed,2026-05-16 15:39:44.389807,Customer Service,Completed,Critical
C0585,Claim Received,2026-05-01 17:00:00.000000,Customer Service,Completed,Medium
C0585,Initial Review,2026-05-01 21:17:41.492584,Customer Service,Completed,Medium
C0585,Technical Assessment,2026-05-02 14:16:43.069756,Technical,Completed,Medium
C0585,Quality Review,2026-05-03 14:53:20.559351,Quality,Completed,Medium
C0585,Technical Assessment,2026-05-03 23:25:34.020606,Technical,Completed,Medium
C0585,Quality Review,2026-05-04 19:46:49.447632,Quality,Completed,Medium
C0585,Decision,2026-05-05 09:02:53.993254,Quality,Completed,Medium
C0585,Customer Notification,2026-05-05 12:36:15.930044,Customer Service,Completed,Medium
C0585,Case Closed,2026-05-05 14:05:13.657984,Customer Service,Completed,Medium
C0586,Claim Received,2026-03-01 11:00:00.000000,Customer Service,Completed,Medium
C0586,Initial Review,2026-03-01 12:31:37.772567,Customer Service,Completed,Medium
C0586,Technical Assessment,2026-03-02 02:43:17.195810,Technical,Completed,Medium
C0586,Quality Review,2026-03-03 14:04:52.020251,Quality,Completed,Medium
C0586,Technical Assessment,2026-03-03 18:56:53.123166,Technical,Completed,Medium
C0586,Quality Review,2026-03-04 07:50:46.062120,Quality,Completed,Medium
C0586,Decision,2026-03-04 12:29:43.076697,Quality,Completed,Medium
C0586,Customer Notification,2026-03-04 21:10:37.004098,Customer Service,Completed,Medium
C0586,Case Closed,2026-03-04 23:02:50.214398,Customer Service,Completed,Medium
C0587,Claim Received,2026-06-13 17:00:00.000000,Customer Service,Completed,Low
C0587,Initial Review,2026-06-13 21:32:19.713553,Customer Service,Completed,Low
C0587,Technical Assessment,2026-06-14 10:35:21.624148,Technical,Completed,Low
C0587,Quality Review,2026-06-15 07:29:01.105362,Quality,Completed,Low
C0587,Decision,2026-06-15 13:00:32.018543,Quality,Completed,Low
C0587,Customer Notification,2026-06-15 17:03:10.473203,Customer Service,Completed,Low
C0587,Case Closed,2026-06-15 18:23:54.123170,Customer Service,Completed,Low
C0588,Claim Received,2026-02-05 08:00:00.000000,Customer Service,Completed,Low
C0588,Initial Review,2026-02-05 11:21:26.517645,Customer Service,Completed,Low
C0588,Technical Assessment,2026-02-06 01:20:23.727007,Technical,Completed,Low
C0588,Quality Review,2026-02-06 21:04:36.082661,Quality,Completed,Low
C0588,Decision,2026-02-07 06:02:08.904586,Quality,Completed,Low
C0588,Customer Notification,2026-02-07 09:01:19.338669,Customer Service,Completed,Low
C0588,Case Closed,2026-02-07 13:38:39.332167,Customer Service,Completed,Low
C0589,Claim Received,2026-05-24 10:00:00.000000,Customer Service,Completed,Medium
C0589,Initial Review,2026-05-24 15:00:28.726012,Customer Service,Completed,Medium
C0589,Technical Assessment,2026-05-25 03:45:52.449326,Technical,Completed,Medium
C0589,Quality Review,2026-05-26 05:25:27.218659,Quality,Completed,Medium
C0589,Decision,2026-05-26 10:31:39.750985,Quality,Completed,Medium
C0589,Customer Notification,2026-05-26 13:01:25.843213,Customer Service,Completed,Medium
C0589,Case Closed,2026-05-27 00:07:54.896449,Customer Service,Completed,Medium
C0590,Claim Received,2026-03-06 14:00:00.000000,Customer Service,Completed,Medium
C0590,Initial Review,2026-03-06 18:30:58.919651,Customer Service,Completed,Medium
C0590,Request Additional Information,2026-03-08 13:53:21.863984,Customer Service,Completed,Medium
C0590,Initial Review,2026-03-08 15:15:47.852195,Customer Service,Completed,Medium
C0590,Technical Assessment,2026-03-09 07:12:28.891114,Technical,Completed,Medium
C0590,Quality Review,2026-03-10 07:12:32.952609,Quality,Completed,Medium
C0590,Decision,2026-03-10 09:32:56.553704,Quality,Completed,Medium
C0590,Customer Notification,2026-03-10 10:52:53.997990,Customer Service,Completed,Medium
C0590,Case Closed,2026-03-10 16:28:07.042062,Customer Service,Completed,Medium
C0591,Claim Received,2026-03-08 11:00:00.000000,Customer Service,Completed,Medium
C0591,Initial Review,2026-03-08 13:40:21.742418,Customer Service,Completed,Medium
C0591,Technical Assessment,2026-03-08 19:37:21.889276,Technical,Completed,Medium
C0591,Quality Review,2026-03-10 01:14:08.487913,Quality,Completed,Medium
C0591,Decision,2026-03-10 07:12:56.548264,Quality,Completed,Medium
C0591,Customer Notification,2026-03-10 08:55:21.214043,Customer Service,Completed,Medium
C0591,Case Closed,2026-03-10 14:39:45.170782,Customer Service,Completed,Medium
C0592,Claim Received,2026-01-10 13:00:00.000000,Customer Service,Completed,High
C0592,Initial Review,2026-01-10 17:43:27.207013,Customer Service,Completed,High
C0592,Request Additional Information,2026-01-11 20:33:03.153162,Customer Service,Completed,High
C0592,Initial Review,2026-01-11 21:40:23.699393,Customer Service,Completed,High
C0592,Technical Assessment,2026-01-12 11:28:30.638671,Technical,Completed,High
C0592,Quality Review,2026-01-13 18:40:46.047672,Quality,Completed,High
C0592,Decision,2026-01-13 22:42:57.449378,Quality,Completed,High
C0592,Customer Notification,2026-01-14 00:33:05.743843,Customer Service,Completed,High
C0592,Case Closed,2026-01-14 04:45:03.346278,Customer Service,Completed,High
C0593,Claim Received,2026-02-20 16:00:00.000000,Customer Service,Completed,Low
C0593,Initial Review,2026-02-20 20:50:55.800142,Customer Service,Completed,Low
C0593,Technical Assessment,2026-02-22 21:42:07.289062,Technical,Completed,Low
C0593,Quality Review,2026-02-24 01:59:19.020841,Quality,Completed,Low
C0593,Decision,2026-02-24 07:06:16.765695,Quality,Completed,Low
C0593,Customer Notification,2026-02-24 10:49:46.103424,Customer Service,Completed,Low
C0593,Case Closed,2026-02-24 12:43:22.700534,Customer Service,Completed,Low
C0594,Claim Received,2026-04-01 11:00:00.000000,Customer Service,Completed,Critical
C0594,Initial Review,2026-04-01 12:21:28.130734,Customer Service,Completed,Critical
C0594,Technical Assessment,2026-04-01 16:01:30.019983,Technical,Completed,Critical
C0594,Quality Review,2026-04-01 22:08:44.164875,Quality,Completed,Critical
C0594,Decision,2026-04-02 01:24:11.910763,Quality,Completed,Critical
C0594,Customer Notification,2026-04-02 05:18:58.635471,Customer Service,Completed,Critical
C0594,Case Closed,2026-04-02 07:49:14.539335,Customer Service,Completed,Critical
C0595,Claim Received,2026-01-15 10:00:00.000000,Customer Service,Completed,Low
C0595,Initial Review,2026-01-15 13:49:52.807067,Customer Service,Completed,Low
C0595,Technical Assessment,2026-01-15 23:54:31.140483,Technical,Completed,Low
C0595,Quality Review,2026-01-17 15:57:10.373422,Quality,Completed,Low
C0595,Decision,2026-01-17 19:17:12.618476,Quality,Completed,Low
C0595,Customer Notification,2026-01-17 22:51:14.891828,Customer Service,Completed,Low
C0595,Case Closed,2026-01-18 00:30:44.653831,Customer Service,Completed,Low
C0596,Claim Received,2026-04-02 11:00:00.000000,Customer Service,Completed,High
C0596,Initial Review,2026-04-02 13:34:27.002461,Customer Service,Completed,High
C0596,Technical Assessment,2026-04-02 20:53:01.766613,Technical,Completed,High
C0596,Quality Review,2026-04-03 23:10:05.038186,Quality,Completed,High
C0596,Decision,2026-04-04 05:03:15.706260,Quality,Completed,High
C0596,Customer Notification,2026-04-04 07:09:13.567928,Customer Service,Completed,High
C0596,Case Closed,2026-04-04 09:20:25.118446,Customer Service,Completed,High
C0597,Claim Received,2026-01-21 11:00:00.000000,Customer Service,Completed,Medium
C0597,Initial Review,2026-01-21 16:33:36.885827,Customer Service,Completed,Medium
C0597,Technical Assessment,2026-01-22 03:51:15.031210,Technical,Completed,Medium
C0597,Quality Review,2026-01-23 05:07:31.264661,Quality,Completed,Medium
C0597,Technical Assessment,2026-01-23 19:16:26.766817,Technical,Completed,Medium
C0597,Quality Review,2026-01-24 08:08:05.734021,Quality,Completed,Medium
C0597,Technical Assessment,2026-01-24 18:17:55.715481,Technical,Completed,Medium
C0597,Quality Review,2026-01-29 02:55:04.970853,Quality,Completed,Medium
C0597,Decision,2026-01-29 09:56:09.595305,Quality,Completed,Medium
C0597,Customer Notification,2026-01-29 12:42:02.589000,Customer Service,Completed,Medium
C0597,Case Closed,2026-01-29 18:31:34.325538,Customer Service,Completed,Medium
C0598,Claim Received,2026-01-05 14:00:00.000000,Customer Service,Completed,Medium
C0598,Initial Review,2026-01-05 22:46:11.815494,Customer Service,Completed,Medium
C0598,Technical Assessment,2026-01-06 05:39:00.613576,Technical,Completed,Medium
C0598,Quality Review,2026-01-07 03:59:46.354523,Quality,Completed,Medium
C0598,Technical Assessment,2026-01-07 12:16:05.817391,Technical,Completed,Medium
C0598,Quality Review,2026-01-10 01:18:36.753754,Quality,Completed,Medium
C0598,Decision,2026-01-10 06:57:45.522467,Quality,Completed,Medium
C0598,Customer Notification,2026-01-10 10:43:50.668241,Customer Service,Completed,Medium
C0598,Case Closed,2026-01-10 15:46:55.054601,Customer Service,Completed,Medium
C0599,Claim Received,2026-06-09 14:00:00.000000,Customer Service,Completed,Medium
C0599,Initial Review,2026-06-09 19:19:43.361251,Customer Service,Completed,Medium
C0599,Request Additional Information,2026-06-11 16:45:25.576569,Customer Service,Completed,Medium
C0599,Initial Review,2026-06-11 21:47:38.717094,Customer Service,Completed,Medium
C0599,Technical Assessment,2026-06-12 15:07:43.386215,Technical,Completed,Medium
C0599,Quality Review,2026-06-13 10:01:36.342557,Quality,Completed,Medium
C0599,Decision,2026-06-13 15:14:07.188368,Quality,Completed,Medium
C0599,Customer Notification,2026-06-13 18:23:34.766479,Customer Service,Completed,Medium
C0599,Case Closed,2026-06-13 20:41:36.579234,Customer Service,Completed,Medium
C0600,Claim Received,2026-03-02 10:00:00.000000,Customer Service,Completed,Critical
C0600,Initial Review,2026-03-02 12:46:09.413344,Customer Service,Completed,Critical
C0600,Technical Assessment,2026-03-02 19:32:50.901392,Technical,Completed,Critical
C0600,Quality Review,2026-03-03 13:31:59.324524,Quality,Completed,Critical
C0600,Decision,2026-03-03 15:25:14.233635,Quality,Completed,Critical
C0600,Customer Notification,2026-03-03 15:58:42.707162,Customer Service,Completed,Critical
C0600,Case Closed,2026-03-03 17:09:01.433308,Customer Service,Completed,Critical
C0601,Claim Received,2026-01-04 09:00:00.000000,Customer Service,Completed,High
C0601,Initial Review,2026-01-04 11:01:39.290246,Customer Service,Completed,High
C0601,Request Additional Information,2026-01-05 20:42:15.749124,Customer Service,Completed,High
C0601,Initial Review,2026-01-06 04:25:48.284347,Customer Service,Completed,High
C0601,Technical Assessment,2026-01-06 14:19:41.284459,Technical,Completed,High
C0601,Quality Review,2026-01-07 06:48:56.263249,Quality,Completed,High
C0601,Decision,2026-01-07 11:05:14.456579,Quality,Completed,High
C0601,Customer Notification,2026-01-07 13:16:41.944168,Customer Service,Completed,High
C0601,Case Closed,2026-01-07 17:39:59.381846,Customer Service,Completed,High
C0602,Claim Received,2026-03-08 12:00:00.000000,Customer Service,Completed,Medium
C0602,Initial Review,2026-03-08 14:17:51.734450,Customer Service,Completed,Medium
C0602,Technical Assessment,2026-03-08 21:28:53.647974,Technical,Completed,Medium
C0602,Quality Review,2026-03-10 06:23:28.713341,Quality,Completed,Medium
C0602,Technical Assessment,2026-03-10 13:38:55.405011,Technical,Completed,Medium
C0602,Quality Review,2026-03-11 06:04:15.079634,Quality,Completed,Medium
C0602,Technical Assessment,2026-03-11 16:14:06.647219,Technical,Completed,Medium
C0602,Quality Review,2026-03-12 17:31:01.074794,Quality,Completed,Medium
C0602,Decision,2026-03-13 01:13:37.876705,Quality,Completed,Medium
C0602,Customer Notification,2026-03-13 13:00:17.024141,Customer Service,Completed,Medium
C0602,Case Closed,2026-03-13 18:13:45.780360,Customer Service,Completed,Medium
C0603,Claim Received,2026-03-02 13:00:00.000000,Customer Service,Completed,Low
C0603,Initial Review,2026-03-02 14:51:17.931138,Customer Service,Completed,Low
C0603,Technical Assessment,2026-03-02 21:33:23.212573,Technical,Completed,Low
C0603,Quality Review,2026-03-03 17:49:58.278380,Quality,Completed,Low
C0603,Decision,2026-03-04 02:12:09.531529,Quality,Completed,Low
C0603,Customer Notification,2026-03-04 03:39:34.787067,Customer Service,Completed,Low
C0603,Case Closed,2026-03-04 12:21:18.656256,Customer Service,Completed,Low
C0604,Claim Received,2026-04-15 18:00:00.000000,Customer Service,Completed,Medium
C0604,Initial Review,2026-04-15 20:52:24.880933,Customer Service,Completed,Medium
C0604,Technical Assessment,2026-04-16 21:13:27.212023,Technical,Completed,Medium
C0604,Quality Review,2026-04-17 18:03:48.497347,Quality,Completed,Medium
C0604,Decision,2026-04-17 20:57:49.863618,Quality,Completed,Medium
C0604,Customer Notification,2026-04-17 22:16:57.170339,Customer Service,Completed,Medium
C0604,Case Closed,2026-04-18 00:50:53.074124,Customer Service,Completed,Medium
C0605,Claim Received,2026-03-30 11:00:00.000000,Customer Service,Completed,High
C0605,Initial Review,2026-03-30 13:18:55.291575,Customer Service,Completed,High
C0605,Request Additional Information,2026-03-31 17:50:19.203135,Customer Service,Completed,High
C0605,Initial Review,2026-03-31 21:41:20.813576,Customer Service,Completed,High
C0605,Technical Assessment,2026-04-01 11:35:13.644934,Technical,Completed,High
C0605,Quality Review,2026-04-02 16:14:22.763359,Quality,Completed,High
C0605,Decision,2026-04-02 22:37:44.971451,Quality,Completed,High
C0605,Customer Notification,2026-04-03 01:11:26.310263,Customer Service,Completed,High
C0605,Case Closed,2026-04-03 02:28:32.200435,Customer Service,Completed,High
C0606,Claim Received,2026-06-18 16:00:00.000000,Customer Service,Completed,Medium
C0606,Initial Review,2026-06-18 19:36:06.047963,Customer Service,Completed,Medium
C0606,Request Additional Information,2026-06-19 14:37:21.105883,Customer Service,Completed,Medium
C0606,Initial Review,2026-06-19 20:10:40.357272,Customer Service,Completed,Medium
C0606,Technical Assessment,2026-06-20 11:21:50.257340,Technical,Completed,Medium
C0606,Quality Review,2026-06-21 04:54:19.214004,Quality,Completed,Medium
C0606,Decision,2026-06-21 12:44:22.985995,Quality,Completed,Medium
C0606,Customer Notification,2026-06-21 15:04:29.066845,Customer Service,Completed,Medium
C0606,Case Closed,2026-06-21 18:07:27.731491,Customer Service,Completed,Medium
C0607,Claim Received,2026-04-03 18:00:00.000000,Customer Service,Completed,Low
C0607,Initial Review,2026-04-03 22:06:17.737621,Customer Service,Completed,Low
C0607,Technical Assessment,2026-04-04 16:06:53.412112,Technical,Completed,Low
C0607,Quality Review,2026-04-06 06:21:21.904219,Quality,Completed,Low
C0607,Decision,2026-04-06 15:25:16.487512,Quality,Completed,Low
C0607,Customer Notification,2026-04-06 19:53:40.571467,Customer Service,Completed,Low
C0607,Case Closed,2026-04-07 01:05:24.068769,Customer Service,Completed,Low
C0608,Claim Received,2026-01-31 09:00:00.000000,Customer Service,Completed,Medium
C0608,Initial Review,2026-01-31 12:02:33.050229,Customer Service,Completed,Medium
C0608,Request Additional Information,2026-02-01 05:23:05.505550,Customer Service,Completed,Medium
C0608,Initial Review,2026-02-01 10:47:31.447893,Customer Service,Completed,Medium
C0608,Technical Assessment,2026-02-01 17:18:39.199695,Technical,Completed,Medium
C0608,Quality Review,2026-02-02 09:18:48.209206,Quality,Completed,Medium
C0608,Decision,2026-02-02 15:54:23.215646,Quality,Completed,Medium
C0608,Customer Notification,2026-02-02 18:18:57.706548,Customer Service,Completed,Medium
C0608,Case Closed,2026-02-02 23:39:47.964855,Customer Service,Completed,Medium
C0609,Claim Received,2026-01-19 10:00:00.000000,Customer Service,Completed,Medium
C0609,Initial Review,2026-01-19 13:34:28.147659,Customer Service,Completed,Medium
C0609,Technical Assessment,2026-01-19 23:00:29.099875,Technical,Completed,Medium
C0609,Quality Review,2026-01-20 14:04:01.037991,Quality,Completed,Medium
C0609,Decision,2026-01-20 17:30:56.031988,Quality,Completed,Medium
C0609,Customer Notification,2026-01-20 19:31:33.561556,Customer Service,Completed,Medium
C0609,Case Closed,2026-01-20 22:12:33.090225,Customer Service,Completed,Medium
C0610,Claim Received,2026-01-19 13:00:00.000000,Customer Service,Completed,High
C0610,Initial Review,2026-01-19 17:35:58.834403,Customer Service,Completed,High
C0610,Technical Assessment,2026-01-20 03:51:53.980541,Technical,Completed,High
C0610,Quality Review,2026-01-20 21:49:48.883320,Quality,Completed,High
C0610,Decision,2026-01-21 02:47:26.847925,Quality,Completed,High
C0610,Customer Notification,2026-01-21 05:19:39.680428,Customer Service,Completed,High
C0610,Case Closed,2026-01-21 09:24:29.207783,Customer Service,Completed,High
C0611,Claim Received,2026-06-01 13:00:00.000000,Customer Service,Completed,Low
C0611,Initial Review,2026-06-01 18:14:36.393168,Customer Service,Completed,Low
C0611,Technical Assessment,2026-06-02 04:25:36.415417,Technical,Completed,Low
C0611,Quality Review,2026-06-03 15:38:08.656109,Quality,Completed,Low
C0611,Decision,2026-06-03 23:36:04.979942,Quality,Completed,Low
C0611,Customer Notification,2026-06-04 08:31:44.229928,Customer Service,Completed,Low
C0611,Case Closed,2026-06-04 12:50:06.066987,Customer Service,Completed,Low
C0612,Claim Received,2026-03-15 13:00:00.000000,Customer Service,Completed,Critical
C0612,Initial Review,2026-03-15 14:27:36.609718,Customer Service,Completed,Critical
C0612,Technical Assessment,2026-03-16 16:29:02.243023,Technical,Completed,Critical
C0612,Quality Review,2026-03-17 09:49:28.517893,Quality,Completed,Critical
C0612,Decision,2026-03-17 13:01:03.154630,Quality,Completed,Critical
C0612,Customer Notification,2026-03-17 13:56:05.738255,Customer Service,Completed,Critical
C0612,Case Closed,2026-03-17 15:13:15.044782,Customer Service,Completed,Critical
C0613,Claim Received,2026-05-05 15:00:00.000000,Customer Service,Completed,Medium
C0613,Initial Review,2026-05-05 17:07:05.400534,Customer Service,Completed,Medium
C0613,Technical Assessment,2026-05-06 10:16:01.326410,Technical,Completed,Medium
C0613,Quality Review,2026-05-07 12:48:54.430228,Quality,Completed,Medium
C0613,Decision,2026-05-07 16:12:18.601301,Quality,Completed,Medium
C0613,Customer Notification,2026-05-07 17:29:35.142225,Customer Service,Completed,Medium
C0613,Case Closed,2026-05-07 21:02:11.709304,Customer Service,Completed,Medium
C0614,Claim Received,2026-05-19 16:00:00.000000,Customer Service,Completed,Low
C0614,Initial Review,2026-05-20 09:58:54.681728,Customer Service,Completed,Low
C0614,Technical Assessment,2026-05-22 18:20:24.297238,Technical,Completed,Low
C0614,Quality Review,2026-05-23 14:35:25.949782,Quality,Completed,Low
C0614,Decision,2026-05-23 21:06:10.550795,Quality,Completed,Low
C0614,Customer Notification,2026-05-24 00:10:41.335675,Customer Service,Completed,Low
C0614,Case Closed,2026-05-24 03:08:52.073828,Customer Service,Completed,Low
C0615,Claim Received,2026-04-24 14:00:00.000000,Customer Service,Completed,High
C0615,Initial Review,2026-04-24 16:46:22.879922,Customer Service,Completed,High
C0615,Request Additional Information,2026-04-25 06:18:48.173934,Customer Service,Completed,High
C0615,Initial Review,2026-04-25 09:47:17.678210,Customer Service,Completed,High
C0615,Technical Assessment,2026-04-25 21:59:20.486614,Technical,Completed,High
C0615,Quality Review,2026-04-26 11:51:35.662140,Quality,Completed,High
C0615,Decision,2026-04-26 14:12:43.908002,Quality,Completed,High
C0615,Customer Notification,2026-04-26 16:06:01.837465,Customer Service,Completed,High
C0615,Case Closed,2026-04-26 19:35:19.810723,Customer Service,Completed,High
C0616,Claim Received,2026-01-10 14:00:00.000000,Customer Service,Completed,High
C0616,Initial Review,2026-01-10 15:12:06.318762,Customer Service,Completed,High
C0616,Request Additional Information,2026-01-11 15:48:54.371147,Customer Service,Completed,High
C0616,Initial Review,2026-01-11 18:50:52.023269,Customer Service,Completed,High
C0616,Technical Assessment,2026-01-12 05:03:35.600979,Technical,Completed,High
C0616,Quality Review,2026-01-13 02:42:13.543526,Quality,Completed,High
C0616,Decision,2026-01-13 07:07:05.557015,Quality,Completed,High
C0616,Customer Notification,2026-01-13 08:26:48.167539,Customer Service,Completed,High
C0616,Case Closed,2026-01-13 11:07:37.829435,Customer Service,Completed,High
C0617,Claim Received,2026-02-03 11:00:00.000000,Customer Service,Completed,Medium
C0617,Initial Review,2026-02-03 15:10:25.909041,Customer Service,Completed,Medium
C0617,Technical Assessment,2026-02-04 02:24:07.742926,Technical,Completed,Medium
C0617,Quality Review,2026-02-04 19:32:33.679002,Quality,Completed,Medium
C0617,Decision,2026-02-05 00:29:12.607883,Quality,Completed,Medium
C0617,Customer Notification,2026-02-05 09:52:36.300413,Customer Service,Completed,Medium
C0617,Case Closed,2026-02-05 14:18:59.970287,Customer Service,Completed,Medium
C0618,Claim Received,2026-03-31 15:00:00.000000,Customer Service,Completed,Medium
C0618,Initial Review,2026-03-31 18:39:08.300474,Customer Service,Completed,Medium
C0618,Technical Assessment,2026-04-01 10:56:33.938850,Technical,Completed,Medium
C0618,Quality Review,2026-04-02 19:56:37.314759,Quality,Completed,Medium
C0618,Decision,2026-04-03 00:53:06.109435,Quality,Completed,Medium
C0618,Customer Notification,2026-04-03 03:40:42.804195,Customer Service,Completed,Medium
C0618,Case Closed,2026-04-03 06:09:20.314157,Customer Service,Completed,Medium
C0619,Claim Received,2026-03-15 14:00:00.000000,Customer Service,Completed,High
C0619,Initial Review,2026-03-15 18:40:38.814860,Customer Service,Completed,High
C0619,Technical Assessment,2026-03-16 05:17:47.516274,Technical,Completed,High
C0619,Quality Review,2026-03-16 23:49:10.063916,Quality,Completed,High
C0619,Technical Assessment,2026-03-17 04:17:27.847266,Technical,Completed,High
C0619,Quality Review,2026-03-18 03:25:24.922794,Quality,Completed,High
C0619,Technical Assessment,2026-03-18 12:02:29.268554,Technical,Completed,High
C0619,Quality Review,2026-03-19 07:02:01.001556,Quality,Completed,High
C0619,Decision,2026-03-19 09:45:39.383055,Quality,Completed,High
C0619,Customer Notification,2026-03-19 11:46:44.074217,Customer Service,Completed,High
C0619,Case Closed,2026-03-19 15:42:36.795897,Customer Service,Completed,High
C0620,Claim Received,2026-03-23 14:00:00.000000,Customer Service,Completed,Medium
C0620,Initial Review,2026-03-23 16:57:24.811089,Customer Service,Completed,Medium
C0620,Request Additional Information,2026-03-24 19:18:33.675805,Customer Service,Completed,Medium
C0620,Initial Review,2026-03-24 21:39:03.386011,Customer Service,Completed,Medium
C0620,Technical Assessment,2026-03-25 06:24:31.400475,Technical,Completed,Medium
C0620,Quality Review,2026-03-26 01:48:46.720597,Quality,Completed,Medium
C0620,Decision,2026-03-26 07:14:52.843645,Quality,Completed,Medium
C0620,Customer Notification,2026-03-26 08:51:59.812518,Customer Service,Completed,Medium
C0620,Case Closed,2026-03-26 14:36:21.612815,Customer Service,Completed,Medium
C0621,Claim Received,2026-01-06 08:00:00.000000,Customer Service,Completed,Medium
C0621,Initial Review,2026-01-06 13:00:43.431801,Customer Service,Completed,Medium
C0621,Technical Assessment,2026-01-07 02:52:41.850042,Technical,Completed,Medium
C0621,Quality Review,2026-01-08 09:16:57.003214,Quality,Completed,Medium
C0621,Decision,2026-01-08 15:12:43.525404,Quality,Completed,Medium
C0621,Customer Notification,2026-01-08 17:17:54.181121,Customer Service,Completed,Medium
C0621,Case Closed,2026-01-08 19:05:00.053521,Customer Service,Completed,Medium
C0622,Claim Received,2026-02-11 13:00:00.000000,Customer Service,Completed,Medium
C0622,Initial Review,2026-02-11 15:39:27.038031,Customer Service,Completed,Medium
C0622,Technical Assessment,2026-02-12 05:55:27.089244,Technical,Completed,Medium
C0622,Quality Review,2026-02-13 20:31:17.722114,Quality,Completed,Medium
C0622,Technical Assessment,2026-02-14 13:41:11.623845,Technical,Completed,Medium
C0622,Quality Review,2026-02-15 11:14:13.415898,Quality,Completed,Medium
C0622,Decision,2026-02-15 14:10:43.438835,Quality,Completed,Medium
C0622,Customer Notification,2026-02-15 15:52:07.495418,Customer Service,Completed,Medium
C0622,Case Closed,2026-02-15 18:06:19.052716,Customer Service,Completed,Medium
C0623,Claim Received,2026-06-17 14:00:00.000000,Customer Service,Completed,High
C0623,Initial Review,2026-06-17 15:19:29.181928,Customer Service,Completed,High
C0623,Technical Assessment,2026-06-17 21:32:55.527945,Technical,Completed,High
C0623,Quality Review,2026-06-18 08:34:02.821525,Quality,Completed,High
C0623,Decision,2026-06-18 13:49:36.851470,Quality,Completed,High
C0623,Customer Notification,2026-06-18 14:39:44.220483,Customer Service,Completed,High
C0623,Case Closed,2026-06-18 17:52:54.375282,Customer Service,Completed,High
C0624,Claim Received,2026-02-19 17:00:00.000000,Customer Service,Completed,High
C0624,Initial Review,2026-02-19 21:14:13.964057,Customer Service,Completed,High
C0624,Request Additional Information,2026-02-20 19:04:53.796816,Customer Service,Completed,High
C0624,Initial Review,2026-02-20 21:05:24.814082,Customer Service,Completed,High
C0624,Technical Assessment,2026-02-21 01:24:23.880180,Technical,Completed,High
C0624,Quality Review,2026-02-21 22:04:10.905855,Quality,Completed,High
C0624,Decision,2026-02-22 01:43:53.263226,Quality,Completed,High
C0624,Customer Notification,2026-02-22 03:30:23.960615,Customer Service,Completed,High
C0624,Case Closed,2026-02-22 05:26:39.651607,Customer Service,Completed,High
C0625,Claim Received,2026-05-08 14:00:00.000000,Customer Service,Completed,Medium
C0625,Initial Review,2026-05-08 19:45:26.232912,Customer Service,Completed,Medium
C0625,Technical Assessment,2026-05-09 09:45:41.001088,Technical,Completed,Medium
C0625,Quality Review,2026-05-12 15:22:07.364451,Quality,Completed,Medium
C0625,Decision,2026-05-12 21:59:45.409560,Quality,Completed,Medium
C0625,Customer Notification,2026-05-13 00:25:34.917784,Customer Service,Completed,Medium
C0625,Case Closed,2026-05-13 02:58:45.894544,Customer Service,Completed,Medium
C0626,Claim Received,2026-05-24 10:00:00.000000,Customer Service,Completed,Low
C0626,Initial Review,2026-05-24 12:26:45.927286,Customer Service,Completed,Low
C0626,Technical Assessment,2026-05-25 03:12:55.335823,Technical,Completed,Low
C0626,Quality Review,2026-05-26 05:13:38.600974,Quality,Completed,Low
C0626,Decision,2026-05-26 11:23:45.275916,Quality,Completed,Low
C0626,Customer Notification,2026-05-26 15:20:02.413444,Customer Service,Completed,Low
C0626,Case Closed,2026-05-26 19:29:40.236666,Customer Service,Completed,Low
C0627,Claim Received,2026-01-10 13:00:00.000000,Customer Service,Completed,High
C0627,Initial Review,2026-01-10 16:33:21.565450,Customer Service,Completed,High
C0627,Request Additional Information,2026-01-12 03:15:11.211784,Customer Service,Completed,High
C0627,Initial Review,2026-01-12 04:53:24.039941,Customer Service,Completed,High
C0627,Technical Assessment,2026-01-12 13:33:49.508073,Technical,Completed,High
C0627,Quality Review,2026-01-13 17:35:08.439683,Quality,Completed,High
C0627,Decision,2026-01-13 21:24:00.948372,Quality,Completed,High
C0627,Customer Notification,2026-01-13 23:31:54.482966,Customer Service,Completed,High
C0627,Case Closed,2026-01-14 03:15:50.681119,Customer Service,Completed,High
C0628,Claim Received,2026-02-02 08:00:00.000000,Customer Service,Completed,Low
C0628,Initial Review,2026-02-02 10:10:21.211268,Customer Service,Completed,Low
C0628,Technical Assessment,2026-02-02 17:45:52.804231,Technical,Completed,Low
C0628,Quality Review,2026-02-08 00:56:17.642122,Quality,Completed,Low
C0628,Decision,2026-02-08 06:23:32.445394,Quality,Completed,Low
C0628,Customer Notification,2026-02-08 10:29:01.316446,Customer Service,Completed,Low
C0628,Case Closed,2026-02-08 16:10:39.574600,Customer Service,Completed,Low
C0629,Claim Received,2026-04-22 12:00:00.000000,Customer Service,Completed,Medium
C0629,Initial Review,2026-04-22 16:35:58.973889,Customer Service,Completed,Medium
C0629,Technical Assessment,2026-04-23 00:23:42.798584,Technical,Completed,Medium
C0629,Quality Review,2026-04-24 09:44:39.494642,Quality,Completed,Medium
C0629,Decision,2026-04-24 12:44:23.921169,Quality,Completed,Medium
C0629,Customer Notification,2026-04-24 15:47:42.179025,Customer Service,Completed,Medium
C0629,Case Closed,2026-04-24 21:33:18.095562,Customer Service,Completed,Medium
C0630,Claim Received,2026-02-23 13:00:00.000000,Customer Service,Completed,Medium
C0630,Initial Review,2026-02-23 18:38:07.432687,Customer Service,Completed,Medium
C0630,Technical Assessment,2026-02-24 10:34:08.199893,Technical,Completed,Medium
C0630,Quality Review,2026-02-25 11:09:14.498323,Quality,Completed,Medium
C0630,Decision,2026-02-25 13:12:46.635948,Quality,Completed,Medium
C0630,Customer Notification,2026-02-25 14:39:50.405975,Customer Service,Completed,Medium
C0630,Case Closed,2026-02-25 20:32:55.976386,Customer Service,Completed,Medium
C0631,Claim Received,2026-05-18 15:00:00.000000,Customer Service,Completed,High
C0631,Initial Review,2026-05-18 17:07:26.905878,Customer Service,Completed,High
C0631,Technical Assessment,2026-05-19 01:34:24.652100,Technical,Completed,High
C0631,Quality Review,2026-05-19 17:54:07.949146,Quality,Completed,High
C0631,Decision,2026-05-19 20:35:13.739085,Quality,Completed,High
C0631,Customer Notification,2026-05-19 23:36:50.617955,Customer Service,Completed,High
C0631,Case Closed,2026-05-20 03:41:49.481755,Customer Service,Completed,High
C0632,Claim Received,2026-06-09 14:00:00.000000,Customer Service,Completed,Medium
C0632,Initial Review,2026-06-09 19:40:17.542557,Customer Service,Completed,Medium
C0632,Technical Assessment,2026-06-10 08:39:14.150028,Technical,Completed,Medium
C0632,Quality Review,2026-06-11 10:52:38.170602,Quality,Completed,Medium
C0632,Decision,2026-06-11 14:10:33.306343,Quality,Completed,Medium
C0632,Customer Notification,2026-06-11 16:52:00.831811,Customer Service,Completed,Medium
C0632,Case Closed,2026-06-11 20:28:42.552235,Customer Service,Completed,Medium
C0633,Claim Received,2026-06-01 17:00:00.000000,Customer Service,Completed,Medium
C0633,Initial Review,2026-06-01 19:23:10.275081,Customer Service,Completed,Medium
C0633,Technical Assessment,2026-06-02 11:35:05.638910,Technical,Completed,Medium
C0633,Quality Review,2026-06-03 10:56:47.989709,Quality,Completed,Medium
C0633,Decision,2026-06-03 17:38:48.671896,Quality,Completed,Medium
C0633,Customer Notification,2026-06-03 18:55:15.125200,Customer Service,Completed,Medium
C0633,Case Closed,2026-06-03 20:39:11.974995,Customer Service,Completed,Medium
C0634,Claim Received,2026-01-14 10:00:00.000000,Customer Service,Completed,Medium
C0634,Initial Review,2026-01-14 13:33:30.694734,Customer Service,Completed,Medium
C0634,Technical Assessment,2026-01-15 02:51:58.743082,Technical,Completed,Medium
C0634,Quality Review,2026-01-16 02:52:31.152166,Quality,Completed,Medium
C0634,Technical Assessment,2026-01-16 14:43:02.466979,Technical,Completed,Medium
C0634,Quality Review,2026-01-17 11:58:12.246768,Quality,Completed,Medium
C0634,Decision,2026-01-17 15:50:26.302351,Quality,Completed,Medium
C0634,Customer Notification,2026-01-17 18:25:57.705830,Customer Service,Completed,Medium
C0634,Case Closed,2026-01-17 23:38:37.147807,Customer Service,Completed,Medium
C0635,Claim Received,2026-02-06 14:00:00.000000,Customer Service,Completed,High
C0635,Initial Review,2026-02-06 17:02:30.996463,Customer Service,Completed,High
C0635,Technical Assessment,2026-02-07 05:04:42.067510,Technical,Completed,High
C0635,Quality Review,2026-02-08 01:23:24.466960,Quality,Completed,High
C0635,Technical Assessment,2026-02-08 22:41:20.378919,Technical,Completed,High
C0635,Quality Review,2026-02-09 15:18:36.676490,Quality,Completed,High
C0635,Decision,2026-02-09 20:07:34.952096,Quality,Completed,High
C0635,Customer Notification,2026-02-09 21:26:22.010956,Customer Service,Completed,High
C0635,Case Closed,2026-02-10 02:13:51.772581,Customer Service,Completed,High
C0636,Claim Received,2026-01-03 11:00:00.000000,Customer Service,Completed,Medium
C0636,Initial Review,2026-01-03 14:12:37.450215,Customer Service,Completed,Medium
C0636,Technical Assessment,2026-01-03 18:17:20.422950,Technical,Completed,Medium
C0636,Quality Review,2026-01-04 08:32:51.395970,Quality,Completed,Medium
C0636,Decision,2026-01-04 12:04:12.619026,Quality,Completed,Medium
C0636,Customer Notification,2026-01-04 20:31:52.110044,Customer Service,Completed,Medium
C0636,Case Closed,2026-01-04 22:54:21.235569,Customer Service,Completed,Medium
C0637,Claim Received,2026-03-06 12:00:00.000000,Customer Service,Completed,High
C0637,Initial Review,2026-03-06 15:18:03.893930,Customer Service,Completed,High
C0637,Technical Assessment,2026-03-07 03:43:20.386506,Technical,Completed,High
C0637,Quality Review,2026-03-08 07:07:54.359393,Quality,Completed,High
C0637,Decision,2026-03-08 11:45:59.468023,Quality,Completed,High
C0637,Customer Notification,2026-03-08 13:42:10.062339,Customer Service,Completed,High
C0637,Case Closed,2026-03-08 17:30:18.505777,Customer Service,Completed,High
C0638,Claim Received,2026-02-09 10:00:00.000000,Customer Service,Completed,Low
C0638,Initial Review,2026-02-09 16:25:31.725581,Customer Service,Completed,Low
C0638,Technical Assessment,2026-02-10 04:16:27.475407,Technical,Completed,Low
C0638,Quality Review,2026-02-10 20:17:18.531448,Quality,Completed,Low
C0638,Decision,2026-02-10 23:08:14.007695,Quality,Completed,Low
C0638,Customer Notification,2026-02-11 02:17:45.329668,Customer Service,Completed,Low
C0638,Case Closed,2026-02-11 04:39:39.669043,Customer Service,Completed,Low
C0639,Claim Received,2026-03-23 10:00:00.000000,Customer Service,Completed,High
C0639,Initial Review,2026-03-23 14:25:22.436384,Customer Service,Completed,High
C0639,Technical Assessment,2026-03-24 04:11:56.651682,Technical,Completed,High
C0639,Quality Review,2026-03-25 07:51:27.133248,Quality,Completed,High
C0639,Decision,2026-03-25 13:28:42.877372,Quality,Completed,High
C0639,Customer Notification,2026-03-25 14:26:04.087714,Customer Service,Completed,High
C0639,Case Closed,2026-03-25 17:14:26.057704,Customer Service,Completed,High
C0640,Claim Received,2026-03-12 17:00:00.000000,Customer Service,Completed,Medium
C0640,Initial Review,2026-03-12 18:59:36.301220,Customer Service,Completed,Medium
C0640,Technical Assessment,2026-03-13 01:24:53.899182,Technical,Completed,Medium
C0640,Quality Review,2026-03-17 01:44:27.132697,Quality,Completed,Medium
C0640,Decision,2026-03-17 05:23:00.416505,Quality,Completed,Medium
C0640,Customer Notification,2026-03-17 07:24:28.103400,Customer Service,Completed,Medium
C0640,Case Closed,2026-03-17 11:53:21.362729,Customer Service,Completed,Medium
C0641,Claim Received,2026-01-24 10:00:00.000000,Customer Service,Completed,Low
C0641,Initial Review,2026-01-24 15:34:38.288147,Customer Service,Completed,Low
C0641,Technical Assessment,2026-01-25 06:18:30.951250,Technical,Completed,Low
C0641,Quality Review,2026-01-26 18:47:24.747167,Quality,Completed,Low
C0641,Decision,2026-01-26 22:45:23.017251,Quality,Completed,Low
C0641,Customer Notification,2026-01-27 00:14:56.340385,Customer Service,Completed,Low
C0641,Case Closed,2026-01-27 02:55:45.754135,Customer Service,Completed,Low
C0642,Claim Received,2026-02-18 10:00:00.000000,Customer Service,Completed,Critical
C0642,Initial Review,2026-02-18 11:16:34.383559,Customer Service,Completed,Critical
C0642,Technical Assessment,2026-02-18 15:17:08.712783,Technical,Completed,Critical
C0642,Quality Review,2026-02-19 04:03:58.438944,Quality,Completed,Critical
C0642,Decision,2026-02-19 07:34:19.411795,Quality,Completed,Critical
C0642,Customer Notification,2026-02-19 08:22:15.224877,Customer Service,Completed,Critical
C0642,Case Closed,2026-02-19 09:31:09.411686,Customer Service,Completed,Critical
C0643,Claim Received,2026-04-04 13:00:00.000000,Customer Service,Completed,Medium
C0643,Initial Review,2026-04-04 17:51:42.669799,Customer Service,Completed,Medium
C0643,Technical Assessment,2026-04-05 09:28:29.473650,Technical,Completed,Medium
C0643,Quality Review,2026-04-06 01:33:58.482658,Quality,Completed,Medium
C0643,Decision,2026-04-06 07:04:39.299128,Quality,Completed,Medium
C0643,Customer Notification,2026-04-06 09:47:01.381219,Customer Service,Completed,Medium
C0643,Case Closed,2026-04-06 12:57:10.742381,Customer Service,Completed,Medium
C0644,Claim Received,2026-03-29 16:00:00.000000,Customer Service,Completed,Medium
C0644,Initial Review,2026-03-29 19:45:29.001711,Customer Service,Completed,Medium
C0644,Request Additional Information,2026-03-30 17:26:24.936335,Customer Service,Completed,Medium
C0644,Initial Review,2026-03-30 19:29:37.932091,Customer Service,Completed,Medium
C0644,Technical Assessment,2026-03-31 03:08:44.566193,Technical,Completed,Medium
C0644,Quality Review,2026-04-01 03:33:15.942583,Quality,Completed,Medium
C0644,Decision,2026-04-01 08:24:20.474659,Quality,Completed,Medium
C0644,Customer Notification,2026-04-01 10:22:28.776991,Customer Service,Completed,Medium
C0644,Case Closed,2026-04-01 14:39:58.263525,Customer Service,Completed,Medium
C0645,Claim Received,2026-04-02 08:00:00.000000,Customer Service,Completed,Low
C0645,Initial Review,2026-04-02 10:09:09.010799,Customer Service,Completed,Low
C0645,Technical Assessment,2026-04-02 20:36:30.923773,Technical,Completed,Low
C0645,Quality Review,2026-04-03 16:23:50.646025,Quality,Completed,Low
C0645,Decision,2026-04-03 19:58:09.013096,Quality,Completed,Low
C0645,Customer Notification,2026-04-03 23:52:35.518591,Customer Service,Completed,Low
C0645,Case Closed,2026-04-04 04:46:34.344833,Customer Service,Completed,Low
C0646,Claim Received,2026-05-02 11:00:00.000000,Customer Service,Completed,High
C0646,Initial Review,2026-05-02 12:48:37.076682,Customer Service,Completed,High
C0646,Request Additional Information,2026-05-03 08:08:28.294744,Customer Service,Completed,High
C0646,Initial Review,2026-05-03 10:08:30.790233,Customer Service,Completed,High
C0646,Technical Assessment,2026-05-03 23:10:08.877228,Technical,Completed,High
C0646,Quality Review,2026-05-05 02:03:56.702279,Quality,Completed,High
C0646,Decision,2026-05-05 05:41:11.340100,Quality,Completed,High
C0646,Customer Notification,2026-05-05 08:46:33.744064,Customer Service,Completed,High
C0646,Case Closed,2026-05-05 09:41:24.938525,Customer Service,Completed,High
C0647,Claim Received,2026-06-28 16:00:00.000000,Customer Service,Completed,High
C0647,Initial Review,2026-06-28 17:35:37.854862,Customer Service,Completed,High
C0647,Technical Assessment,2026-06-29 05:12:52.450570,Technical,Completed,High
C0647,Quality Review,2026-06-29 21:12:39.579119,Quality,Completed,High
C0647,Technical Assessment,2026-06-30 11:16:43.088277,Technical,Completed,High
C0647,Quality Review,2026-07-01 11:34:56.781778,Quality,Completed,High
C0647,Decision,2026-07-01 15:23:03.351396,Quality,Completed,High
C0647,Customer Notification,2026-07-01 16:11:10.636726,Customer Service,Completed,High
C0647,Case Closed,2026-07-01 20:31:05.184987,Customer Service,Completed,High
C0648,Claim Received,2026-02-22 14:00:00.000000,Customer Service,Completed,Medium
C0648,Initial Review,2026-02-22 15:27:03.004101,Customer Service,Completed,Medium
C0648,Technical Assessment,2026-02-23 05:02:12.568352,Technical,Completed,Medium
C0648,Quality Review,2026-02-24 02:01:08.443175,Quality,Completed,Medium
C0648,Decision,2026-02-24 06:05:14.219421,Quality,Completed,Medium
C0648,Customer Notification,2026-02-24 09:08:51.512957,Customer Service,Completed,Medium
C0648,Case Closed,2026-02-24 14:42:42.507784,Customer Service,Completed,Medium
C0649,Claim Received,2026-01-25 14:00:00.000000,Customer Service,Completed,High
C0649,Initial Review,2026-01-25 15:18:50.434469,Customer Service,Completed,High
C0649,Technical Assessment,2026-01-25 20:00:34.213619,Technical,Completed,High
C0649,Quality Review,2026-01-26 22:51:05.445206,Quality,Completed,High
C0649,Technical Assessment,2026-01-27 10:13:54.048583,Technical,Completed,High
C0649,Quality Review,2026-01-28 03:23:36.985488,Quality,Completed,High
C0649,Decision,2026-01-28 07:20:14.970689,Quality,Completed,High
C0649,Customer Notification,2026-01-28 09:32:41.716864,Customer Service,Completed,High
C0649,Case Closed,2026-01-28 12:46:44.438481,Customer Service,Completed,High
C0650,Claim Received,2026-01-01 17:00:00.000000,Customer Service,Completed,Medium
C0650,Initial Review,2026-01-01 20:59:45.063442,Customer Service,Completed,Medium
C0650,Technical Assessment,2026-01-02 02:04:39.452968,Technical,Completed,Medium
C0650,Quality Review,2026-01-05 02:04:26.412002,Quality,Completed,Medium
C0650,Decision,2026-01-05 05:53:08.271044,Quality,Completed,Medium
C0650,Customer Notification,2026-01-05 08:02:16.189616,Customer Service,Completed,Medium
C0650,Case Closed,2026-01-05 09:47:29.645868,Customer Service,Completed,Medium
C0651,Claim Received,2026-03-08 14:00:00.000000,Customer Service,Completed,Medium
C0651,Initial Review,2026-03-08 15:53:51.323205,Customer Service,Completed,Medium
C0651,Request Additional Information,2026-03-09 22:31:19.698055,Customer Service,Completed,Medium
C0651,Initial Review,2026-03-10 03:33:11.818909,Customer Service,Completed,Medium
C0651,Technical Assessment,2026-03-10 17:48:38.420077,Technical,Completed,Medium
C0651,Quality Review,2026-03-11 15:31:04.934724,Quality,Completed,Medium
C0651,Decision,2026-03-11 18:29:00.024355,Quality,Completed,Medium
C0651,Customer Notification,2026-03-11 21:00:15.305008,Customer Service,Completed,Medium
C0651,Case Closed,2026-03-11 22:03:43.900871,Customer Service,Completed,Medium
C0652,Claim Received,2026-01-14 12:00:00.000000,Customer Service,Completed,Medium
C0652,Initial Review,2026-01-14 15:07:29.661620,Customer Service,Completed,Medium
C0652,Request Additional Information,2026-01-15 07:17:57.872783,Customer Service,Completed,Medium
C0652,Initial Review,2026-01-15 12:50:25.668434,Customer Service,Completed,Medium
C0652,Technical Assessment,2026-01-16 03:46:28.246390,Technical,Completed,Medium
C0652,Quality Review,2026-01-17 12:02:04.396689,Quality,Completed,Medium
C0652,Decision,2026-01-17 14:42:16.514893,Quality,Completed,Medium
C0652,Customer Notification,2026-01-17 16:58:36.418237,Customer Service,Completed,Medium
C0652,Case Closed,2026-01-17 22:19:42.075594,Customer Service,Completed,Medium
C0653,Claim Received,2026-06-01 12:00:00.000000,Customer Service,Completed,Critical
C0653,Initial Review,2026-06-01 12:59:38.517445,Customer Service,Completed,Critical
C0653,Technical Assessment,2026-06-01 20:05:14.762362,Technical,Completed,Critical
C0653,Quality Review,2026-06-02 02:40:11.845806,Quality,Completed,Critical
C0653,Decision,2026-06-02 04:02:04.601419,Quality,Completed,Critical
C0653,Customer Notification,2026-06-02 05:05:06.963672,Customer Service,Completed,Critical
C0653,Case Closed,2026-06-02 07:18:04.452419,Customer Service,Completed,Critical
C0654,Claim Received,2026-01-07 16:00:00.000000,Customer Service,Completed,Medium
C0654,Initial Review,2026-01-07 18:20:10.239339,Customer Service,Completed,Medium
C0654,Technical Assessment,2026-01-08 04:10:30.075122,Technical,Completed,Medium
C0654,Quality Review,2026-01-10 13:36:29.598931,Quality,Completed,Medium
C0654,Decision,2026-01-10 16:16:41.957821,Quality,Completed,Medium
C0654,Customer Notification,2026-01-10 18:52:19.658000,Customer Service,Completed,Medium
C0654,Case Closed,2026-01-10 20:44:53.863661,Customer Service,Completed,Medium
C0655,Claim Received,2026-05-07 14:00:00.000000,Customer Service,Completed,Low
C0655,Initial Review,2026-05-07 20:33:22.680246,Customer Service,Completed,Low
C0655,Technical Assessment,2026-05-08 09:03:04.387698,Technical,Completed,Low
C0655,Quality Review,2026-05-10 01:54:42.993434,Quality,Completed,Low
C0655,Decision,2026-05-10 11:01:27.336327,Quality,Completed,Low
C0655,Customer Notification,2026-05-10 20:46:12.711007,Customer Service,Completed,Low
C0655,Case Closed,2026-05-11 06:14:55.644316,Customer Service,Completed,Low
C0656,Claim Received,2026-01-26 14:00:00.000000,Customer Service,Completed,High
C0656,Initial Review,2026-01-26 16:51:01.904838,Customer Service,Completed,High
C0656,Technical Assessment,2026-01-26 23:50:00.901770,Technical,Completed,High
C0656,Quality Review,2026-01-27 15:13:54.172347,Quality,Completed,High
C0656,Decision,2026-01-27 17:42:52.488829,Quality,Completed,High
C0656,Customer Notification,2026-01-27 20:14:47.060631,Customer Service,Completed,High
C0656,Case Closed,2026-01-27 21:21:48.739877,Customer Service,Completed,High
C0657,Claim Received,2026-05-27 12:00:00.000000,Customer Service,Completed,High
C0657,Initial Review,2026-05-27 16:46:46.825079,Customer Service,Completed,High
C0657,Technical Assessment,2026-05-28 02:01:05.660637,Technical,Completed,High
C0657,Quality Review,2026-05-30 22:48:26.820910,Quality,Completed,High
C0657,Technical Assessment,2026-05-31 08:25:43.729083,Technical,Completed,High
C0657,Quality Review,2026-06-01 11:59:23.986819,Quality,Completed,High
C0657,Technical Assessment,2026-06-01 22:54:18.954399,Technical,Completed,High
C0657,Quality Review,2026-06-04 08:35:43.075634,Quality,Completed,High
C0657,Decision,2026-06-04 12:06:32.104214,Quality,Completed,High
C0657,Customer Notification,2026-06-04 16:33:37.036377,Customer Service,Completed,High
C0657,Case Closed,2026-06-04 18:11:19.799681,Customer Service,Completed,High
C0658,Claim Received,2026-04-29 17:00:00.000000,Customer Service,Completed,Medium
C0658,Initial Review,2026-04-29 21:57:04.647981,Customer Service,Completed,Medium
C0658,Request Additional Information,2026-04-30 13:26:54.989560,Customer Service,Completed,Medium
C0658,Initial Review,2026-04-30 17:59:37.142737,Customer Service,Completed,Medium
C0658,Technical Assessment,2026-05-01 06:33:11.011195,Technical,Completed,Medium
C0658,Quality Review,2026-05-02 09:10:35.926903,Quality,Completed,Medium
C0658,Decision,2026-05-02 13:42:04.446286,Quality,Completed,Medium
C0658,Customer Notification,2026-05-02 16:19:32.191867,Customer Service,Completed,Medium
C0658,Case Closed,2026-05-02 20:06:50.020076,Customer Service,Completed,Medium
C0659,Claim Received,2026-02-08 15:00:00.000000,Customer Service,Completed,High
C0659,Initial Review,2026-02-08 19:13:02.726241,Customer Service,Completed,High
C0659,Technical Assessment,2026-02-09 04:22:42.657805,Technical,Completed,High
C0659,Quality Review,2026-02-09 21:28:03.691662,Quality,Completed,High
C0659,Decision,2026-02-10 02:14:20.561650,Quality,Completed,High
C0659,Customer Notification,2026-02-10 03:13:39.739242,Customer Service,Completed,High
C0659,Case Closed,2026-02-10 07:58:02.978918,Customer Service,Completed,High
C0660,Claim Received,2026-03-19 12:00:00.000000,Customer Service,Completed,Medium
C0660,Initial Review,2026-03-19 16:45:15.435351,Customer Service,Completed,Medium
C0660,Request Additional Information,2026-03-20 21:34:47.897175,Customer Service,Completed,Medium
C0660,Initial Review,2026-03-21 01:30:16.761164,Customer Service,Completed,Medium
C0660,Technical Assessment,2026-03-21 13:24:47.339979,Technical,Completed,Medium
C0660,Quality Review,2026-03-22 19:46:18.169605,Quality,Completed,Medium
C0660,Decision,2026-03-22 23:28:30.143515,Quality,Completed,Medium
C0660,Customer Notification,2026-03-23 03:26:38.690105,Customer Service,Completed,Medium
C0660,Case Closed,2026-03-23 07:07:55.358886,Customer Service,Completed,Medium
C0661,Claim Received,2026-04-12 11:00:00.000000,Customer Service,Completed,Low
C0661,Initial Review,2026-04-12 13:28:04.191698,Customer Service,Completed,Low
C0661,Technical Assessment,2026-04-12 23:07:44.017776,Technical,Completed,Low
C0661,Quality Review,2026-04-14 11:36:53.580402,Quality,Completed,Low
C0661,Technical Assessment,2026-04-15 08:51:37.240823,Technical,Completed,Low
C0661,Quality Review,2026-04-16 09:23:55.153467,Quality,Completed,Low
C0661,Decision,2026-04-16 18:16:55.048326,Quality,Completed,Low
C0661,Customer Notification,2026-04-16 22:15:20.724072,Customer Service,Completed,Low
C0661,Case Closed,2026-04-17 03:26:28.190951,Customer Service,Completed,Low
C0662,Claim Received,2026-05-09 16:00:00.000000,Customer Service,Completed,Medium
C0662,Initial Review,2026-05-09 19:39:45.151174,Customer Service,Completed,Medium
C0662,Technical Assessment,2026-05-10 05:19:05.035991,Technical,Completed,Medium
C0662,Quality Review,2026-05-11 00:11:19.923884,Quality,Completed,Medium
C0662,Decision,2026-05-11 03:07:50.428435,Quality,Completed,Medium
C0662,Customer Notification,2026-05-11 09:43:52.189702,Customer Service,Completed,Medium
C0662,Case Closed,2026-05-11 14:52:49.783103,Customer Service,Completed,Medium
C0663,Claim Received,2026-01-26 14:00:00.000000,Customer Service,Completed,High
C0663,Initial Review,2026-01-26 17:07:14.272734,Customer Service,Completed,High
C0663,Request Additional Information,2026-01-27 14:46:00.462550,Customer Service,Completed,High
C0663,Initial Review,2026-01-27 15:40:58.652905,Customer Service,Completed,High
C0663,Technical Assessment,2026-01-28 01:42:42.001394,Technical,Completed,High
C0663,Quality Review,2026-01-28 12:51:26.563337,Quality,Completed,High
C0663,Decision,2026-01-28 23:32:37.473312,Quality,Completed,High
C0663,Customer Notification,2026-01-29 01:48:26.253376,Customer Service,Completed,High
C0663,Case Closed,2026-01-29 05:06:33.383167,Customer Service,Completed,High
C0664,Claim Received,2026-06-03 18:00:00.000000,Customer Service,Completed,Low
C0664,Initial Review,2026-06-03 21:32:09.730696,Customer Service,Completed,Low
C0664,Technical Assessment,2026-06-04 05:34:44.280542,Technical,Completed,Low
C0664,Quality Review,2026-06-05 09:09:45.759833,Quality,Completed,Low
C0664,Technical Assessment,2026-06-05 17:58:59.550679,Technical,Completed,Low
C0664,Quality Review,2026-06-07 04:54:41.879424,Quality,Completed,Low
C0664,Technical Assessment,2026-06-07 11:56:24.554882,Technical,Completed,Low
C0664,Quality Review,2026-06-08 03:13:47.205045,Quality,Completed,Low
C0664,Decision,2026-06-08 08:56:09.485688,Quality,Completed,Low
C0664,Customer Notification,2026-06-08 11:43:59.231108,Customer Service,Completed,Low
C0664,Case Closed,2026-06-08 13:59:39.793603,Customer Service,Completed,Low
C0665,Claim Received,2026-03-26 10:00:00.000000,Customer Service,Completed,High
C0665,Initial Review,2026-03-26 11:46:46.033737,Customer Service,Completed,High
C0665,Technical Assessment,2026-03-26 15:45:42.074126,Technical,Completed,High
C0665,Quality Review,2026-03-27 14:27:23.545174,Quality,Completed,High
C0665,Decision,2026-03-27 18:33:05.127839,Quality,Completed,High
C0665,Customer Notification,2026-03-27 20:16:34.254538,Customer Service,Completed,High
C0665,Case Closed,2026-03-28 00:54:23.331896,Customer Service,Completed,High
C0666,Claim Received,2026-06-05 18:00:00.000000,Customer Service,Completed,High
C0666,Initial Review,2026-06-05 22:45:24.606922,Customer Service,Completed,High
C0666,Technical Assessment,2026-06-06 06:52:05.778503,Technical,Completed,High
C0666,Quality Review,2026-06-06 17:36:58.205469,Quality,Completed,High
C0666,Decision,2026-06-06 23:11:31.363200,Quality,Completed,High
C0666,Customer Notification,2026-06-07 00:05:16.155012,Customer Service,Completed,High
C0666,Case Closed,2026-06-07 04:35:50.569590,Customer Service,Completed,High
C0667,Claim Received,2026-01-27 10:00:00.000000,Customer Service,Completed,High
C0667,Initial Review,2026-01-27 14:11:17.813515,Customer Service,Completed,High
C0667,Technical Assessment,2026-01-27 23:52:55.832588,Technical,Completed,High
C0667,Quality Review,2026-01-28 23:20:40.072730,Quality,Completed,High
C0667,Decision,2026-01-29 04:05:45.032071,Quality,Completed,High
C0667,Customer Notification,2026-01-29 05:28:45.145390,Customer Service,Completed,High
C0667,Case Closed,2026-01-29 07:20:14.056331,Customer Service,Completed,High
C0668,Claim Received,2026-05-06 11:00:00.000000,Customer Service,Completed,Medium
C0668,Initial Review,2026-05-06 15:47:05.650396,Customer Service,Completed,Medium
C0668,Request Additional Information,2026-05-08 04:35:45.207872,Customer Service,Completed,Medium
C0668,Initial Review,2026-05-08 07:50:51.978720,Customer Service,Completed,Medium
C0668,Technical Assessment,2026-05-09 07:24:37.184471,Technical,Completed,Medium
C0668,Quality Review,2026-05-09 22:46:14.997362,Quality,Completed,Medium
C0668,Decision,2026-05-10 00:55:35.311880,Quality,Completed,Medium
C0668,Customer Notification,2026-05-10 03:37:01.537759,Customer Service,Completed,Medium
C0668,Case Closed,2026-05-10 06:09:01.466907,Customer Service,Completed,Medium
C0669,Claim Received,2026-04-23 18:00:00.000000,Customer Service,Completed,Medium
C0669,Initial Review,2026-04-23 20:28:27.833096,Customer Service,Completed,Medium
C0669,Technical Assessment,2026-04-24 10:12:19.991924,Technical,Completed,Medium
C0669,Quality Review,2026-04-25 05:13:17.552683,Quality,Completed,Medium
C0669,Decision,2026-04-25 22:40:59.751676,Quality,Completed,Medium
C0669,Customer Notification,2026-04-26 00:19:05.701746,Customer Service,Completed,Medium
C0669,Case Closed,2026-04-26 04:14:21.927682,Customer Service,Completed,Medium
C0670,Claim Received,2026-05-13 14:00:00.000000,Customer Service,Completed,High
C0670,Initial Review,2026-05-13 16:42:28.430430,Customer Service,Completed,High
C0670,Request Additional Information,2026-05-15 06:18:47.205902,Customer Service,Completed,High
C0670,Initial Review,2026-05-15 09:27:41.956031,Customer Service,Completed,High
C0670,Technical Assessment,2026-05-15 18:31:22.920771,Technical,Completed,High
C0670,Quality Review,2026-05-16 21:54:13.729470,Quality,Completed,High
C0670,Decision,2026-05-17 03:41:00.846923,Quality,Completed,High
C0670,Customer Notification,2026-05-17 05:38:42.593311,Customer Service,Completed,High
C0670,Case Closed,2026-05-17 09:07:12.518676,Customer Service,Completed,High
C0671,Claim Received,2026-02-08 12:00:00.000000,Customer Service,Completed,Medium
C0671,Initial Review,2026-02-08 16:02:35.542237,Customer Service,Completed,Medium
C0671,Technical Assessment,2026-02-08 21:43:02.949793,Technical,Completed,Medium
C0671,Quality Review,2026-02-09 21:41:18.426978,Quality,Completed,Medium
C0671,Decision,2026-02-10 15:11:02.077420,Quality,Completed,Medium
C0671,Customer Notification,2026-02-10 18:25:21.648498,Customer Service,Completed,Medium
C0671,Case Closed,2026-02-10 23:21:39.985934,Customer Service,Completed,Medium
C0672,Claim Received,2026-01-09 14:00:00.000000,Customer Service,Completed,Medium
C0672,Initial Review,2026-01-09 18:07:55.236516,Customer Service,Completed,Medium
C0672,Request Additional Information,2026-01-11 00:23:56.415194,Customer Service,Completed,Medium
C0672,Initial Review,2026-01-11 06:12:26.226426,Customer Service,Completed,Medium
C0672,Technical Assessment,2026-01-11 17:44:07.772612,Technical,Completed,Medium
C0672,Quality Review,2026-01-13 00:53:07.871053,Quality,Completed,Medium
C0672,Decision,2026-01-13 06:01:23.565045,Quality,Completed,Medium
C0672,Customer Notification,2026-01-13 09:24:54.079575,Customer Service,Completed,Medium
C0672,Case Closed,2026-01-13 15:05:48.081453,Customer Service,Completed,Medium
C0673,Claim Received,2026-02-15 08:00:00.000000,Customer Service,Completed,High
C0673,Initial Review,2026-02-15 12:43:03.035861,Customer Service,Completed,High
C0673,Technical Assessment,2026-02-15 19:01:30.890651,Technical,Completed,High
C0673,Quality Review,2026-02-16 18:42:19.161514,Quality,Completed,High
C0673,Decision,2026-02-17 00:39:17.277432,Quality,Completed,High
C0673,Customer Notification,2026-02-17 02:10:53.131218,Customer Service,Completed,High
C0673,Case Closed,2026-02-17 03:57:25.875803,Customer Service,Completed,High
C0674,Claim Received,2026-01-14 13:00:00.000000,Customer Service,Completed,Low
C0674,Initial Review,2026-01-14 18:56:24.348341,Customer Service,Completed,Low
C0674,Technical Assessment,2026-01-15 07:46:31.874579,Technical,Completed,Low
C0674,Quality Review,2026-01-16 11:53:07.266844,Quality,Completed,Low
C0674,Decision,2026-01-16 18:31:43.889395,Quality,Completed,Low
C0674,Customer Notification,2026-01-17 01:22:06.371528,Customer Service,Completed,Low
C0674,Case Closed,2026-01-17 05:08:49.093556,Customer Service,Completed,Low
C0675,Claim Received,2026-06-14 11:00:00.000000,Customer Service,Completed,Medium
C0675,Initial Review,2026-06-14 14:56:40.875754,Customer Service,Completed,Medium
C0675,Request Additional Information,2026-06-16 06:08:39.254917,Customer Service,Completed,Medium
C0675,Initial Review,2026-06-16 08:24:10.714916,Customer Service,Completed,Medium
C0675,Technical Assessment,2026-06-16 16:11:36.172315,Technical,Completed,Medium
C0675,Quality Review,2026-06-17 12:04:50.616416,Quality,Completed,Medium
C0675,Decision,2026-06-17 15:46:59.739631,Quality,Completed,Medium
C0675,Customer Notification,2026-06-17 17:34:33.098595,Customer Service,Completed,Medium
C0675,Case Closed,2026-06-17 20:16:53.659706,Customer Service,Completed,Medium
C0676,Claim Received,2026-01-29 10:00:00.000000,Customer Service,Completed,Medium
C0676,Initial Review,2026-01-29 13:26:16.447938,Customer Service,Completed,Medium
C0676,Technical Assessment,2026-01-30 07:04:43.909200,Technical,Completed,Medium
C0676,Quality Review,2026-01-30 22:59:38.416652,Quality,Completed,Medium
C0676,Decision,2026-01-31 03:35:09.938867,Quality,Completed,Medium
C0676,Customer Notification,2026-01-31 07:21:43.128507,Customer Service,Completed,Medium
C0676,Case Closed,2026-01-31 11:33:05.022064,Customer Service,Completed,Medium
C0677,Claim Received,2026-03-01 11:00:00.000000,Customer Service,Completed,High
C0677,Initial Review,2026-03-01 13:01:43.684877,Customer Service,Completed,High
C0677,Technical Assessment,2026-03-02 00:48:45.760136,Technical,Completed,High
C0677,Quality Review,2026-03-02 23:33:35.425761,Quality,Completed,High
C0677,Decision,2026-03-03 02:10:09.270248,Quality,Completed,High
C0677,Customer Notification,2026-03-03 03:44:46.603546,Customer Service,Completed,High
C0677,Case Closed,2026-03-03 06:07:52.459358,Customer Service,Completed,High
C0678,Claim Received,2026-03-25 16:00:00.000000,Customer Service,Completed,High
C0678,Initial Review,2026-03-25 20:43:28.623477,Customer Service,Completed,High
C0678,Technical Assessment,2026-03-26 08:45:30.968339,Technical,Completed,High
C0678,Quality Review,2026-03-26 23:31:50.734177,Quality,Completed,High
C0678,Decision,2026-03-27 03:23:46.577503,Quality,Completed,High
C0678,Customer Notification,2026-03-27 04:55:29.838068,Customer Service,Completed,High
C0678,Case Closed,2026-03-27 07:03:35.437239,Customer Service,Completed,High
C0679,Claim Received,2026-04-19 17:00:00.000000,Customer Service,Completed,Medium
C0679,Initial Review,2026-04-19 19:58:03.759708,Customer Service,Completed,Medium
C0679,Request Additional Information,2026-04-21 11:24:27.827340,Customer Service,Completed,Medium
C0679,Initial Review,2026-04-21 17:15:04.066488,Customer Service,Completed,Medium
C0679,Technical Assessment,2026-04-22 08:31:34.752617,Technical,Completed,Medium
C0679,Quality Review,2026-04-26 03:45:13.749576,Quality,Completed,Medium
C0679,Decision,2026-04-26 09:58:47.470026,Quality,Completed,Medium
C0679,Customer Notification,2026-04-26 13:07:47.535165,Customer Service,Completed,Medium
C0679,Case Closed,2026-04-26 15:59:50.088526,Customer Service,Completed,Medium
C0680,Claim Received,2026-05-24 11:00:00.000000,Customer Service,Completed,Medium
C0680,Initial Review,2026-05-24 15:59:14.543104,Customer Service,Completed,Medium
C0680,Request Additional Information,2026-05-25 19:49:51.911323,Customer Service,Completed,Medium
C0680,Initial Review,2026-05-25 21:12:11.595767,Customer Service,Completed,Medium
C0680,Technical Assessment,2026-05-26 11:19:23.192882,Technical,Completed,Medium
C0680,Quality Review,2026-05-27 13:33:13.231947,Quality,Completed,Medium
C0680,Decision,2026-05-27 21:14:02.127355,Quality,Completed,Medium
C0680,Customer Notification,2026-05-27 23:24:14.807920,Customer Service,Completed,Medium
C0680,Case Closed,2026-05-28 03:56:11.603758,Customer Service,Completed,Medium
C0681,Claim Received,2026-01-16 09:00:00.000000,Customer Service,Completed,Medium
C0681,Initial Review,2026-01-16 10:16:50.062199,Customer Service,Completed,Medium
C0681,Technical Assessment,2026-01-16 21:48:40.006085,Technical,Completed,Medium
C0681,Quality Review,2026-01-17 16:37:57.938533,Quality,Completed,Medium
C0681,Technical Assessment,2026-01-18 08:57:52.765406,Technical,Completed,Medium
C0681,Quality Review,2026-01-19 20:25:01.010114,Quality,Completed,Medium
C0681,Technical Assessment,2026-01-20 11:57:26.269331,Technical,Completed,Medium
C0681,Quality Review,2026-01-21 14:06:45.707943,Quality,Completed,Medium
C0681,Decision,2026-01-21 19:29:01.373857,Quality,Completed,Medium
C0681,Customer Notification,2026-01-21 21:28:02.068679,Customer Service,Completed,Medium
C0681,Case Closed,2026-01-22 01:46:14.502834,Customer Service,Completed,Medium
C0682,Claim Received,2026-02-05 09:00:00.000000,Customer Service,Completed,High
C0682,Initial Review,2026-02-05 13:16:58.444675,Customer Service,Completed,High
C0682,Request Additional Information,2026-02-06 20:10:04.003370,Customer Service,Completed,High
C0682,Initial Review,2026-02-06 22:24:45.709793,Customer Service,Completed,High
C0682,Technical Assessment,2026-02-07 09:58:55.765153,Technical,Completed,High
C0682,Quality Review,2026-02-08 01:45:01.749281,Quality,Completed,High
C0682,Decision,2026-02-08 05:05:20.630845,Quality,Completed,High
C0682,Customer Notification,2026-02-08 08:13:13.860923,Customer Service,Completed,High
C0682,Case Closed,2026-02-08 11:26:05.944159,Customer Service,Completed,High
C0683,Claim Received,2026-04-20 14:00:00.000000,Customer Service,Completed,Medium
C0683,Initial Review,2026-04-20 19:01:49.166589,Customer Service,Completed,Medium
C0683,Technical Assessment,2026-04-21 10:40:25.558649,Technical,Completed,Medium
C0683,Quality Review,2026-04-22 22:25:30.720622,Quality,Completed,Medium
C0683,Decision,2026-04-23 03:49:10.155842,Quality,Completed,Medium
C0683,Customer Notification,2026-04-23 07:41:55.869041,Customer Service,Completed,Medium
C0683,Case Closed,2026-04-23 10:20:03.129241,Customer Service,Completed,Medium
C0684,Claim Received,2026-01-18 09:00:00.000000,Customer Service,Completed,Medium
C0684,Initial Review,2026-01-18 12:49:35.522504,Customer Service,Completed,Medium
C0684,Technical Assessment,2026-01-19 03:45:17.168311,Technical,Completed,Medium
C0684,Quality Review,2026-01-20 10:55:15.428710,Quality,Completed,Medium
C0684,Decision,2026-01-20 13:26:50.402229,Quality,Completed,Medium
C0684,Customer Notification,2026-01-20 16:16:38.742245,Customer Service,Completed,Medium
C0684,Case Closed,2026-01-20 21:02:13.074530,Customer Service,Completed,Medium
C0685,Claim Received,2026-04-26 10:00:00.000000,Customer Service,Completed,Medium
C0685,Initial Review,2026-04-26 14:15:07.986563,Customer Service,Completed,Medium
C0685,Technical Assessment,2026-04-27 03:19:19.115679,Technical,Completed,Medium
C0685,Quality Review,2026-04-28 03:59:13.602490,Quality,Completed,Medium
C0685,Decision,2026-04-28 10:54:30.106668,Quality,Completed,Medium
C0685,Customer Notification,2026-04-28 11:58:22.128777,Customer Service,Completed,Medium
C0685,Case Closed,2026-04-28 13:00:16.499996,Customer Service,Completed,Medium
C0686,Claim Received,2026-04-20 10:00:00.000000,Customer Service,Completed,Medium
C0686,Initial Review,2026-04-20 12:17:39.353103,Customer Service,Completed,Medium
C0686,Technical Assessment,2026-04-21 01:44:16.084059,Technical,Completed,Medium
C0686,Quality Review,2026-04-22 00:43:25.970945,Quality,Completed,Medium
C0686,Decision,2026-04-22 07:20:36.412034,Quality,Completed,Medium
C0686,Customer Notification,2026-04-22 09:24:26.581393,Customer Service,Completed,Medium
C0686,Case Closed,2026-04-22 14:44:36.957605,Customer Service,Completed,Medium
C0687,Claim Received,2026-02-16 09:00:00.000000,Customer Service,Completed,Medium
C0687,Initial Review,2026-02-16 10:07:52.040829,Customer Service,Completed,Medium
C0687,Request Additional Information,2026-02-18 04:32:24.942796,Customer Service,Completed,Medium
C0687,Initial Review,2026-02-18 08:14:26.315313,Customer Service,Completed,Medium
C0687,Technical Assessment,2026-02-18 16:49:30.352132,Technical,Completed,Medium
C0687,Quality Review,2026-02-19 10:20:51.325227,Quality,Completed,Medium
C0687,Decision,2026-02-19 14:09:54.602577,Quality,Completed,Medium
C0687,Customer Notification,2026-02-19 15:58:42.244330,Customer Service,Completed,Medium
C0687,Case Closed,2026-02-19 18:03:52.488898,Customer Service,Completed,Medium
C0688,Claim Received,2026-04-23 09:00:00.000000,Customer Service,Completed,High
C0688,Initial Review,2026-04-23 13:08:11.864299,Customer Service,Completed,High
C0688,Technical Assessment,2026-04-23 21:18:32.027590,Technical,Completed,High
C0688,Quality Review,2026-04-24 21:06:54.797892,Quality,Completed,High
C0688,Decision,2026-04-25 00:51:35.715941,Quality,Completed,High
C0688,Customer Notification,2026-04-25 02:09:12.378734,Customer Service,Completed,High
C0688,Case Closed,2026-04-25 06:12:41.170330,Customer Service,Completed,High
C0689,Claim Received,2026-05-13 09:00:00.000000,Customer Service,Completed,Critical
C0689,Initial Review,2026-05-13 09:54:25.946971,Customer Service,Completed,Critical
C0689,Technical Assessment,2026-05-13 18:29:31.480281,Technical,Completed,Critical
C0689,Quality Review,2026-05-14 04:47:33.943477,Quality,Completed,Critical
C0689,Decision,2026-05-14 07:02:17.324445,Quality,Completed,Critical
C0689,Customer Notification,2026-05-14 07:40:27.595727,Customer Service,Completed,Critical
C0689,Case Closed,2026-05-14 09:22:09.406314,Customer Service,Completed,Critical
C0690,Claim Received,2026-04-08 14:00:00.000000,Customer Service,Completed,Low
C0690,Initial Review,2026-04-08 17:36:06.660316,Customer Service,Completed,Low
C0690,Technical Assessment,2026-04-09 04:21:37.773223,Technical,Completed,Low
C0690,Quality Review,2026-04-10 18:51:09.684151,Quality,Completed,Low
C0690,Technical Assessment,2026-04-11 13:53:45.121504,Technical,Completed,Low
C0690,Quality Review,2026-04-13 09:05:14.698071,Quality,Completed,Low
C0690,Decision,2026-04-13 16:07:16.342350,Quality,Completed,Low
C0690,Customer Notification,2026-04-13 19:01:05.186851,Customer Service,Completed,Low
C0690,Case Closed,2026-04-13 21:51:59.055245,Customer Service,Completed,Low
C0691,Claim Received,2026-03-05 10:00:00.000000,Customer Service,Completed,Low
C0691,Initial Review,2026-03-05 14:35:14.911768,Customer Service,Completed,Low
C0691,Technical Assessment,2026-03-05 22:00:15.174652,Technical,Completed,Low
C0691,Quality Review,2026-03-07 10:21:29.177959,Quality,Completed,Low
C0691,Decision,2026-03-07 18:32:06.874630,Quality,Completed,Low
C0691,Customer Notification,2026-03-07 22:06:52.815016,Customer Service,Completed,Low
C0691,Case Closed,2026-03-08 01:48:14.144615,Customer Service,Completed,Low
C0692,Claim Received,2026-02-08 18:00:00.000000,Customer Service,Completed,Critical
C0692,Initial Review,2026-02-08 18:57:14.532230,Customer Service,Completed,Critical
C0692,Technical Assessment,2026-02-08 21:43:11.199944,Technical,Completed,Critical
C0692,Quality Review,2026-02-09 09:41:25.592858,Quality,Completed,Critical
C0692,Decision,2026-02-09 12:33:58.967724,Quality,Completed,Critical
C0692,Customer Notification,2026-02-09 13:27:50.946987,Customer Service,Completed,Critical
C0692,Case Closed,2026-02-09 15:55:20.367077,Customer Service,Completed,Critical
C0693,Claim Received,2026-02-06 14:00:00.000000,Customer Service,Completed,Low
C0693,Initial Review,2026-02-06 15:28:44.388121,Customer Service,Completed,Low
C0693,Technical Assessment,2026-02-07 06:20:02.120316,Technical,Completed,Low
C0693,Quality Review,2026-02-09 15:12:00.119091,Quality,Completed,Low
C0693,Technical Assessment,2026-02-10 11:04:22.091361,Technical,Completed,Low
C0693,Quality Review,2026-02-12 05:55:57.786936,Quality,Completed,Low
C0693,Decision,2026-02-12 11:45:27.655404,Quality,Completed,Low
C0693,Customer Notification,2026-02-12 16:02:23.235332,Customer Service,Completed,Low
C0693,Case Closed,2026-02-12 18:02:46.391882,Customer Service,Completed,Low
C0694,Claim Received,2026-05-01 12:00:00.000000,Customer Service,Completed,Medium
C0694,Initial Review,2026-05-01 13:38:27.575001,Customer Service,Completed,Medium
C0694,Technical Assessment,2026-05-01 22:45:32.944420,Technical,Completed,Medium
C0694,Quality Review,2026-05-03 03:57:02.585695,Quality,Completed,Medium
C0694,Decision,2026-05-03 10:26:34.914283,Quality,Completed,Medium
C0694,Customer Notification,2026-05-03 12:01:54.814925,Customer Service,Completed,Medium
C0694,Case Closed,2026-05-03 13:40:51.351947,Customer Service,Completed,Medium
C0695,Claim Received,2026-01-25 14:00:00.000000,Customer Service,Completed,Low
C0695,Initial Review,2026-01-25 16:53:37.675216,Customer Service,Completed,Low
C0695,Technical Assessment,2026-01-26 01:53:24.296674,Technical,Completed,Low
C0695,Quality Review,2026-01-27 13:18:53.835414,Quality,Completed,Low
C0695,Decision,2026-01-27 20:49:48.970769,Quality,Completed,Low
C0695,Customer Notification,2026-01-28 00:09:25.539935,Customer Service,Completed,Low
C0695,Case Closed,2026-01-28 07:16:58.627182,Customer Service,Completed,Low
C0696,Claim Received,2026-04-06 18:00:00.000000,Customer Service,Completed,Medium
C0696,Initial Review,2026-04-06 19:43:33.977987,Customer Service,Completed,Medium
C0696,Technical Assessment,2026-04-07 11:38:11.698356,Technical,Completed,Medium
C0696,Quality Review,2026-04-08 18:49:51.946130,Quality,Completed,Medium
C0696,Technical Assessment,2026-04-09 09:56:59.366886,Technical,Completed,Medium
C0696,Quality Review,2026-04-09 22:17:36.764410,Quality,Completed,Medium
C0696,Decision,2026-04-10 05:18:20.952805,Quality,Completed,Medium
C0696,Customer Notification,2026-04-10 11:52:36.093295,Customer Service,Completed,Medium
C0696,Case Closed,2026-04-10 15:16:50.068012,Customer Service,Completed,Medium
C0697,Claim Received,2026-05-28 14:00:00.000000,Customer Service,Completed,High
C0697,Initial Review,2026-05-28 16:36:30.299241,Customer Service,Completed,High
C0697,Technical Assessment,2026-05-29 02:46:01.621685,Technical,Completed,High
C0697,Quality Review,2026-05-29 14:37:45.279848,Quality,Completed,High
C0697,Decision,2026-05-29 19:55:05.150849,Quality,Completed,High
C0697,Customer Notification,2026-05-29 21:31:39.030517,Customer Service,Completed,High
C0697,Case Closed,2026-05-29 23:20:55.126218,Customer Service,Completed,High
C0698,Claim Received,2026-06-19 09:00:00.000000,Customer Service,Completed,Medium
C0698,Initial Review,2026-06-19 13:20:24.228330,Customer Service,Completed,Medium
C0698,Technical Assessment,2026-06-20 00:36:25.503601,Technical,Completed,Medium
C0698,Quality Review,2026-06-20 21:22:37.985532,Quality,Completed,Medium
C0698,Decision,2026-06-21 05:09:56.662209,Quality,Completed,Medium
C0698,Customer Notification,2026-06-21 06:50:49.612813,Customer Service,Completed,Medium
C0698,Case Closed,2026-06-21 08:24:10.078207,Customer Service,Completed,Medium
C0699,Claim Received,2026-03-20 15:00:00.000000,Customer Service,Completed,High
C0699,Initial Review,2026-03-20 17:32:40.763149,Customer Service,Completed,High
C0699,Technical Assessment,2026-03-20 21:40:26.002421,Technical,Completed,High
C0699,Quality Review,2026-03-21 16:57:52.506059,Quality,Completed,High
C0699,Decision,2026-03-21 23:04:57.301219,Quality,Completed,High
C0699,Customer Notification,2026-03-22 00:21:01.046994,Customer Service,Completed,High
C0699,Case Closed,2026-03-22 05:24:45.273351,Customer Service,Completed,High
C0700,Claim Received,2026-06-03 10:00:00.000000,Customer Service,Completed,Medium
C0700,Initial Review,2026-06-03 13:48:51.894063,Customer Service,Completed,Medium
C0700,Request Additional Information,2026-06-04 03:30:22.474715,Customer Service,Completed,Medium
C0700,Initial Review,2026-06-04 07:12:12.704381,Customer Service,Completed,Medium
C0700,Technical Assessment,2026-06-05 01:09:50.316725,Technical,Completed,Medium
C0700,Quality Review,2026-06-05 16:58:26.299203,Quality,Completed,Medium
C0700,Decision,2026-06-05 22:47:00.297742,Quality,Completed,Medium
C0700,Customer Notification,2026-06-06 00:27:43.878682,Customer Service,Completed,Medium
C0700,Case Closed,2026-06-06 05:02:33.426036,Customer Service,Completed,Medium
C0701,Claim Received,2026-02-21 12:00:00.000000,Customer Service,Completed,Medium
C0701,Initial Review,2026-02-21 13:14:40.419279,Customer Service,Completed,Medium
C0701,Technical Assessment,2026-02-21 22:51:24.410601,Technical,Completed,Medium
C0701,Quality Review,2026-02-22 23:22:43.486611,Quality,Completed,Medium
C0701,Technical Assessment,2026-02-23 10:03:01.396397,Technical,Completed,Medium
C0701,Quality Review,2026-02-24 15:22:03.113171,Quality,Completed,Medium
C0701,Technical Assessment,2026-02-24 20:24:56.585563,Technical,Completed,Medium
C0701,Quality Review,2026-02-26 00:27:02.168292,Quality,Completed,Medium
C0701,Decision,2026-02-26 06:51:04.914887,Quality,Completed,Medium
C0701,Customer Notification,2026-02-26 08:03:06.514760,Customer Service,Completed,Medium
C0701,Case Closed,2026-02-26 09:45:11.973622,Customer Service,Completed,Medium
C0702,Claim Received,2026-03-04 14:00:00.000000,Customer Service,Completed,Critical
C0702,Initial Review,2026-03-04 16:27:56.815646,Customer Service,Completed,Critical
C0702,Technical Assessment,2026-03-04 21:12:10.007186,Technical,Completed,Critical
C0702,Quality Review,2026-03-05 13:12:53.021134,Quality,Completed,Critical
C0702,Decision,2026-03-05 17:06:17.280448,Quality,Completed,Critical
C0702,Customer Notification,2026-03-05 18:56:37.528348,Customer Service,Completed,Critical
C0702,Case Closed,2026-03-05 21:17:34.423213,Customer Service,Completed,Critical
C0703,Claim Received,2026-06-22 12:00:00.000000,Customer Service,Completed,Medium
C0703,Initial Review,2026-06-23 02:24:31.568144,Customer Service,Completed,Medium
C0703,Technical Assessment,2026-06-23 08:03:03.085608,Technical,Completed,Medium
C0703,Quality Review,2026-06-23 22:30:48.780604,Quality,Completed,Medium
C0703,Decision,2026-06-24 03:20:24.742183,Quality,Completed,Medium
C0703,Customer Notification,2026-06-24 05:14:12.022109,Customer Service,Completed,Medium
C0703,Case Closed,2026-06-24 09:57:04.433263,Customer Service,Completed,Medium
C0704,Claim Received,2026-03-29 12:00:00.000000,Customer Service,Completed,Critical
C0704,Initial Review,2026-03-29 20:37:16.173559,Customer Service,Completed,Critical
C0704,Technical Assessment,2026-03-30 04:29:13.205193,Technical,Completed,Critical
C0704,Quality Review,2026-03-30 18:00:35.213347,Quality,Completed,Critical
C0704,Decision,2026-03-30 19:30:54.538251,Quality,Completed,Critical
C0704,Customer Notification,2026-03-30 21:18:48.271412,Customer Service,Completed,Critical
C0704,Case Closed,2026-03-30 22:32:28.233747,Customer Service,Completed,Critical
C0705,Claim Received,2026-06-03 13:00:00.000000,Customer Service,Completed,High
C0705,Initial Review,2026-06-03 14:45:54.613366,Customer Service,Completed,High
C0705,Technical Assessment,2026-06-03 23:30:14.135607,Technical,Completed,High
C0705,Quality Review,2026-06-04 17:24:26.967512,Quality,Completed,High
C0705,Decision,2026-06-04 19:30:44.652393,Quality,Completed,High
C0705,Customer Notification,2026-06-04 22:20:02.340392,Customer Service,Completed,High
C0705,Case Closed,2026-06-05 02:45:10.471940,Customer Service,Completed,High
C0706,Claim Received,2026-03-06 13:00:00.000000,Customer Service,Completed,High
C0706,Initial Review,2026-03-06 14:07:56.544386,Customer Service,Completed,High
C0706,Technical Assessment,2026-03-07 02:21:34.121236,Technical,Completed,High
C0706,Quality Review,2026-03-07 21:27:46.868066,Quality,Completed,High
C0706,Decision,2026-03-08 02:15:28.928328,Quality,Completed,High
C0706,Customer Notification,2026-03-08 04:55:56.093780,Customer Service,Completed,High
C0706,Case Closed,2026-03-08 07:58:29.752729,Customer Service,Completed,High
C0707,Claim Received,2026-06-20 14:00:00.000000,Customer Service,Completed,Medium
C0707,Initial Review,2026-06-20 15:12:37.822162,Customer Service,Completed,Medium
C0707,Technical Assessment,2026-06-21 06:56:43.386867,Technical,Completed,Medium
C0707,Quality Review,2026-06-21 21:18:40.416237,Quality,Completed,Medium
C0707,Decision,2026-06-22 05:06:41.775639,Quality,Completed,Medium
C0707,Customer Notification,2026-06-22 07:51:07.093872,Customer Service,Completed,Medium
C0707,Case Closed,2026-06-22 11:52:15.597842,Customer Service,Completed,Medium
C0708,Claim Received,2026-06-15 15:00:00.000000,Customer Service,Completed,Low
C0708,Initial Review,2026-06-15 21:18:48.233520,Customer Service,Completed,Low
C0708,Request Additional Information,2026-06-17 10:17:48.707105,Customer Service,Completed,Low
C0708,Initial Review,2026-06-17 16:22:32.977606,Customer Service,Completed,Low
C0708,Technical Assessment,2026-06-18 10:14:24.086693,Technical,Completed,Low
C0708,Quality Review,2026-06-19 01:22:42.501119,Quality,Completed,Low
C0708,Decision,2026-06-19 03:57:08.324569,Quality,Completed,Low
C0708,Customer Notification,2026-06-19 05:30:28.827006,Customer Service,Completed,Low
C0708,Case Closed,2026-06-19 11:31:09.764322,Customer Service,Completed,Low
C0709,Claim Received,2026-06-24 13:00:00.000000,Customer Service,Completed,Medium
C0709,Initial Review,2026-06-24 15:45:42.812102,Customer Service,Completed,Medium
C0709,Technical Assessment,2026-06-24 23:38:05.088902,Technical,Completed,Medium
C0709,Quality Review,2026-06-25 19:25:22.960534,Quality,Completed,Medium
C0709,Technical Assessment,2026-06-26 08:18:37.249858,Technical,Completed,Medium
C0709,Quality Review,2026-06-27 00:09:52.408207,Quality,Completed,Medium
C0709,Decision,2026-06-27 07:20:43.638934,Quality,Completed,Medium
C0709,Customer Notification,2026-06-27 10:34:03.250454,Customer Service,Completed,Medium
C0709,Case Closed,2026-06-27 15:28:20.678506,Customer Service,Completed,Medium
C0710,Claim Received,2026-04-01 17:00:00.000000,Customer Service,Completed,Low
C0710,Initial Review,2026-04-01 21:25:45.870997,Customer Service,Completed,Low
C0710,Technical Assessment,2026-04-02 18:27:23.722333,Technical,Completed,Low
C0710,Quality Review,2026-04-03 17:39:52.712327,Quality,Completed,Low
C0710,Decision,2026-04-03 20:42:56.722332,Quality,Completed,Low
C0710,Customer Notification,2026-04-04 00:09:15.246781,Customer Service,Completed,Low
C0710,Case Closed,2026-04-04 05:53:37.039515,Customer Service,Completed,Low
C0711,Claim Received,2026-03-28 15:00:00.000000,Customer Service,Completed,Medium
C0711,Initial Review,2026-03-28 20:28:44.044154,Customer Service,Completed,Medium
C0711,Technical Assessment,2026-03-29 13:54:33.184236,Technical,Completed,Medium
C0711,Quality Review,2026-03-30 04:35:05.108296,Quality,Completed,Medium
C0711,Technical Assessment,2026-03-30 21:18:30.156731,Technical,Completed,Medium
C0711,Quality Review,2026-03-31 22:45:36.085848,Quality,Completed,Medium
C0711,Decision,2026-04-01 03:59:22.380007,Quality,Completed,Medium
C0711,Customer Notification,2026-04-01 07:04:35.249744,Customer Service,Completed,Medium
C0711,Case Closed,2026-04-01 08:31:45.009658,Customer Service,Completed,Medium
C0712,Claim Received,2026-03-09 10:00:00.000000,Customer Service,Completed,Medium
C0712,Initial Review,2026-03-09 14:34:45.985808,Customer Service,Completed,Medium
C0712,Technical Assessment,2026-03-10 00:08:02.525475,Technical,Completed,Medium
C0712,Quality Review,2026-03-10 14:37:15.814169,Quality,Completed,Medium
C0712,Technical Assessment,2026-03-11 06:01:30.297697,Technical,Completed,Medium
C0712,Quality Review,2026-03-12 01:04:44.316861,Quality,Completed,Medium
C0712,Decision,2026-03-12 03:34:20.087446,Quality,Completed,Medium
C0712,Customer Notification,2026-03-12 10:33:18.255620,Customer Service,Completed,Medium
C0712,Case Closed,2026-03-12 14:17:42.025515,Customer Service,Completed,Medium
C0713,Claim Received,2026-06-27 11:00:00.000000,Customer Service,Completed,Medium
C0713,Initial Review,2026-06-27 13:13:36.331289,Customer Service,Completed,Medium
C0713,Technical Assessment,2026-06-28 02:17:50.241891,Technical,Completed,Medium
C0713,Quality Review,2026-06-28 14:35:43.187701,Quality,Completed,Medium
C0713,Decision,2026-06-28 16:43:11.905099,Quality,Completed,Medium
C0713,Customer Notification,2026-06-28 20:14:01.556873,Customer Service,Completed,Medium
C0713,Case Closed,2026-06-28 23:59:23.627644,Customer Service,Completed,Medium
C0714,Claim Received,2026-05-29 14:00:00.000000,Customer Service,Completed,High
C0714,Initial Review,2026-05-29 17:18:32.473566,Customer Service,Completed,High
C0714,Technical Assessment,2026-05-30 07:28:31.038836,Technical,Completed,High
C0714,Quality Review,2026-05-31 06:38:41.317414,Quality,Completed,High
C0714,Decision,2026-05-31 12:06:04.520170,Quality,Completed,High
C0714,Customer Notification,2026-05-31 13:47:23.294426,Customer Service,Completed,High
C0714,Case Closed,2026-05-31 18:20:14.973702,Customer Service,Completed,High
C0715,Claim Received,2026-02-04 13:00:00.000000,Customer Service,Completed,Critical
C0715,Initial Review,2026-02-04 15:38:59.502299,Customer Service,Completed,Critical
C0715,Technical Assessment,2026-02-04 19:22:41.265281,Technical,Completed,Critical
C0715,Quality Review,2026-02-05 02:55:23.899232,Quality,Completed,Critical
C0715,Decision,2026-02-05 06:16:33.460212,Quality,Completed,Critical
C0715,Customer Notification,2026-02-05 07:29:22.443845,Customer Service,Completed,Critical
C0715,Case Closed,2026-02-05 10:00:27.725958,Customer Service,Completed,Critical
C0716,Claim Received,2026-06-15 16:00:00.000000,Customer Service,Completed,High
C0716,Initial Review,2026-06-15 20:05:03.516475,Customer Service,Completed,High
C0716,Request Additional Information,2026-06-16 13:26:07.271325,Customer Service,Completed,High
C0716,Initial Review,2026-06-16 16:04:34.711069,Customer Service,Completed,High
C0716,Technical Assessment,2026-06-17 01:53:46.368367,Technical,Completed,High
C0716,Quality Review,2026-06-20 16:03:13.092017,Quality,Completed,High
C0716,Decision,2026-06-20 19:48:22.623759,Quality,Completed,High
C0716,Customer Notification,2026-06-20 22:45:22.695450,Customer Service,Completed,High
C0716,Case Closed,2026-06-21 02:22:53.545254,Customer Service,Completed,High
C0717,Claim Received,2026-03-12 17:00:00.000000,Customer Service,Completed,Critical
C0717,Initial Review,2026-03-12 18:07:48.108662,Customer Service,Completed,Critical
C0717,Technical Assessment,2026-03-12 20:19:23.048391,Technical,Completed,Critical
C0717,Quality Review,2026-03-13 07:29:34.905662,Quality,Completed,Critical
C0717,Decision,2026-03-13 08:53:35.158963,Quality,Completed,Critical
C0717,Customer Notification,2026-03-13 10:23:08.883431,Customer Service,Completed,Critical
C0717,Case Closed,2026-03-13 12:37:43.737190,Customer Service,Completed,Critical
C0718,Claim Received,2026-05-11 14:00:00.000000,Customer Service,Completed,High
C0718,Initial Review,2026-05-11 15:22:36.956187,Customer Service,Completed,High
C0718,Technical Assessment,2026-05-12 02:12:27.848325,Technical,Completed,High
C0718,Quality Review,2026-05-12 11:56:16.159944,Quality,Completed,High
C0718,Decision,2026-05-12 16:57:21.484920,Quality,Completed,High
C0718,Customer Notification,2026-05-12 18:02:35.549351,Customer Service,Completed,High
C0718,Case Closed,2026-05-12 21:17:54.995974,Customer Service,Completed,High
C0719,Claim Received,2026-03-05 17:00:00.000000,Customer Service,Completed,High
C0719,Initial Review,2026-03-05 20:53:41.772519,Customer Service,Completed,High
C0719,Request Additional Information,2026-03-10 01:54:10.159465,Customer Service,Completed,High
C0719,Initial Review,2026-03-10 06:25:05.256447,Customer Service,Completed,High
C0719,Technical Assessment,2026-03-10 13:20:03.033788,Technical,Completed,High
C0719,Quality Review,2026-03-11 06:40:56.775138,Quality,Completed,High
C0719,Decision,2026-03-11 11:34:19.675989,Quality,Completed,High
C0719,Customer Notification,2026-03-11 13:17:14.027716,Customer Service,Completed,High
C0719,Case Closed,2026-03-11 17:28:34.651551,Customer Service,Completed,High
C0720,Claim Received,2026-04-21 12:00:00.000000,Customer Service,Completed,Medium
C0720,Initial Review,2026-04-21 15:29:54.272825,Customer Service,Completed,Medium
C0720,Technical Assessment,2026-04-22 01:07:06.231665,Technical,Completed,Medium
C0720,Quality Review,2026-04-23 12:46:25.184056,Quality,Completed,Medium
C0720,Decision,2026-04-23 16:48:43.139741,Quality,Completed,Medium
C0720,Customer Notification,2026-04-24 00:31:36.439411,Customer Service,Completed,Medium
C0720,Case Closed,2026-04-24 04:33:27.309092,Customer Service,Completed,Medium
C0721,Claim Received,2026-02-13 08:00:00.000000,Customer Service,Completed,Medium
C0721,Initial Review,2026-02-13 13:49:04.795612,Customer Service,Completed,Medium
C0721,Technical Assessment,2026-02-13 17:52:59.711325,Technical,Completed,Medium
C0721,Quality Review,2026-02-14 06:32:48.978784,Quality,Completed,Medium
C0721,Decision,2026-02-14 11:55:37.656353,Quality,Completed,Medium
C0721,Customer Notification,2026-02-14 15:47:39.342727,Customer Service,Completed,Medium
C0721,Case Closed,2026-02-14 19:53:55.045872,Customer Service,Completed,Medium
C0722,Claim Received,2026-06-24 10:00:00.000000,Customer Service,Completed,Medium
C0722,Initial Review,2026-06-24 13:59:54.929495,Customer Service,Completed,Medium
C0722,Technical Assessment,2026-06-25 06:28:43.342521,Technical,Completed,Medium
C0722,Quality Review,2026-06-26 15:35:26.998523,Quality,Completed,Medium
C0722,Decision,2026-06-26 18:29:02.153212,Quality,Completed,Medium
C0722,Customer Notification,2026-06-26 21:45:25.223226,Customer Service,Completed,Medium
C0722,Case Closed,2026-06-27 01:26:41.840476,Customer Service,Completed,Medium
C0723,Claim Received,2026-03-21 12:00:00.000000,Customer Service,Completed,High
C0723,Initial Review,2026-03-21 13:13:51.958896,Customer Service,Completed,High
C0723,Technical Assessment,2026-03-21 23:02:25.046010,Technical,Completed,High
C0723,Quality Review,2026-03-22 10:33:17.800897,Quality,Completed,High
C0723,Technical Assessment,2026-03-22 15:29:37.586558,Technical,Completed,High
C0723,Quality Review,2026-03-23 07:34:18.446168,Quality,Completed,High
C0723,Decision,2026-03-23 12:19:57.118843,Quality,Completed,High
C0723,Customer Notification,2026-03-23 15:00:51.420136,Customer Service,Completed,High
C0723,Case Closed,2026-03-23 18:29:20.773290,Customer Service,Completed,High
C0724,Claim Received,2026-05-06 11:00:00.000000,Customer Service,Completed,Low
C0724,Initial Review,2026-05-07 04:53:34.696600,Customer Service,Completed,Low
C0724,Technical Assessment,2026-05-07 10:40:40.287309,Technical,Completed,Low
C0724,Quality Review,2026-05-08 14:54:50.585100,Quality,Completed,Low
C0724,Decision,2026-05-08 22:03:48.972929,Quality,Completed,Low
C0724,Customer Notification,2026-05-09 01:23:30.059399,Customer Service,Completed,Low
C0724,Case Closed,2026-05-09 03:08:14.654442,Customer Service,Completed,Low
C0725,Claim Received,2026-06-29 16:00:00.000000,Customer Service,Completed,Medium
C0725,Initial Review,2026-06-29 19:36:30.110724,Customer Service,Completed,Medium
C0725,Technical Assessment,2026-06-30 08:36:47.315454,Technical,Completed,Medium
C0725,Quality Review,2026-06-30 23:51:52.413227,Quality,Completed,Medium
C0725,Technical Assessment,2026-07-01 07:57:57.554550,Technical,Completed,Medium
C0725,Quality Review,2026-07-02 05:40:03.725155,Quality,Completed,Medium
C0725,Decision,2026-07-02 10:36:37.776568,Quality,Completed,Medium
C0725,Customer Notification,2026-07-02 12:34:30.133156,Customer Service,Completed,Medium
C0725,Case Closed,2026-07-02 15:31:08.688947,Customer Service,Completed,Medium
C0726,Claim Received,2026-06-25 08:00:00.000000,Customer Service,Completed,Medium
C0726,Initial Review,2026-06-25 18:54:47.707011,Customer Service,Completed,Medium
C0726,Request Additional Information,2026-06-27 16:59:50.376253,Customer Service,Completed,Medium
C0726,Initial Review,2026-06-27 20:56:04.833716,Customer Service,Completed,Medium
C0726,Technical Assessment,2026-06-28 08:32:01.300110,Technical,Completed,Medium
C0726,Quality Review,2026-06-29 14:16:33.109480,Quality,Completed,Medium
C0726,Decision,2026-06-29 16:33:32.792538,Quality,Completed,Medium
C0726,Customer Notification,2026-06-29 18:07:25.773855,Customer Service,Completed,Medium
C0726,Case Closed,2026-06-29 19:23:09.608449,Customer Service,Completed,Medium
C0727,Claim Received,2026-05-15 10:00:00.000000,Customer Service,Completed,High
C0727,Initial Review,2026-05-15 12:50:05.936405,Customer Service,Completed,High
C0727,Technical Assessment,2026-05-15 16:32:09.075378,Technical,Completed,High
C0727,Quality Review,2026-05-16 10:54:53.072621,Quality,Completed,High
C0727,Technical Assessment,2026-05-16 16:35:46.659881,Technical,Completed,High
C0727,Quality Review,2026-05-17 15:54:20.729619,Quality,Completed,High
C0727,Decision,2026-05-17 20:14:50.120933,Quality,Completed,High
C0727,Customer Notification,2026-05-17 21:09:20.941677,Customer Service,Completed,High
C0727,Case Closed,2026-05-18 01:33:25.559742,Customer Service,Completed,High
C0728,Claim Received,2026-06-18 13:00:00.000000,Customer Service,Completed,Critical
C0728,Initial Review,2026-06-18 15:57:39.617685,Customer Service,Completed,Critical
C0728,Technical Assessment,2026-06-18 23:44:49.237410,Technical,Completed,Critical
C0728,Quality Review,2026-06-20 23:54:26.472889,Quality,Completed,Critical
C0728,Decision,2026-06-21 01:19:56.502619,Quality,Completed,Critical
C0728,Customer Notification,2026-06-21 02:50:06.579769,Customer Service,Completed,Critical
C0728,Case Closed,2026-06-21 04:23:32.145172,Customer Service,Completed,Critical
C0729,Claim Received,2026-02-22 18:00:00.000000,Customer Service,Completed,Medium
C0729,Initial Review,2026-02-22 22:40:59.404230,Customer Service,Completed,Medium
C0729,Technical Assessment,2026-02-23 12:20:49.579588,Technical,Completed,Medium
C0729,Quality Review,2026-02-24 10:16:28.062950,Quality,Completed,Medium
C0729,Technical Assessment,2026-02-25 02:53:22.283479,Technical,Completed,Medium
C0729,Quality Review,2026-02-26 02:36:24.188340,Quality,Completed,Medium
C0729,Decision,2026-02-26 08:21:57.389639,Quality,Completed,Medium
C0729,Customer Notification,2026-02-26 11:27:14.208716,Customer Service,Completed,Medium
C0729,Case Closed,2026-02-26 15:46:07.543263,Customer Service,Completed,Medium
C0730,Claim Received,2026-05-06 09:00:00.000000,Customer Service,Completed,Low
C0730,Initial Review,2026-05-06 11:18:00.544929,Customer Service,Completed,Low
C0730,Technical Assessment,2026-05-07 07:57:03.613903,Technical,Completed,Low
C0730,Quality Review,2026-05-08 17:57:39.906589,Quality,Completed,Low
C0730,Decision,2026-05-08 23:13:41.368198,Quality,Completed,Low
C0730,Customer Notification,2026-05-09 01:27:11.142739,Customer Service,Completed,Low
C0730,Case Closed,2026-05-09 03:18:14.571068,Customer Service,Completed,Low
C0731,Claim Received,2026-01-23 16:00:00.000000,Customer Service,Completed,High
C0731,Initial Review,2026-01-23 20:11:08.941866,Customer Service,Completed,High
C0731,Request Additional Information,2026-01-26 21:45:37.819448,Customer Service,Completed,High
C0731,Initial Review,2026-01-27 00:28:32.824400,Customer Service,Completed,High
C0731,Technical Assessment,2026-01-27 04:06:06.244660,Technical,Completed,High
C0731,Quality Review,2026-01-27 15:18:25.231659,Quality,Completed,High
C0731,Decision,2026-01-27 17:13:49.910145,Quality,Completed,High
C0731,Customer Notification,2026-01-27 18:55:14.502568,Customer Service,Completed,High
C0731,Case Closed,2026-01-27 21:29:19.645550,Customer Service,Completed,High
C0732,Claim Received,2026-02-18 11:00:00.000000,Customer Service,Completed,Medium
C0732,Initial Review,2026-02-19 00:52:25.148495,Customer Service,Completed,Medium
C0732,Request Additional Information,2026-02-19 13:23:06.912264,Customer Service,Completed,Medium
C0732,Initial Review,2026-02-19 18:40:57.688264,Customer Service,Completed,Medium
C0732,Technical Assessment,2026-02-20 01:08:24.350154,Technical,Completed,Medium
C0732,Quality Review,2026-02-21 10:46:39.377348,Quality,Completed,Medium
C0732,Decision,2026-02-21 15:03:28.119169,Quality,Completed,Medium
C0732,Customer Notification,2026-02-21 17:34:28.540814,Customer Service,Completed,Medium
C0732,Case Closed,2026-02-21 21:42:38.386128,Customer Service,Completed,Medium
C0733,Claim Received,2026-04-23 09:00:00.000000,Customer Service,Completed,Low
C0733,Initial Review,2026-04-23 15:15:37.921744,Customer Service,Completed,Low
C0733,Request Additional Information,2026-04-24 18:05:37.594444,Customer Service,Completed,Low
C0733,Initial Review,2026-04-24 22:34:35.458964,Customer Service,Completed,Low
C0733,Technical Assessment,2026-04-25 05:14:50.862562,Technical,Completed,Low
C0733,Quality Review,2026-04-28 21:12:24.299231,Quality,Completed,Low
C0733,Decision,2026-04-29 04:47:39.204657,Quality,Completed,Low
C0733,Customer Notification,2026-04-29 11:52:05.200033,Customer Service,Completed,Low
C0733,Case Closed,2026-04-29 18:28:38.023658,Customer Service,Completed,Low
C0734,Claim Received,2026-01-15 14:00:00.000000,Customer Service,Completed,Low
C0734,Initial Review,2026-01-15 19:48:43.821357,Customer Service,Completed,Low
C0734,Technical Assessment,2026-01-16 04:23:02.674461,Technical,Completed,Low
C0734,Quality Review,2026-01-17 11:01:00.740917,Quality,Completed,Low
C0734,Decision,2026-01-17 18:05:19.260256,Quality,Completed,Low
C0734,Customer Notification,2026-01-17 22:39:45.513995,Customer Service,Completed,Low
C0734,Case Closed,2026-01-18 01:33:26.832530,Customer Service,Completed,Low
C0735,Claim Received,2026-06-24 15:00:00.000000,Customer Service,Completed,High
C0735,Initial Review,2026-06-24 18:15:01.562424,Customer Service,Completed,High
C0735,Technical Assessment,2026-06-25 08:30:56.814404,Technical,Completed,High
C0735,Quality Review,2026-06-26 11:46:07.575632,Quality,Completed,High
C0735,Decision,2026-06-26 15:56:37.512445,Quality,Completed,High
C0735,Customer Notification,2026-06-26 17:05:25.192391,Customer Service,Completed,High
C0735,Case Closed,2026-06-26 18:35:15.877891,Customer Service,Completed,High
C0736,Claim Received,2026-04-05 08:00:00.000000,Customer Service,Completed,High
C0736,Initial Review,2026-04-05 10:31:37.006853,Customer Service,Completed,High
C0736,Technical Assessment,2026-04-05 14:12:12.819960,Technical,Completed,High
C0736,Quality Review,2026-04-06 16:41:44.943290,Quality,Completed,High
C0736,Technical Assessment,2026-04-07 06:57:20.514609,Technical,Completed,High
C0736,Quality Review,2026-04-08 04:35:04.188306,Quality,Completed,High
C0736,Technical Assessment,2026-04-08 12:19:45.736208,Technical,Completed,High
C0736,Quality Review,2026-04-09 06:46:21.132189,Quality,Completed,High
C0736,Decision,2026-04-09 12:56:38.157343,Quality,Completed,High
C0736,Customer Notification,2026-04-09 14:33:16.760853,Customer Service,Completed,High
C0736,Case Closed,2026-04-09 15:53:13.612225,Customer Service,Completed,High
C0737,Claim Received,2026-05-26 11:00:00.000000,Customer Service,Completed,High
C0737,Initial Review,2026-05-26 15:35:31.272069,Customer Service,Completed,High
C0737,Technical Assessment,2026-05-27 03:34:27.223507,Technical,Completed,High
C0737,Quality Review,2026-05-27 22:04:15.767796,Quality,Completed,High
C0737,Decision,2026-05-28 03:28:22.880895,Quality,Completed,High
C0737,Customer Notification,2026-05-28 05:00:34.488107,Customer Service,Completed,High
C0737,Case Closed,2026-05-28 07:41:25.835391,Customer Service,Completed,High
C0738,Claim Received,2026-06-09 14:00:00.000000,Customer Service,Completed,Critical
C0738,Initial Review,2026-06-09 14:37:37.971378,Customer Service,Completed,Critical
C0738,Technical Assessment,2026-06-09 20:29:20.636832,Technical,Completed,Critical
C0738,Quality Review,2026-06-10 07:06:01.986475,Quality,Completed,Critical
C0738,Decision,2026-06-10 08:38:29.390995,Quality,Completed,Critical
C0738,Customer Notification,2026-06-10 10:10:56.826883,Customer Service,Completed,Critical
C0738,Case Closed,2026-06-10 12:20:59.768719,Customer Service,Completed,Critical
C0739,Claim Received,2026-02-09 18:00:00.000000,Customer Service,Completed,Medium
C0739,Initial Review,2026-02-09 21:00:33.776706,Customer Service,Completed,Medium
C0739,Request Additional Information,2026-02-10 16:07:49.920238,Customer Service,Completed,Medium
C0739,Initial Review,2026-02-10 19:28:24.355981,Customer Service,Completed,Medium
C0739,Technical Assessment,2026-02-11 01:18:04.332218,Technical,Completed,Medium
C0739,Quality Review,2026-02-11 20:53:25.273940,Quality,Completed,Medium
C0739,Decision,2026-02-12 02:33:51.491724,Quality,Completed,Medium
C0739,Customer Notification,2026-02-12 06:11:31.390687,Customer Service,Completed,Medium
C0739,Case Closed,2026-02-12 11:07:36.711301,Customer Service,Completed,Medium
C0740,Claim Received,2026-01-14 13:00:00.000000,Customer Service,Completed,High
C0740,Initial Review,2026-01-14 17:12:37.453325,Customer Service,Completed,High
C0740,Technical Assessment,2026-01-15 06:30:38.180804,Technical,Completed,High
C0740,Quality Review,2026-01-15 19:00:07.855770,Quality,Completed,High
C0740,Decision,2026-01-16 00:38:14.780484,Quality,Completed,High
C0740,Customer Notification,2026-01-16 03:37:10.662512,Customer Service,Completed,High
C0740,Case Closed,2026-01-16 07:43:57.527446,Customer Service,Completed,High
C0741,Claim Received,2026-01-26 16:00:00.000000,Customer Service,Completed,Medium
C0741,Initial Review,2026-01-26 17:47:56.623289,Customer Service,Completed,Medium
C0741,Request Additional Information,2026-01-27 11:40:34.697461,Customer Service,Completed,Medium
C0741,Initial Review,2026-01-27 17:13:38.864291,Customer Service,Completed,Medium
C0741,Technical Assessment,2026-01-28 05:05:26.733486,Technical,Completed,Medium
C0741,Quality Review,2026-01-29 09:53:14.863349,Quality,Completed,Medium
C0741,Decision,2026-01-29 16:58:31.549016,Quality,Completed,Medium
C0741,Customer Notification,2026-01-29 18:18:55.841765,Customer Service,Completed,Medium
C0741,Case Closed,2026-01-29 23:51:41.168602,Customer Service,Completed,Medium
C0742,Claim Received,2026-05-02 14:00:00.000000,Customer Service,Completed,High
C0742,Initial Review,2026-05-02 16:42:27.072648,Customer Service,Completed,High
C0742,Technical Assessment,2026-05-03 02:28:21.663662,Technical,Completed,High
C0742,Quality Review,2026-05-03 19:01:49.661597,Quality,Completed,High
C0742,Decision,2026-05-03 23:22:32.270692,Quality,Completed,High
C0742,Customer Notification,2026-05-04 00:13:23.832310,Customer Service,Completed,High
C0742,Case Closed,2026-05-04 03:42:37.201159,Customer Service,Completed,High
C0743,Claim Received,2026-04-05 09:00:00.000000,Customer Service,Completed,Low
C0743,Initial Review,2026-04-05 11:15:48.286157,Customer Service,Completed,Low
C0743,Technical Assessment,2026-04-06 03:26:35.814806,Technical,Completed,Low
C0743,Quality Review,2026-04-06 21:02:21.372671,Quality,Completed,Low
C0743,Decision,2026-04-07 06:21:15.313912,Quality,Completed,Low
C0743,Customer Notification,2026-04-07 09:50:14.840923,Customer Service,Completed,Low
C0743,Case Closed,2026-04-07 15:47:38.929244,Customer Service,Completed,Low
C0744,Claim Received,2026-05-07 08:00:00.000000,Customer Service,Completed,Critical
C0744,Initial Review,2026-05-07 10:03:16.759752,Customer Service,Completed,Critical
C0744,Technical Assessment,2026-05-07 18:59:47.645247,Technical,Completed,Critical
C0744,Quality Review,2026-05-08 04:01:44.966740,Quality,Completed,Critical
C0744,Decision,2026-05-08 07:58:30.959788,Quality,Completed,Critical
C0744,Customer Notification,2026-05-08 08:30:37.559242,Customer Service,Completed,Critical
C0744,Case Closed,2026-05-08 09:25:39.496516,Customer Service,Completed,Critical
C0745,Claim Received,2026-04-21 13:00:00.000000,Customer Service,Completed,Medium
C0745,Initial Review,2026-04-21 14:12:08.203289,Customer Service,Completed,Medium
C0745,Request Additional Information,2026-04-23 05:33:13.755538,Customer Service,Completed,Medium
C0745,Initial Review,2026-04-23 06:57:18.150886,Customer Service,Completed,Medium
C0745,Technical Assessment,2026-04-23 12:47:02.903642,Technical,Completed,Medium
C0745,Quality Review,2026-04-24 15:45:51.161853,Quality,Completed,Medium
C0745,Decision,2026-04-24 17:52:46.144483,Quality,Completed,Medium
C0745,Customer Notification,2026-04-24 21:35:35.120542,Customer Service,Completed,Medium
C0745,Case Closed,2026-04-24 22:46:22.817384,Customer Service,Completed,Medium
C0746,Claim Received,2026-05-12 14:00:00.000000,Customer Service,Completed,Medium
C0746,Initial Review,2026-05-12 17:02:09.510664,Customer Service,Completed,Medium
C0746,Request Additional Information,2026-05-14 14:58:50.161392,Customer Service,Completed,Medium
C0746,Initial Review,2026-05-14 18:44:33.049082,Customer Service,Completed,Medium
C0746,Technical Assessment,2026-05-15 02:28:33.344589,Technical,Completed,Medium
C0746,Quality Review,2026-05-16 12:31:35.600909,Quality,Completed,Medium
C0746,Decision,2026-05-16 18:31:26.008940,Quality,Completed,Medium
C0746,Customer Notification,2026-05-16 21:03:00.954786,Customer Service,Completed,Medium
C0746,Case Closed,2026-05-17 02:06:14.546270,Customer Service,Completed,Medium
C0747,Claim Received,2026-04-06 09:00:00.000000,Customer Service,Completed,Low
C0747,Initial Review,2026-04-06 11:07:26.532361,Customer Service,Completed,Low
C0747,Technical Assessment,2026-04-07 05:00:32.993835,Technical,Completed,Low
C0747,Quality Review,2026-04-09 01:02:33.050500,Quality,Completed,Low
C0747,Decision,2026-04-09 09:15:10.133972,Quality,Completed,Low
C0747,Customer Notification,2026-04-09 12:40:32.424237,Customer Service,Completed,Low
C0747,Case Closed,2026-04-09 17:37:56.754013,Customer Service,Completed,Low
C0748,Claim Received,2026-06-20 09:00:00.000000,Customer Service,Completed,High
C0748,Initial Review,2026-06-20 12:15:00.938636,Customer Service,Completed,High
C0748,Technical Assessment,2026-06-20 17:00:13.925051,Technical,Completed,High
C0748,Quality Review,2026-06-21 20:23:37.885645,Quality,Completed,High
C0748,Decision,2026-06-22 01:26:29.321710,Quality,Completed,High
C0748,Customer Notification,2026-06-22 03:16:50.177045,Customer Service,Completed,High
C0748,Case Closed,2026-06-22 04:55:17.331234,Customer Service,Completed,High
C0749,Claim Received,2026-02-19 15:00:00.000000,Customer Service,Completed,Medium
C0749,Initial Review,2026-02-19 20:05:15.916720,Customer Service,Completed,Medium
C0749,Technical Assessment,2026-02-20 07:01:19.055844,Technical,Completed,Medium
C0749,Quality Review,2026-02-21 06:16:58.839197,Quality,Completed,Medium
C0749,Decision,2026-02-21 11:50:01.979495,Quality,Completed,Medium
C0749,Customer Notification,2026-02-21 14:09:41.155840,Customer Service,Completed,Medium
C0749,Case Closed,2026-02-21 15:33:33.205227,Customer Service,Completed,Medium
C0750,Claim Received,2026-05-28 11:00:00.000000,Customer Service,Completed,High
C0750,Initial Review,2026-05-28 14:35:59.525091,Customer Service,Completed,High
C0750,Technical Assessment,2026-05-28 18:38:54.965006,Technical,Completed,High
C0750,Quality Review,2026-05-29 10:25:10.509448,Quality,Completed,High
C0750,Decision,2026-05-29 12:47:57.188848,Quality,Completed,High
C0750,Customer Notification,2026-05-29 15:01:14.731723,Customer Service,Completed,High
C0750,Case Closed,2026-05-29 17:50:50.555855,Customer Service,Completed,High
